chr.exposure,pos.exposure,SNP,effect_allele.exposure,other_allele.exposure,beta.exposure,pval.exposure,se.exposure,samplesize.exposure,eaf.exposure,exposure,mr_keep.exposure,pval_origin.exposure,id.exposure
19,48035682,rs79695442,CAAC,CAAG,-0.1739,4.812e-08,0.031861,35373,0.01571,LHB_LSHB,TRUE,reported,LHB_LSHB
19,48664529,rs144755455,A,G,-0.1411,1.239e-12,0.019871,35376,0.04255,LHB_LSHB,TRUE,reported,LHB_LSHB
19,48867407,rs113154454,A,G,-0.1781,8.872e-10,0.029061,35379,0.01836,LHB_LSHB,TRUE,reported,LHB_LSHB
19,48875016,rs144731567,A,G,0.2079,2.535e-12,0.029694,35379,0.01852,LHB_LSHB,TRUE,reported,LHB_LSHB
19,48935176,rs4987162,G,C,-0.0782,1.862e-14,0.010209,35377,0.18499,LHB_LSHB,TRUE,reported,LHB_LSHB
19,49014074,rs79785970,G,C,-0.4379,1e-200,0.011722,35377,0.12745,LHB_LSHB,TRUE,reported,LHB_LSHB
19,49056860,rs3810181,C,A,0.0553,1e-10,0.008551,35377,0.32857,LHB_LSHB,TRUE,reported,LHB_LSHB
19,49060867,rs11669977,G,A,-0.1024,3.731e-24,0.0101,35377,0.1931,LHB_LSHB,TRUE,reported,LHB_LSHB
19,49147702,rs143496485,GAGAGAGAGAGAGAAAGAGAGAA,GAGAGAGAGAAAGAGAGAA,-0.08,4.375e-11,0.012138,35376,0.12343,LHB_LSHB,TRUE,reported,LHB_LSHB
19,49179617,rs143522737,A,T,0.4177,3.506e-17,0.049559,35377,0.00651,LHB_LSHB,TRUE,reported,LHB_LSHB
19,49281634,rs354002,G,A,0.0581,5.201e-13,0.008047,35379,0.44239,LHB_LSHB,TRUE,reported,LHB_LSHB
19,49323853,rs139663039,A,C,-0.2503,8.241e-17,0.030056,35379,0.01798,LHB_LSHB,TRUE,reported,LHB_LSHB
19,49576504,rs10410923,A,G,0.0715,4.137e-09,0.012163,35375,0.12079,LHB_LSHB,TRUE,reported,LHB_LSHB
19,49868203,rs2125346,G,T,0.0637,3.293e-08,0.011529,35378,0.14037,LHB_LSHB,TRUE,reported,LHB_LSHB
