chr.exposure,pos.exposure,SNP,effect_allele.exposure,other_allele.exposure,beta.exposure,pval.exposure,se.exposure,samplesize.exposure,eaf.exposure,exposure,mr_keep.exposure,pval_origin.exposure,id.exposure
12,26888264,rs11048764,C,T,0.0643,2.809e-11,0.00966,35355,0.23371,MANSC4_MANS4,TRUE,reported,MANSC4_MANS4
12,26940652,rs840869,C,G,-0.0753,6.109e-17,0.009004,35354,0.29325,MANSC4_MANS4,TRUE,reported,MANSC4_MANS4
12,27128574,rs146633767,T,G,0.1069,9.718e-10,0.017485,35357,0.06078,MANSC4_MANS4,TRUE,reported,MANSC4_MANS4
12,27416235,rs1269082,A,G,0.0632,3.499e-11,0.009541,35356,0.24745,MANSC4_MANS4,TRUE,reported,MANSC4_MANS4
12,27451703,rs116938207,A,C,0.3944,3.718e-18,0.045401,35356,0.00766,MANSC4_MANS4,TRUE,reported,MANSC4_MANS4
12,27593911,rs7976122,A,G,0.201,1.322e-10,0.031286,35356,0.01795,MANSC4_MANS4,TRUE,reported,MANSC4_MANS4
12,27603082,rs117902081,G,A,0.3689,3.245e-26,0.034828,35356,0.01485,MANSC4_MANS4,TRUE,reported,MANSC4_MANS4
12,27679129,rs61917495,G,T,0.5016,9.167e-23,0.051076,35356,0.0066,MANSC4_MANS4,TRUE,reported,MANSC4_MANS4
12,27752728,rs10771360,T,C,-0.175,2.303e-100,0.008229,35354,0.46907,MANSC4_MANS4,TRUE,reported,MANSC4_MANS4
12,27810906,rs10842992,C,T,0.4786,1e-200,0.00863,35355,0.18727,MANSC4_MANS4,TRUE,reported,MANSC4_MANS4
12,27833591,rs146394243,TT,T,0.1445,2.818e-54,0.009315,35353,0.26598,MANSC4_MANS4,TRUE,reported,MANSC4_MANS4
12,27873055,rs146112900,A,G,0.2597,5.88e-29,0.023255,35354,0.03326,MANSC4_MANS4,TRUE,reported,MANSC4_MANS4
12,27881437,rs34112291,T,A,0.1223,8.762e-09,0.021258,35354,0.03931,MANSC4_MANS4,TRUE,reported,MANSC4_MANS4
12,27882152,rs183831163,A,T,0.3251,3.206e-23,0.032752,35354,0.01586,MANSC4_MANS4,TRUE,reported,MANSC4_MANS4
12,27971851,rs10843045,A,T,-0.1191,2.38e-18,0.013631,35353,0.09993,MANSC4_MANS4,TRUE,reported,MANSC4_MANS4
12,28077137,rs73078037,C,T,0.2291,5.606e-18,0.026515,35354,0.02564,MANSC4_MANS4,TRUE,reported,MANSC4_MANS4
12,28269993,rs148253596,C,A,0.2912,2.106e-16,0.035444,35354,0.0136,MANSC4_MANS4,TRUE,reported,MANSC4_MANS4
12,28476584,rs11049648,TCAA,TCAT,-0.0735,2.055e-16,0.008943,35356,0.31189,MANSC4_MANS4,TRUE,reported,MANSC4_MANS4
12,28727535,rs61920441,C,T,-0.0962,8.85e-12,0.014097,35357,0.09431,MANSC4_MANS4,TRUE,reported,MANSC4_MANS4
