chr.exposure,pos.exposure,SNP,effect_allele.exposure,other_allele.exposure,beta.exposure,pval.exposure,se.exposure,samplesize.exposure,eaf.exposure,exposure,mr_keep.exposure,pval_origin.exposure,id.exposure
17,6825580,rs9908669,A,G,0.0493,1.325e-08,0.008675,35370,0.34613,TNFSF12_TWEAK,TRUE,reported,TNFSF12_TWEAK
17,6937782,rs148511170,G,T,0.0969,1.402e-10,0.015104,35372,0.08124,TNFSF12_TWEAK,TRUE,reported,TNFSF12_TWEAK
17,7265980,rs149822599,T,C,0.2656,7.214e-14,0.035489,35375,0.01331,TNFSF12_TWEAK,TRUE,reported,TNFSF12_TWEAK
17,7269960,rs12449427,C,G,0.0796,7.094e-16,0.009865,35374,0.22595,TNFSF12_TWEAK,TRUE,reported,TNFSF12_TWEAK
17,7411685,rs189310237,T,C,0.203,3.588e-16,0.024903,35368,0.0278,TNFSF12_TWEAK,TRUE,reported,TNFSF12_TWEAK
17,7454288,rs76001008,T,C,0.2081,1.493e-16,0.025203,35374,0.0285,TNFSF12_TWEAK,TRUE,reported,TNFSF12_TWEAK
17,7488684,rs372452045,CA,C,0.0826,9.242e-17,0.009935,35372,0.23228,TNFSF12_TWEAK,TRUE,reported,TNFSF12_TWEAK
17,7545731,rs12948869,A,G,0.3684,1e-200,0.007421,35375,0.2887,TNFSF12_TWEAK,TRUE,reported,TNFSF12_TWEAK
17,7599290,rs79693490,A,G,-0.1815,1.464e-09,0.030009,35379,0.01934,TNFSF12_TWEAK,TRUE,reported,TNFSF12_TWEAK
17,7612859,rs150836621,T,G,0.0906,1.418e-18,0.0103,35379,0.19438,TNFSF12_TWEAK,TRUE,reported,TNFSF12_TWEAK
17,7682044,rs146701070,T,C,0.2717,9.203e-18,0.031654,35377,0.01613,TNFSF12_TWEAK,TRUE,reported,TNFSF12_TWEAK
17,7702893,rs118081933,A,G,-0.2188,1.096e-23,0.021809,35377,0.03481,TNFSF12_TWEAK,TRUE,reported,TNFSF12_TWEAK
17,7728376,rs62062609,T,G,-0.1798,3.163e-44,0.012889,35379,0.11294,TNFSF12_TWEAK,TRUE,reported,TNFSF12_TWEAK
17,7824928,rs2279621,G,C,0.0698,1.44e-16,0.008449,35372,0.38997,TNFSF12_TWEAK,TRUE,reported,TNFSF12_TWEAK
