chr.exposure,pos.exposure,SNP,effect_allele.exposure,other_allele.exposure,beta.exposure,pval.exposure,se.exposure,samplesize.exposure,eaf.exposure,exposure,mr_keep.exposure,pval_origin.exposure,id.exposure
6,109814447,rs372923712,ATTT,ATT,-0.1405,5.748e-14,0.018699,35382,0.04546,METTL24_MET24,TRUE,reported,METTL24_MET24
6,109934917,rs4484552,A,C,-0.433,9.159e-42,0.031981,35367,0.0159,METTL24_MET24,TRUE,reported,METTL24_MET24
6,110083433,rs9400362,A,G,-0.181,2.11e-15,0.022811,35373,0.02959,METTL24_MET24,TRUE,reported,METTL24_MET24
6,110246206,rs2334321,A,G,-0.1339,1.193e-22,0.013671,35372,0.09279,METTL24_MET24,TRUE,reported,METTL24_MET24
6,110344779,rs4947065,C,T,0.1616,8.726e-30,0.014256,35372,0.08207,METTL24_MET24,TRUE,reported,METTL24_MET24
6,110348076,rs62435946,G,C,0.0785,8.277e-11,0.012085,35372,0.12541,METTL24_MET24,TRUE,reported,METTL24_MET24
6,110521932,rs139149450,A,G,-0.1403,3.941e-08,0.025539,35373,0.02471,METTL24_MET24,TRUE,reported,METTL24_MET24
6,110595014,rs79264418,A,G,-0.1327,9.441e-11,0.020492,35373,0.03816,METTL24_MET24,TRUE,reported,METTL24_MET24
