chr.exposure,pos.exposure,SNP,effect_allele.exposure,other_allele.exposure,beta.exposure,pval.exposure,se.exposure,samplesize.exposure,eaf.exposure,exposure,mr_keep.exposure,pval_origin.exposure,id.exposure
1,160682940,rs3796502,A,T,0.0797,5.475e-15,0.010198,35356,0.2203,FCGR3B_FCG3B,TRUE,reported,FCGR3B_FCG3B
1,160741687,rs3766370,T,C,-0.0654,2.705e-13,0.008949,35361,0.32707,FCGR3B_FCG3B,TRUE,reported,FCGR3B_FCG3B
1,160745872,rs144253764,G,T,0.2097,8.158e-12,0.030677,35361,0.02019,FCGR3B_FCG3B,TRUE,reported,FCGR3B_FCG3B
1,160911863,rs111862610,G,A,0.3951,1.037e-26,0.036931,35365,0.01286,FCGR3B_FCG3B,TRUE,reported,FCGR3B_FCG3B
1,161221321,rs71579698,AT,A,-0.0813,8.301e-16,0.0101,35364,0.22585,FCGR3B_FCG3B,TRUE,reported,FCGR3B_FCG3B
1,161228623,rs116664724,A,C,0.3329,8.153e-18,0.038721,35364,0.01248,FCGR3B_FCG3B,TRUE,reported,FCGR3B_FCG3B
1,161263721,rs191551653,G,A,-0.3013,1.696e-11,0.044769,35357,0.00862,FCGR3B_FCG3B,TRUE,reported,FCGR3B_FCG3B
1,161318862,rs141173331,T,C,0.2773,1.37e-09,0.045767,35354,0.00943,FCGR3B_FCG3B,TRUE,reported,FCGR3B_FCG3B
1,161413769,rs143135133,C,A,-0.2312,2.465e-29,0.020561,35350,0.04464,FCGR3B_FCG3B,TRUE,reported,FCGR3B_FCG3B
1,161507237,rs4657040,TCCCC,TTCCC,-0.1503,5.26e-61,0.009121,35350,0.30879,FCGR3B_FCG3B,TRUE,reported,FCGR3B_FCG3B
1,161511740,rs113590334,A,G,0.1844,1.791e-26,0.017319,35351,0.06314,FCGR3B_FCG3B,TRUE,reported,FCGR3B_FCG3B
1,161538973,rs10919544,C,T,0.4088,1e-200,0.006632,35351,0.30913,FCGR3B_FCG3B,TRUE,reported,FCGR3B_FCG3B
1,161606104,rs143940930,A,G,-0.3368,3.964e-08,0.061321,35351,0.00481,FCGR3B_FCG3B,TRUE,reported,FCGR3B_FCG3B
1,161635416,rs146005507,TCAGAATCTC,T,-0.1595,4.769e-15,0.020363,35351,0.04457,FCGR3B_FCG3B,TRUE,reported,FCGR3B_FCG3B
1,161725591,rs1847382,C,G,0.1232,1.591e-48,0.008416,35362,0.46743,FCGR3B_FCG3B,TRUE,reported,FCGR3B_FCG3B
1,162009966,rs72712102,TGGGAG,TGGGAC,-0.0893,2.577e-09,0.014992,35359,0.08716,FCGR3B_FCG3B,TRUE,reported,FCGR3B_FCG3B
1,162245878,rs17459307,A,G,-0.0915,3.61e-08,0.016609,35358,0.06968,FCGR3B_FCG3B,TRUE,reported,FCGR3B_FCG3B
1,162319348,rs147684699,T,C,0.2074,1.883e-19,0.022994,35355,0.03488,FCGR3B_FCG3B,TRUE,reported,FCGR3B_FCG3B
1,162369061,rs737641,AGATGGTGTGTGTGTGTGTGTT,AGGTGGTGTGTGTGTGTGTGTT,0.0625,9.399e-13,0.008755,35356,0.359,FCGR3B_FCG3B,TRUE,reported,FCGR3B_FCG3B
