chr.exposure,pos.exposure,SNP,effect_allele.exposure,other_allele.exposure,beta.exposure,pval.exposure,se.exposure,samplesize.exposure,eaf.exposure,exposure,mr_keep.exposure,pval_origin.exposure,id.exposure
19,54044515,rs116936706,A,G,0.1138,2.965e-12,0.016305,35372,0.07533,lilra5_lira5,TRUE,reported,lilra5_lira5
19,54047380,rs117799865,A,C,-0.1273,4.644e-08,0.023296,35372,0.03477,lilra5_lira5,TRUE,reported,lilra5_lira5
19,54058239,rs375968457,TAAAAAAAAAAAA,T,0.1121,6.335e-11,0.017152,35371,0.06776,lilra5_lira5,TRUE,reported,lilra5_lira5
19,54152784,rs80047999,T,C,0.1567,4.145e-12,0.022605,35371,0.03726,lilra5_lira5,TRUE,reported,lilra5_lira5
19,54162804,rs9636146,A,G,-0.285,3.094e-08,0.051481,35371,0.00669,lilra5_lira5,TRUE,reported,lilra5_lira5
19,54217275,rs372255675,TGGGGGTGGGGG,TGGGGGTGGGGGA,-0.0896,6.626e-12,0.013051,35361,0.12726,lilra5_lira5,TRUE,reported,lilra5_lira5
19,54220560,rs1132606,T,A,-0.0727,1.121e-13,0.00979,35362,0.30114,lilra5_lira5,TRUE,reported,lilra5_lira5
19,54240257,rs11670991,A,G,-0.1141,2.044e-11,0.017023,35370,0.07137,lilra5_lira5,TRUE,reported,lilra5_lira5
19,54272685,rs7259212,T,C,-0.1318,1.622e-23,0.013188,35370,0.1156,lilra5_lira5,TRUE,reported,lilra5_lira5
19,54283564,rs3848620,T,C,0.161,5.571e-71,0.009038,35368,0.33705,lilra5_lira5,TRUE,reported,lilra5_lira5
19,54299381,rs73055464,A,G,0.1267,2.558e-09,0.021267,35368,0.04194,lilra5_lira5,TRUE,reported,lilra5_lira5
19,54301977,rs431001,G,A,0.3593,1e-200,0.006985,35367,0.29065,lilra5_lira5,TRUE,reported,lilra5_lira5
19,54348506,rs142777987,A,G,-0.2078,3.696e-10,0.033161,35370,0.01707,lilra5_lira5,TRUE,reported,lilra5_lira5
19,54395756,rs11665925,G,A,-0.0577,6.123e-09,0.009925,35368,0.24877,lilra5_lira5,TRUE,reported,lilra5_lira5
19,54542656,rs141001499,T,A,-0.1732,4.048e-13,0.023877,35377,0.03234,lilra5_lira5,TRUE,reported,lilra5_lira5
19,54603310,rs1000574,T,C,-0.0611,4.133e-10,0.009778,35377,0.25702,lilra5_lira5,TRUE,reported,lilra5_lira5
19,54754729,rs188411739,T,C,-0.1664,8.584e-09,0.028906,35372,0.02101,lilra5_lira5,TRUE,reported,lilra5_lira5
