chr.exposure,pos.exposure,SNP,effect_allele.exposure,other_allele.exposure,beta.exposure,pval.exposure,se.exposure,samplesize.exposure,eaf.exposure,exposure,mr_keep.exposure,pval_origin.exposure,id.exposure
2,134839032,rs113895547,C,A,-0.3215,1.211e-68,0.018361,35392,0.05207,LCT_LPH,TRUE,reported,LCT_LPH
2,134943409,rs4954200,AAG,AAA,-0.6869,1.458e-166,0.024972,35393,0.02755,LCT_LPH,TRUE,reported,LCT_LPH
2,134948751,rs62168895,T,G,-0.3507,8.011e-62,0.021137,35393,0.04103,LCT_LPH,TRUE,reported,LCT_LPH
2,135085809,rs187160361,A,G,-0.8946,4.197e-21,0.094892,35390,0.00182,LCT_LPH,TRUE,reported,LCT_LPH
2,135204876,rs76396935,A,G,-0.5766,5.854e-28,0.052602,35390,0.00612,LCT_LPH,TRUE,reported,LCT_LPH
2,135631069,rs114440385,A,G,-0.8895,1e-200,0.015027,35389,0.04036,LCT_LPH,TRUE,reported,LCT_LPH
2,135738245,rs7563116,G,C,-0.8926,6.499e-76,0.048411,35391,0.00725,LCT_LPH,TRUE,reported,LCT_LPH
2,135987108,rs16832417,T,C,-0.9351,1e-200,0.009804,35391,0.09111,LCT_LPH,TRUE,reported,LCT_LPH
2,136035544,rs4954555,C,T,-0.839,1e-200,0.024651,35388,0.0283,LCT_LPH,TRUE,reported,LCT_LPH
2,136107122,rs78918822,T,C,-0.905,6.701e-120,0.038871,35392,0.01168,LCT_LPH,TRUE,reported,LCT_LPH
2,136117336,rs11682928,A,G,0.1466,7.335e-53,0.00958,35392,0.24105,LCT_LPH,TRUE,reported,LCT_LPH
2,136148540,rs114538523,C,T,-0.8679,1.676e-99,0.04099,35393,0.0088,LCT_LPH,TRUE,reported,LCT_LPH
2,136171875,rs72282212,C,CA,-0.5316,1e-200,0.007798,35394,0.16428,LCT_LPH,TRUE,reported,LCT_LPH
2,136207597,rs77204862,C,A,-0.2226,2.928e-11,0.033473,35392,0.01491,LCT_LPH,TRUE,reported,LCT_LPH
2,136303478,rs72847653,G,A,-0.122,3.498e-15,0.015499,35392,0.07476,LCT_LPH,TRUE,reported,LCT_LPH
2,136456227,rs72844268,C,T,0.1284,7.815e-23,0.013053,35392,0.11282,LCT_LPH,TRUE,reported,LCT_LPH
2,136602015,rs4954629,A,G,0.2572,1.302e-38,0.019792,35392,0.04435,LCT_LPH,TRUE,reported,LCT_LPH
2,136603586,rs79257970,A,C,-0.4763,4.154e-53,0.03105,35392,0.01913,LCT_LPH,TRUE,reported,LCT_LPH
2,136699396,rs62159481,A,T,-0.7787,2.894e-26,0.073443,35394,0.00314,LCT_LPH,TRUE,reported,LCT_LPH
2,136736342,rs12476818,C,T,-0.2018,8.459e-48,0.013894,35394,0.09828,LCT_LPH,TRUE,reported,LCT_LPH
2,136834382,rs778191,T,G,0.1467,1.39e-30,0.012762,35394,0.11628,LCT_LPH,TRUE,reported,LCT_LPH
