chr.exposure,pos.exposure,SNP,effect_allele.exposure,other_allele.exposure,beta.exposure,pval.exposure,se.exposure,samplesize.exposure,eaf.exposure,exposure,mr_keep.exposure,pval_origin.exposure,id.exposure
4,56059884,rs138239229,G,A,0.2481,1.779e-15,0.031185,35352,0.0173,SPINK2_ISK2,TRUE,reported,SPINK2_ISK2
4,56240640,rs79479126,C,G,0.1721,1.452e-13,0.023284,35348,0.0323,SPINK2_ISK2,TRUE,reported,SPINK2_ISK2
4,56296913,rs2014466,TTTGTTTGTTTGT,TTTGTTTGTTTTT,0.0575,1.531e-08,0.010163,35349,0.21114,SPINK2_ISK2,TRUE,reported,SPINK2_ISK2
4,56307373,rs35271274,C,T,0.1001,2.215e-08,0.017893,35351,0.05638,SPINK2_ISK2,TRUE,reported,SPINK2_ISK2
4,56662840,rs4865138,G,A,-0.0599,1.202e-12,0.008431,35349,0.40332,SPINK2_ISK2,TRUE,reported,SPINK2_ISK2
4,56731369,rs56237026,T,C,0.587,7.092e-62,0.035364,35348,0.01471,SPINK2_ISK2,TRUE,reported,SPINK2_ISK2
4,56758215,rs4865151,G,T,0.1963,4.87e-125,0.008253,35346,0.46372,SPINK2_ISK2,TRUE,reported,SPINK2_ISK2
4,56770717,rs4618375,G,A,0.0498,1.439e-08,0.008785,35346,0.33694,SPINK2_ISK2,TRUE,reported,SPINK2_ISK2
4,56795743,rs78787453,T,C,-0.0848,1.993e-12,0.012054,35350,0.13327,SPINK2_ISK2,TRUE,reported,SPINK2_ISK2
4,56823077,rs11941268,T,C,0.807,1e-200,0.025237,35350,0.02611,SPINK2_ISK2,TRUE,reported,SPINK2_ISK2
4,56823401,rs137942837,AAAAAAAAAAAAAAAAGTGC,AAAAAAAAAAAAAAGTGC,0.801,1e-200,0.025325,35349,0.0263,SPINK2_ISK2,TRUE,reported,SPINK2_ISK2
4,56828960,rs1399002,A,G,-0.1128,3.521e-41,0.008393,35350,0.41481,SPINK2_ISK2,TRUE,reported,SPINK2_ISK2
4,56933353,rs184080847,T,G,0.3958,1.716e-47,0.027342,35352,0.02304,SPINK2_ISK2,TRUE,reported,SPINK2_ISK2
4,57139609,rs34713282,A,G,-0.1067,5.808e-09,0.018326,35350,0.05663,SPINK2_ISK2,TRUE,reported,SPINK2_ISK2
4,57146335,rs6847938,C,T,0.1078,1.736e-19,0.01194,35350,0.13743,SPINK2_ISK2,TRUE,reported,SPINK2_ISK2
4,57152674,rs77513910,C,T,0.2526,4.753e-34,0.020764,35350,0.04035,SPINK2_ISK2,TRUE,reported,SPINK2_ISK2
4,57201247,rs56194929,A,G,0.2723,1.829e-31,0.023335,35350,0.03156,SPINK2_ISK2,TRUE,reported,SPINK2_ISK2
4,57323576,rs2535511,C,T,-0.0889,1.115e-09,0.014593,35350,0.08923,SPINK2_ISK2,TRUE,reported,SPINK2_ISK2
4,57753572,rs78903634,A,T,0.3556,1.237e-33,0.02942,35351,0.02019,SPINK2_ISK2,TRUE,reported,SPINK2_ISK2
