chr.exposure,pos.exposure,SNP,effect_allele.exposure,other_allele.exposure,beta.exposure,pval.exposure,se.exposure,samplesize.exposure,eaf.exposure,exposure,mr_keep.exposure,pval_origin.exposure,id.exposure
1,206816122,rs73084739,A,G,-0.1823,5.517e-10,0.029386,35374,0.02164,CD55_DAF,TRUE,reported,CD55_DAF
1,206816851,rs138969560,C,T,-0.2327,8.876e-09,0.040463,35374,0.01038,CD55_DAF,TRUE,reported,CD55_DAF
1,207095515,rs7529011,A,G,0.1107,1.062e-39,0.008396,35368,0.48728,CD55_DAF,TRUE,reported,CD55_DAF
1,207127988,rs72742944,A,G,-0.2753,3.441e-53,0.017933,35369,0.05632,CD55_DAF,TRUE,reported,CD55_DAF
1,207235624,rs61821051,G,C,-0.3929,1e-200,0.007823,35375,0.22015,CD55_DAF,TRUE,reported,CD55_DAF
1,207310047,rs142478061,A,G,0.2196,5.811e-19,0.024686,35375,0.02928,CD55_DAF,TRUE,reported,CD55_DAF
1,207430500,rs79849936,G,A,0.1677,1.752e-09,0.02786,35377,0.02282,CD55_DAF,TRUE,reported,CD55_DAF
1,207715984,rs3860294,T,C,0.1214,1.289e-40,0.009098,35370,0.29748,CD55_DAF,TRUE,reported,CD55_DAF
1,207726794,rs145638772,T,C,-0.2302,2.212e-19,0.025571,35370,0.02802,CD55_DAF,TRUE,reported,CD55_DAF
1,207944258,rs55886633,G,A,-0.1962,3.571e-15,0.024933,35369,0.02889,CD55_DAF,TRUE,reported,CD55_DAF
1,207985952,rs140647224,C,A,-0.2611,1.224e-11,0.038525,35368,0.01117,CD55_DAF,TRUE,reported,CD55_DAF
1,208072777,rs147568554,G,C,-0.1737,5.902e-14,0.023128,35368,0.03369,CD55_DAF,TRUE,reported,CD55_DAF
1,208227147,rs1262046,T,C,-0.0647,2.754e-10,0.01025,35366,0.21209,CD55_DAF,TRUE,reported,CD55_DAF
