chr.exposure,pos.exposure,SNP,effect_allele.exposure,other_allele.exposure,beta.exposure,pval.exposure,se.exposure,samplesize.exposure,eaf.exposure,exposure,mr_keep.exposure,pval_origin.exposure,id.exposure
12,41276395,rs117903281,T,C,0.3231,7.908e-66,0.018854,35354,0.04765,GXYLT1_GXLT1,TRUE,reported,GXYLT1_GXLT1
12,41313268,rs75586953,T,A,0.7407,2.839e-161,0.027372,35353,0.02261,GXYLT1_GXLT1,TRUE,reported,GXYLT1_GXLT1
12,41428400,rs11180916,T,A,0.2054,4.94e-41,0.015311,35356,0.07706,GXYLT1_GXLT1,TRUE,reported,GXYLT1_GXLT1
12,41625545,rs112881903,C,T,-0.1833,1.902e-08,0.032612,35366,0.01639,GXYLT1_GXLT1,TRUE,reported,GXYLT1_GXLT1
12,41906390,rs79386564,TATAT,AATAT,-0.1104,2.181e-14,0.014451,35363,0.08339,GXYLT1_GXLT1,TRUE,reported,GXYLT1_GXLT1
12,42115895,rs10880245,G,A,-0.2362,3.327e-186,0.008116,35362,0.45732,GXYLT1_GXLT1,TRUE,reported,GXYLT1_GXLT1
12,42126028,rs190407775,GAAACAAACA,AAAACAAACA,1.0934,1e-200,0.022168,35362,0.02059,GXYLT1_GXLT1,TRUE,reported,GXYLT1_GXLT1
12,42260156,rs12370097,G,A,-0.1191,1.063e-16,0.014354,35362,0.08825,GXYLT1_GXLT1,TRUE,reported,GXYLT1_GXLT1
12,42420052,rs150538363,CAAAAAATAGAGTACATA,CAAAAAATAGAGTACAGA,-0.4274,7.577e-17,0.051261,35362,0.00633,GXYLT1_GXLT1,TRUE,reported,GXYLT1_GXLT1
12,42558627,rs2406868,T,C,0.0738,1.398e-16,0.008929,35359,0.30236,GXYLT1_GXLT1,TRUE,reported,GXYLT1_GXLT1
12,42668884,rs6582412,C,A,-0.0728,8.546e-16,0.009048,35359,0.28082,GXYLT1_GXLT1,TRUE,reported,GXYLT1_GXLT1
12,42716655,rs7958006,A,C,0.0971,1.133e-21,0.010153,35358,0.19989,GXYLT1_GXLT1,TRUE,reported,GXYLT1_GXLT1
12,42722038,rs7302324,T,A,0.0494,1.556e-09,0.008181,35358,0.46471,GXYLT1_GXLT1,TRUE,reported,GXYLT1_GXLT1
12,42843814,rs79168022,G,A,-0.1838,4.729e-08,0.033656,35359,0.01465,GXYLT1_GXLT1,TRUE,reported,GXYLT1_GXLT1
12,42906760,rs191414061,A,T,0.129,5.024e-13,0.017856,35359,0.05653,GXYLT1_GXLT1,TRUE,reported,GXYLT1_GXLT1
12,42979948,rs11181829,T,G,0.0932,1.635e-10,0.01458,35359,0.0868,GXYLT1_GXLT1,TRUE,reported,GXYLT1_GXLT1
12,43056462,rs146160660,A,G,0.5789,2.712e-15,0.073246,35358,0.00289,GXYLT1_GXLT1,TRUE,reported,GXYLT1_GXLT1
12,43074964,rs71455437,G,A,0.0923,1.009e-11,0.013563,35358,0.10149,GXYLT1_GXLT1,TRUE,reported,GXYLT1_GXLT1
12,43127020,rs74080238,G,T,0.1618,1.497e-09,0.026767,35359,0.02381,GXYLT1_GXLT1,TRUE,reported,GXYLT1_GXLT1
