chr.exposure,pos.exposure,SNP,effect_allele.exposure,other_allele.exposure,beta.exposure,pval.exposure,se.exposure,samplesize.exposure,eaf.exposure,exposure,mr_keep.exposure,pval_origin.exposure,id.exposure
3,138027807,rs145052037,A,G,-0.3379,8.92e-32,0.028806,35362,0.02186,FAIM_FAIM1,TRUE,reported,FAIM_FAIM1
3,138054305,rs57554543,G,C,-0.4293,1.952e-11,0.063983,35361,0.00392,FAIM_FAIM1,TRUE,reported,FAIM_FAIM1
3,138055358,rs111433429,C,T,-0.7347,4.552e-74,0.040353,35361,0.0108,FAIM_FAIM1,TRUE,reported,FAIM_FAIM1
3,138061303,rs9834670,G,T,-0.0867,1.806e-10,0.013596,35362,0.10557,FAIM_FAIM1,TRUE,reported,FAIM_FAIM1
3,138236242,rs147438552,A,C,-0.2176,8.868e-16,0.027059,35362,0.02439,FAIM_FAIM1,TRUE,reported,FAIM_FAIM1
3,138620073,rs66470363,CATACAG,CGTACAG,-0.4698,5.666e-96,0.022601,35362,0.03362,FAIM_FAIM1,TRUE,reported,FAIM_FAIM1
3,138629146,rs13043,C,T,-0.9978,1e-200,0.02241,35362,0.02521,FAIM_FAIM1,TRUE,reported,FAIM_FAIM1
3,138659906,rs1673598,C,T,-0.1367,9.01e-20,0.015022,35362,0.08167,FAIM_FAIM1,TRUE,reported,FAIM_FAIM1
3,138713181,rs9858693,CAT,TAT,0.1511,4.966e-15,0.019303,35362,0.04951,FAIM_FAIM1,TRUE,reported,FAIM_FAIM1
3,138748127,rs149910267,C,G,0.151,6.806e-09,0.026054,35362,0.02588,FAIM_FAIM1,TRUE,reported,FAIM_FAIM1
3,138862876,rs141080172,A,G,-0.2751,1.037e-18,0.031151,35361,0.01794,FAIM_FAIM1,TRUE,reported,FAIM_FAIM1
3,138947063,rs192325010,T,C,-0.3123,1.471e-36,0.02473,35362,0.02927,FAIM_FAIM1,TRUE,reported,FAIM_FAIM1
3,139120800,rs75623154,A,C,-0.2163,1.951e-38,0.016684,35362,0.06722,FAIM_FAIM1,TRUE,reported,FAIM_FAIM1
3,139146719,rs34935748,G,T,0.0959,1.229e-24,0.009359,35362,0.26426,FAIM_FAIM1,TRUE,reported,FAIM_FAIM1
3,139274296,rs10935314,G,T,-0.0768,1.413e-19,0.008485,35362,0.39477,FAIM_FAIM1,TRUE,reported,FAIM_FAIM1
