chr.exposure,pos.exposure,SNP,effect_allele.exposure,other_allele.exposure,beta.exposure,pval.exposure,se.exposure,samplesize.exposure,eaf.exposure,exposure,mr_keep.exposure,pval_origin.exposure,id.exposure
3,133813938,rs9853123,G,C,-0.0791,2.838e-08,0.014249,35359,0.08823,EPHB1_EPHB1,TRUE,reported,EPHB1_EPHB1
3,134474191,rs144569129,T,C,0.1577,7.694e-09,0.027307,35360,0.02156,EPHB1_EPHB1,TRUE,reported,EPHB1_EPHB1
3,134519024,rs199781798,ACC,AC,-0.1223,1.629e-08,0.021656,35359,0.03468,EPHB1_EPHB1,TRUE,reported,EPHB1_EPHB1
3,134721254,rs142618601,T,TA,0.1607,4.236e-17,0.019117,35360,0.04488,EPHB1_EPHB1,TRUE,reported,EPHB1_EPHB1
3,134762306,rs114727697,A,C,-0.2027,2.865e-09,0.034129,35360,0.0136,EPHB1_EPHB1,TRUE,reported,EPHB1_EPHB1
3,134798535,rs73227034,C,A,0.2935,3.51e-133,0.011951,35360,0.1275,EPHB1_EPHB1,TRUE,reported,EPHB1_EPHB1
3,134799653,rs75495228,G,C,-0.1343,3.683e-10,0.02143,35360,0.03716,EPHB1_EPHB1,TRUE,reported,EPHB1_EPHB1
3,134907318,rs114509045,A,C,0.147,4.089e-13,0.020269,35361,0.03933,EPHB1_EPHB1,TRUE,reported,EPHB1_EPHB1
3,134953443,rs185257,A,C,0.2774,1e-200,0.007941,35362,0.47662,EPHB1_EPHB1,TRUE,reported,EPHB1_EPHB1
3,134990032,rs116431011,G,T,0.1599,4.816e-11,0.024314,35361,0.0291,EPHB1_EPHB1,TRUE,reported,EPHB1_EPHB1
3,135015364,rs145179303,A,C,0.2856,3.144e-15,0.03622,35360,0.01265,EPHB1_EPHB1,TRUE,reported,EPHB1_EPHB1
3,135019331,rs112729161,T,C,-0.1388,1.266e-10,0.021582,35360,0.03625,EPHB1_EPHB1,TRUE,reported,EPHB1_EPHB1
3,135068326,rs2400401,T,C,0.1104,6.549e-15,0.014167,35360,0.08774,EPHB1_EPHB1,TRUE,reported,EPHB1_EPHB1
3,135089850,rs115346220,A,G,-0.2128,5.568e-14,0.028306,35360,0.02033,EPHB1_EPHB1,TRUE,reported,EPHB1_EPHB1
3,135151216,rs6764768,T,C,0.1225,2.488e-38,0.009463,35362,0.23149,EPHB1_EPHB1,TRUE,reported,EPHB1_EPHB1
3,135531078,rs1962000,A,G,0.0667,2.726e-12,0.009541,35361,0.23016,EPHB1_EPHB1,TRUE,reported,EPHB1_EPHB1
