chr.exposure,pos.exposure,SNP,effect_allele.exposure,other_allele.exposure,beta.exposure,pval.exposure,se.exposure,samplesize.exposure,eaf.exposure,exposure,mr_keep.exposure,pval_origin.exposure,id.exposure
5,156223080,rs115864641,A,T,-0.2137,1.035e-13,0.028737,35349,0.01978,HAVCR1_TIM_1,TRUE,reported,HAVCR1_TIM_1
5,156398150,rs62380750,T,C,0.0585,2.109e-12,0.008325,35351,0.38291,HAVCR1_TIM_1,TRUE,reported,HAVCR1_TIM_1
5,156511991,rs138535761,T,C,-0.236,4.077e-15,0.030054,35351,0.01798,HAVCR1_TIM_1,TRUE,reported,HAVCR1_TIM_1
5,156902205,rs55633846,CAAAAAAAAAAAAAAAAAAAAAAAAC,CAAAAAAAAAAAAAAACAAAAAAAAC,-0.171,2.903e-57,0.010722,35338,0.18024,HAVCR1_TIM_1,TRUE,reported,HAVCR1_TIM_1
5,156985614,rs150002928,T,G,0.1603,4.739e-14,0.021263,35351,0.03711,HAVCR1_TIM_1,TRUE,reported,HAVCR1_TIM_1
5,157051633,rs7702877,T,C,0.3108,1e-200,0.006742,35351,0.37372,HAVCR1_TIM_1,TRUE,reported,HAVCR1_TIM_1
5,157054705,rs138721003,A,G,-0.3367,1.298e-21,0.035257,35351,0.01341,HAVCR1_TIM_1,TRUE,reported,HAVCR1_TIM_1
5,157055285,rs56084311,G,C,-0.9102,1.185e-78,0.048477,35351,0.0074,HAVCR1_TIM_1,TRUE,reported,HAVCR1_TIM_1
5,157058424,rs183793800,A,G,-0.3384,6.049e-23,0.034312,35351,0.01365,HAVCR1_TIM_1,TRUE,reported,HAVCR1_TIM_1
5,157073920,rs2862720,T,A,-0.1853,2.745e-35,0.014948,35351,0.08178,HAVCR1_TIM_1,TRUE,reported,HAVCR1_TIM_1
5,157263460,rs77895261,A,G,-0.1809,4.671e-26,0.017134,35351,0.05964,HAVCR1_TIM_1,TRUE,reported,HAVCR1_TIM_1
5,157399983,rs67356879,TATAC,GTATAC,0.13,5.526e-28,0.011854,35354,0.13678,HAVCR1_TIM_1,TRUE,reported,HAVCR1_TIM_1
5,157471891,rs4704869,A,G,-0.1309,1.486e-10,0.020431,35355,0.04042,HAVCR1_TIM_1,TRUE,reported,HAVCR1_TIM_1
5,157518649,rs11466764,C,G,0.1362,5.894e-30,0.011979,35355,0.1317,HAVCR1_TIM_1,TRUE,reported,HAVCR1_TIM_1
5,157601329,rs77980530,C,T,-0.1656,2.376e-08,0.029666,35356,0.01917,HAVCR1_TIM_1,TRUE,reported,HAVCR1_TIM_1
5,157717973,rs10053415,T,C,0.0755,6.46e-12,0.010991,35356,0.16072,HAVCR1_TIM_1,TRUE,reported,HAVCR1_TIM_1
5,157806530,rs10515754,CAGTTCC,TAGTTCC,-0.1516,8.938e-23,0.015433,35357,0.07479,HAVCR1_TIM_1,TRUE,reported,HAVCR1_TIM_1
