chr.exposure,pos.exposure,SNP,effect_allele.exposure,other_allele.exposure,beta.exposure,pval.exposure,se.exposure,samplesize.exposure,eaf.exposure,exposure,mr_keep.exposure,pval_origin.exposure,id.exposure
20,55253535,rs6127460,T,C,0.1138,2.539e-41,0.008452,35379,0.40141,CBLN4_CBLN4,TRUE,reported,CBLN4_CBLN4
20,55265740,rs62231197,T,C,0.1158,1.215e-09,0.019052,35379,0.04978,CBLN4_CBLN4,TRUE,reported,CBLN4_CBLN4
20,55471425,rs3852931,T,C,0.0792,1.741e-21,0.00832,35388,0.4933,CBLN4_CBLN4,TRUE,reported,CBLN4_CBLN4
20,55561641,rs6024208,A,C,-0.0777,3.445e-13,0.010679,35388,0.18682,CBLN4_CBLN4,TRUE,reported,CBLN4_CBLN4
20,55598807,rs3859599,TTTTTTTCA,TTTTTTTCG,-0.0901,4.682e-11,0.013692,35389,0.10126,CBLN4_CBLN4,TRUE,reported,CBLN4_CBLN4
20,55608940,rs1337226,A,G,-0.0804,6.841e-22,0.008361,35389,0.42984,CBLN4_CBLN4,TRUE,reported,CBLN4_CBLN4
20,55721241,rs7351418,T,C,0.1538,5.192e-70,0.008695,35390,0.34464,CBLN4_CBLN4,TRUE,reported,CBLN4_CBLN4
20,55749450,rs6014470,A,T,0.1131,8.918e-10,0.018457,35383,0.05172,CBLN4_CBLN4,TRUE,reported,CBLN4_CBLN4
20,55772378,rs6024403,C,A,-0.1125,1.717e-22,0.01153,35384,0.15256,CBLN4_CBLN4,TRUE,reported,CBLN4_CBLN4
20,55794632,rs6024417,G,A,-0.1539,4.156e-65,0.009032,35388,0.29741,CBLN4_CBLN4,TRUE,reported,CBLN4_CBLN4
20,55980132,rs1036491,C,A,-0.1517,1.183e-42,0.011082,35388,0.17052,CBLN4_CBLN4,TRUE,reported,CBLN4_CBLN4
20,56135321,rs16979381,C,T,0.177,3.126e-09,0.029874,35388,0.02008,CBLN4_CBLN4,TRUE,reported,CBLN4_CBLN4
20,56178849,rs2870717,A,G,-0.1284,4.559e-50,0.00863,35388,0.35246,CBLN4_CBLN4,TRUE,reported,CBLN4_CBLN4
20,56227703,rs6069662,CGCATAAT,CACATAAT,0.0503,1.538e-09,0.008327,35383,0.42501,CBLN4_CBLN4,TRUE,reported,CBLN4_CBLN4
