chr.exposure,pos.exposure,SNP,effect_allele.exposure,other_allele.exposure,beta.exposure,pval.exposure,se.exposure,samplesize.exposure,eaf.exposure,exposure,mr_keep.exposure,pval_origin.exposure,id.exposure
2,23112325,rs149791393,A,G,-0.2926,3.046e-14,0.038518,35371,0.01149,TP53I3_QORX,TRUE,reported,TP53I3_QORX
2,23116838,rs55724982,A,C,-0.1064,1.304e-09,0.017538,35371,0.0553,TP53I3_QORX,TRUE,reported,TP53I3_QORX
2,23319387,rs189091243,A,T,-0.3127,1.35e-16,0.037816,35370,0.01134,TP53I3_QORX,TRUE,reported,TP53I3_QORX
2,23400161,rs150063874,A,G,0.2222,1.683e-18,0.025317,35369,0.02648,TP53I3_QORX,TRUE,reported,TP53I3_QORX
2,23463081,rs79285199,TC,C,0.0584,7.238e-10,0.009479,35370,0.2407,TP53I3_QORX,TRUE,reported,TP53I3_QORX
2,23484896,rs6712599,T,C,0.0715,5.495e-14,0.009509,35368,0.23401,TP53I3_QORX,TRUE,reported,TP53I3_QORX
2,23553358,rs140081721,G,A,-0.1667,3.178e-18,0.01915,35370,0.0459,TP53I3_QORX,TRUE,reported,TP53I3_QORX
2,23585225,rs140748179,A,G,0.1444,3.222e-12,0.020724,35370,0.03993,TP53I3_QORX,TRUE,reported,TP53I3_QORX
2,23587245,rs111676576,CT,C,-0.1185,1.164e-15,0.014797,35369,0.08196,TP53I3_QORX,TRUE,reported,TP53I3_QORX
2,23638563,rs115866025,T,C,-0.2406,9.618e-13,0.033717,35366,0.01345,TP53I3_QORX,TRUE,reported,TP53I3_QORX
2,23646882,rs956401,T,C,0.1248,3.773e-35,0.010088,35366,0.20265,TP53I3_QORX,TRUE,reported,TP53I3_QORX
2,23664069,rs17045795,T,C,-1.4604,2.741e-77,0.07848,35370,0.00236,TP53I3_QORX,TRUE,reported,TP53I3_QORX
2,24012159,rs7572352,CACACACACACACACACACAAAAAAAC,CACACACACACACACACACACAAAAAC,-0.2051,9.552e-99,0.009724,35367,0.21842,TP53I3_QORX,TRUE,reported,TP53I3_QORX
2,24066251,rs13418378,A,G,-0.5063,1e-200,0.010621,35369,0.10798,TP53I3_QORX,TRUE,reported,TP53I3_QORX
2,24155609,rs180671413,C,T,0.2951,1.19e-21,0.030872,35369,0.01751,TP53I3_QORX,TRUE,reported,TP53I3_QORX
2,24239118,rs138216076,A,T,0.2201,1.425e-16,0.026638,35369,0.02373,TP53I3_QORX,TRUE,reported,TP53I3_QORX
2,24273408,rs4665681,A,G,0.4768,5.635e-58,0.029706,35369,0.01869,TP53I3_QORX,TRUE,reported,TP53I3_QORX
2,24478776,rs2339975,C,G,0.0883,3.728e-27,0.008181,35368,0.40892,TP53I3_QORX,TRUE,reported,TP53I3_QORX
2,24934560,rs186848409,T,C,0.1665,1.852e-11,0.024787,35369,0.02653,TP53I3_QORX,TRUE,reported,TP53I3_QORX
