chr.exposure,pos.exposure,SNP,effect_allele.exposure,other_allele.exposure,beta.exposure,pval.exposure,se.exposure,samplesize.exposure,eaf.exposure,exposure,mr_keep.exposure,pval_origin.exposure,id.exposure
1,177912398,rs186100988,AAGAAGGAGGAGGAGGAGGAGGAGGAGGAGGAGGAGGAGGACG,AAGAAGAAGGAGGAGGAGGAGGAGGAGGAGGAGGAGGAGGACG,0.2414,2.324e-53,0.015698,35339,0.07203,ANGPTL1_ANGL1,TRUE,reported,ANGPTL1_ANGL1
1,177964370,rs3813652,T,C,-0.0758,2.418e-15,0.009573,35348,0.24499,ANGPTL1_ANGL1,TRUE,reported,ANGPTL1_ANGL1
1,177977957,rs114783482,T,C,-0.1735,4.793e-13,0.023994,35348,0.02852,ANGPTL1_ANGL1,TRUE,reported,ANGPTL1_ANGL1
1,178017319,rs12096735,A,C,-0.1848,6.985e-12,0.026947,35348,0.02344,ANGPTL1_ANGL1,TRUE,reported,ANGPTL1_ANGL1
1,178149616,rs143934543,A,C,0.7214,1.191e-150,0.027595,35347,0.02162,ANGPTL1_ANGL1,TRUE,reported,ANGPTL1_ANGL1
1,178223479,rs141819982,G,T,-0.3004,1.101e-18,0.034042,35349,0.01512,ANGPTL1_ANGL1,TRUE,reported,ANGPTL1_ANGL1
1,178351189,rs114091018,T,C,0.2968,4.418e-08,0.054227,35349,0.00596,ANGPTL1_ANGL1,TRUE,reported,ANGPTL1_ANGL1
1,178548181,rs4650995,T,C,-0.3017,1e-200,0.007993,35348,0.49232,ANGPTL1_ANGL1,TRUE,reported,ANGPTL1_ANGL1
1,178731058,rs79513728,G,T,-0.1809,4.843e-12,0.026179,35348,0.02588,ANGPTL1_ANGL1,TRUE,reported,ANGPTL1_ANGL1
1,178757370,rs146829806,T,C,0.1453,1.453e-09,0.024019,35348,0.02988,ANGPTL1_ANGL1,TRUE,reported,ANGPTL1_ANGL1
1,178810672,rs77446721,C,T,0.1876,4.556e-10,0.030095,35348,0.01891,ANGPTL1_ANGL1,TRUE,reported,ANGPTL1_ANGL1
1,178859463,rs12125050,G,T,-0.2633,2.597e-77,0.014147,35348,0.0935,ANGPTL1_ANGL1,TRUE,reported,ANGPTL1_ANGL1
1,178888383,rs72707226,A,G,0.1763,6.701e-19,0.019854,35348,0.0424,ANGPTL1_ANGL1,TRUE,reported,ANGPTL1_ANGL1
1,179101389,rs71108091,TTTT,TTT,0.0509,1.446e-08,0.00898,35349,0.3047,ANGPTL1_ANGL1,TRUE,reported,ANGPTL1_ANGL1
1,179369774,rs2783384,A,C,-0.162,2.981e-09,0.027307,35349,0.02329,ANGPTL1_ANGL1,TRUE,reported,ANGPTL1_ANGL1
1,179558048,rs6425577,T,C,-0.088,6.601e-24,0.008728,35349,0.32535,ANGPTL1_ANGL1,TRUE,reported,ANGPTL1_ANGL1
1,179784542,rs77932713,C,T,-0.1282,2.463e-11,0.019204,35349,0.04793,ANGPTL1_ANGL1,TRUE,reported,ANGPTL1_ANGL1
