chr.exposure,pos.exposure,SNP,effect_allele.exposure,other_allele.exposure,beta.exposure,pval.exposure,se.exposure,samplesize.exposure,eaf.exposure,exposure,mr_keep.exposure,pval_origin.exposure,id.exposure
4,56214925,rs112272477,A,G,0.0766,2.38e-13,0.010457,35355,0.19645,IGFBP7_IGFBP_7,TRUE,reported,IGFBP7_IGFBP_7
4,56540903,rs139826977,G,A,0.2894,1.272e-34,0.023581,35356,0.03207,IGFBP7_IGFBP_7,TRUE,reported,IGFBP7_IGFBP_7
4,56609742,rs58797075,T,C,-0.0605,7.848e-13,0.008445,35350,0.40435,IGFBP7_IGFBP_7,TRUE,reported,IGFBP7_IGFBP_7
4,56649650,rs112571867,G,A,0.7254,9.061e-98,0.034568,35354,0.01477,IGFBP7_IGFBP_7,TRUE,reported,IGFBP7_IGFBP_7
4,56756885,rs59964404,G,A,-0.0656,1.231e-12,0.009237,35352,0.27892,IGFBP7_IGFBP_7,TRUE,reported,IGFBP7_IGFBP_7
4,56949389,rs35943681,TG,G,0.1292,1.888e-51,0.008562,35355,0.44826,IGFBP7_IGFBP_7,TRUE,reported,IGFBP7_IGFBP_7
4,56971181,rs1277271,C,T,-0.1157,7.309e-44,0.00833,35358,0.47492,IGFBP7_IGFBP_7,TRUE,reported,IGFBP7_IGFBP_7
4,57073697,rs10049992,G,T,-0.0778,1.205e-12,0.01095,35358,0.16948,IGFBP7_IGFBP_7,TRUE,reported,IGFBP7_IGFBP_7
4,57083351,rs1718860,A,G,-0.2954,1e-200,0.008997,35358,0.29466,IGFBP7_IGFBP_7,TRUE,reported,IGFBP7_IGFBP_7
4,57091352,rs148321523,T,C,-0.1982,1.63e-10,0.031004,35357,0.01822,IGFBP7_IGFBP_7,TRUE,reported,IGFBP7_IGFBP_7
4,57137922,rs62308310,A,G,0.1591,4.478e-15,0.020291,35355,0.04359,IGFBP7_IGFBP_7,TRUE,reported,IGFBP7_IGFBP_7
4,57146842,rs73242664,T,C,0.1178,1.445e-38,0.00907,35355,0.30217,IGFBP7_IGFBP_7,TRUE,reported,IGFBP7_IGFBP_7
4,57151975,rs4864613,T,A,0.1019,1.832e-34,0.008323,35356,0.49241,IGFBP7_IGFBP_7,TRUE,reported,IGFBP7_IGFBP_7
4,57187436,rs55823928,T,C,-0.109,5.081e-10,0.017534,35355,0.05966,IGFBP7_IGFBP_7,TRUE,reported,IGFBP7_IGFBP_7
4,57308631,rs17087938,A,T,0.2037,1.964e-22,0.020906,35356,0.04099,IGFBP7_IGFBP_7,TRUE,reported,IGFBP7_IGFBP_7
4,57459906,rs17088146,T,C,0.1168,2.982e-12,0.016737,35358,0.06672,IGFBP7_IGFBP_7,TRUE,reported,IGFBP7_IGFBP_7
4,57816841,rs72636307,A,G,0.0921,4.685e-15,0.011755,35357,0.14607,IGFBP7_IGFBP_7,TRUE,reported,IGFBP7_IGFBP_7
4,57909902,rs74516217,A,G,0.1434,8.795e-11,0.022108,35356,0.03552,IGFBP7_IGFBP_7,TRUE,reported,IGFBP7_IGFBP_7
4,57991858,rs147136745,T,G,0.1785,7.963e-11,0.027456,35357,0.02385,IGFBP7_IGFBP_7,TRUE,reported,IGFBP7_IGFBP_7
4,58103874,rs79704772,G,A,0.1404,5.567e-11,0.021419,35358,0.03924,IGFBP7_IGFBP_7,TRUE,reported,IGFBP7_IGFBP_7
