chr.exposure,pos.exposure,SNP,effect_allele.exposure,other_allele.exposure,beta.exposure,pval.exposure,se.exposure,samplesize.exposure,eaf.exposure,exposure,mr_keep.exposure,pval_origin.exposure,id.exposure
5,132288693,rs162889,T,C,-0.0707,1.078e-14,0.009147,35351,0.27913,LEAP2_LEAP2,TRUE,reported,LEAP2_LEAP2
5,132473336,rs148411515,G,T,0.2089,1.889e-18,0.023837,35349,0.03103,LEAP2_LEAP2,TRUE,reported,LEAP2_LEAP2
5,132694592,rs17690923,C,T,-0.0762,8.688e-17,0.009157,35348,0.27903,LEAP2_LEAP2,TRUE,reported,LEAP2_LEAP2
5,132796485,rs138909515,T,C,0.3526,6.931e-40,0.026676,35349,0.02509,LEAP2_LEAP2,TRUE,reported,LEAP2_LEAP2
5,132903188,rs12515756,C,T,0.4006,1e-200,0.01087,35350,0.1644,LEAP2_LEAP2,TRUE,reported,LEAP2_LEAP2
5,132939216,rs33952107,CAAA,CA,0.4006,1e-200,0.010933,35349,0.16387,LEAP2_LEAP2,TRUE,reported,LEAP2_LEAP2
5,133069441,rs62375214,C,G,-0.0939,1.634e-12,0.013295,35347,0.10563,LEAP2_LEAP2,TRUE,reported,LEAP2_LEAP2
5,133239179,rs112893591,A,G,0.0568,6.378e-12,0.008267,35348,0.45772,LEAP2_LEAP2,TRUE,reported,LEAP2_LEAP2
5,133300243,rs7733176,G,A,0.0975,1.61e-09,0.016161,35350,0.06992,LEAP2_LEAP2,TRUE,reported,LEAP2_LEAP2
5,133337968,rs10515459,C,A,0.0837,8.562e-11,0.012896,35349,0.11552,LEAP2_LEAP2,TRUE,reported,LEAP2_LEAP2
5,133361202,rs11959187,A,G,0.1862,1.97e-12,0.026462,35350,0.02493,LEAP2_LEAP2,TRUE,reported,LEAP2_LEAP2
5,133450894,rs151030121,T,G,0.2709,2.375e-18,0.031003,35351,0.01781,LEAP2_LEAP2,TRUE,reported,LEAP2_LEAP2
5,133502465,rs13157261,C,T,0.0643,3.814e-10,0.010269,35350,0.2001,LEAP2_LEAP2,TRUE,reported,LEAP2_LEAP2
