chr.exposure,pos.exposure,SNP,effect_allele.exposure,other_allele.exposure,beta.exposure,pval.exposure,se.exposure,samplesize.exposure,eaf.exposure,exposure,mr_keep.exposure,pval_origin.exposure,id.exposure
11,35440850,rs72922941,A,G,0.1011,1.494e-08,0.017855,35372,0.05789,FJX1_FJX1,TRUE,reported,FJX1_FJX1
11,35621175,rs474415,A,G,0.107,1.865e-36,0.008485,35371,0.37824,FJX1_FJX1,TRUE,reported,FJX1_FJX1
11,35884044,rs144193505,T,C,0.1572,5.839e-11,0.024008,35369,0.03002,FJX1_FJX1,TRUE,reported,FJX1_FJX1
11,35904447,rs76785673,G,T,0.144,1.068e-10,0.022301,35370,0.03596,FJX1_FJX1,TRUE,reported,FJX1_FJX1
11,35950954,rs11033340,A,G,-0.1877,4.01e-19,0.021003,35370,0.04061,FJX1_FJX1,TRUE,reported,FJX1_FJX1
11,36057706,rs10768174,A,G,-0.1802,3.124e-103,0.008352,35368,0.40499,FJX1_FJX1,TRUE,reported,FJX1_FJX1
11,36151539,rs12574547,G,A,0.1114,1.145e-36,0.008808,35372,0.32423,FJX1_FJX1,TRUE,reported,FJX1_FJX1
11,36184638,rs75356114,C,T,0.1269,4.139e-14,0.016793,35372,0.06547,FJX1_FJX1,TRUE,reported,FJX1_FJX1
11,36197774,rs79051294,G,A,0.226,2.882e-15,0.028622,35372,0.02147,FJX1_FJX1,TRUE,reported,FJX1_FJX1
11,36293096,rs9888213,A,G,-0.0637,1.262e-14,0.008262,35372,0.49365,FJX1_FJX1,TRUE,reported,FJX1_FJX1
