chr.exposure,pos.exposure,SNP,effect_allele.exposure,other_allele.exposure,beta.exposure,pval.exposure,se.exposure,samplesize.exposure,eaf.exposure,exposure,mr_keep.exposure,pval_origin.exposure,id.exposure
19,44692469,rs151161674,TGTACCGGGGGGGGC,TGTACCGGGGGGGC,-0.1361,2.924e-11,0.020465,35371,0.04393,QPCTL_QPCTL,TRUE,reported,QPCTL_QPCTL
19,44912921,rs483082,T,G,0.0648,8.902e-11,0.009993,35366,0.23213,QPCTL_QPCTL,TRUE,reported,QPCTL_QPCTL
19,44919304,rs1064725,G,T,-0.1011,5.041e-10,0.01626,35368,0.06995,QPCTL_QPCTL,TRUE,reported,QPCTL_QPCTL
19,45025315,rs34954034,G,C,-1.7647,7.675e-89,0.088308,35367,0.00259,QPCTL_QPCTL,TRUE,reported,QPCTL_QPCTL
19,45031102,rs148624141,G,A,-0.2496,1.001e-14,0.032252,35368,0.01764,QPCTL_QPCTL,TRUE,reported,QPCTL_QPCTL
19,45111950,rs148158554,T,G,-0.285,2.257e-13,0.038867,35371,0.01132,QPCTL_QPCTL,TRUE,reported,QPCTL_QPCTL
19,45171922,rs150685845,G,A,-0.3495,7.593e-18,0.040613,35370,0.00987,QPCTL_QPCTL,TRUE,reported,QPCTL_QPCTL
19,45294734,rs78235771,C,A,-0.139,1.088e-15,0.017339,35373,0.06209,QPCTL_QPCTL,TRUE,reported,QPCTL_QPCTL
19,45359625,rs3916837,A,G,-0.335,7.158e-25,0.032529,35373,0.01694,QPCTL_QPCTL,TRUE,reported,QPCTL_QPCTL
19,45406376,rs34014819,T,G,-0.3628,1.744e-09,0.060266,35372,0.00537,QPCTL_QPCTL,TRUE,reported,QPCTL_QPCTL
19,45702991,rs117220573,T,C,-1.8156,1e-200,0.059117,35368,0.00515,QPCTL_QPCTL,TRUE,reported,QPCTL_QPCTL
19,45703004,rs17850756,A,G,-0.2941,1e-200,0.009215,35368,0.27928,QPCTL_QPCTL,TRUE,reported,QPCTL_QPCTL
19,45713384,rs11537711,T,G,0.1523,7.458e-41,0.011379,35368,0.1604,QPCTL_QPCTL,TRUE,reported,QPCTL_QPCTL
19,45890842,rs142323830,T,C,-0.2527,6.9e-22,0.026281,35369,0.02655,QPCTL_QPCTL,TRUE,reported,QPCTL_QPCTL
19,45930475,rs10406374,G,A,0.1122,3.543e-16,0.013761,35369,0.1029,QPCTL_QPCTL,TRUE,reported,QPCTL_QPCTL
19,45996279,rs8111976,G,A,-0.08,2.038e-14,0.01046,35369,0.20009,QPCTL_QPCTL,TRUE,reported,QPCTL_QPCTL
19,46045400,rs112867342,A,G,-0.0848,2.614e-11,0.01272,35369,0.12201,QPCTL_QPCTL,TRUE,reported,QPCTL_QPCTL
19,46069283,rs117687892,T,C,-0.1391,7.587e-11,0.021372,35370,0.04008,QPCTL_QPCTL,TRUE,reported,QPCTL_QPCTL
19,46272217,rs10420170,T,C,-0.7348,1.203e-40,0.055046,35366,0.00591,QPCTL_QPCTL,TRUE,reported,QPCTL_QPCTL
19,46372686,rs118164870,C,T,0.1217,9.612e-09,0.021212,35367,0.03938,QPCTL_QPCTL,TRUE,reported,QPCTL_QPCTL
19,46513432,rs67626514,C,A,-0.0957,1.227e-10,0.01487,35369,0.08813,QPCTL_QPCTL,TRUE,reported,QPCTL_QPCTL
