chr.exposure,pos.exposure,SNP,effect_allele.exposure,other_allele.exposure,beta.exposure,pval.exposure,se.exposure,samplesize.exposure,eaf.exposure,exposure,mr_keep.exposure,pval_origin.exposure,id.exposure
2,85909491,rs115559579,G,A,0.1827,5.111e-15,0.023351,35344,0.03096,CD8A_CD8A,TRUE,reported,CD8A_CD8A
2,86130128,rs187969183,T,C,0.2676,5.75e-11,0.040854,35345,0.0103,CD8A_CD8A,TRUE,reported,CD8A_CD8A
2,86191336,rs111480251,CCCTATCTCAAA,CCCTATCTCA,0.2524,7.238e-11,0.038738,35344,0.01239,CD8A_CD8A,TRUE,reported,CD8A_CD8A
2,86248090,rs80170993,G,A,-0.2218,1.498e-22,0.0227,35344,0.03625,CD8A_CD8A,TRUE,reported,CD8A_CD8A
2,86474361,rs56228948,C,A,-0.2025,1.929e-13,0.027537,35344,0.02493,CD8A_CD8A,TRUE,reported,CD8A_CD8A
2,86627708,rs113589480,A,G,0.1064,9.813e-14,0.014295,35344,0.09392,CD8A_CD8A,TRUE,reported,CD8A_CD8A
2,86799680,rs71411867,T,C,0.3828,1e-200,0.007828,35343,0.20739,CD8A_CD8A,TRUE,reported,CD8A_CD8A
2,86805473,rs62146078,T,C,-0.4965,2.576e-64,0.029322,35344,0.02015,CD8A_CD8A,TRUE,reported,CD8A_CD8A
2,86823276,rs7587224,ATTTTAA,TTTTTAA,-0.0877,2.752e-23,0.008822,35333,0.33962,CD8A_CD8A,TRUE,reported,CD8A_CD8A
2,87079076,rs189178981,A,G,-0.1417,9.426e-16,0.017637,35329,0.05957,CD8A_CD8A,TRUE,reported,CD8A_CD8A
2,87165520,rs111591143,TG,TA,-0.1362,1.361e-13,0.018405,35329,0.05599,CD8A_CD8A,TRUE,reported,CD8A_CD8A
2,87318256,rs374550458,ATTTTT,ATTT,0.1723,1.445e-09,0.028478,35326,0.02453,CD8A_CD8A,TRUE,reported,CD8A_CD8A
2,87633583,rs4972038,C,A,0.2531,2.098e-12,0.036014,35326,0.01327,CD8A_CD8A,TRUE,reported,CD8A_CD8A
