chr.exposure,pos.exposure,SNP,effect_allele.exposure,other_allele.exposure,beta.exposure,pval.exposure,se.exposure,samplesize.exposure,eaf.exposure,exposure,mr_keep.exposure,pval_origin.exposure,id.exposure
21,41694157,rs138319402,T,C,0.3502,8.749e-10,0.057122,35368,0.00569,TFF1_TFF1,TRUE,reported,TFF1_TFF1
21,42046258,rs73223503,T,C,0.0749,2.682e-12,0.01071,35372,0.18614,TFF1_TFF1,TRUE,reported,TFF1_TFF1
21,42153781,rs9978918,T,C,-0.1458,2.901e-08,0.026283,35357,0.02536,TFF1_TFF1,TRUE,reported,TFF1_TFF1
21,42240836,rs112766848,A,G,-0.2085,2.952e-08,0.037606,35355,0.01146,TFF1_TFF1,TRUE,reported,TFF1_TFF1
21,42284540,rs2234719,T,C,0.0497,3.902e-08,0.009044,35345,0.3002,TFF1_TFF1,TRUE,reported,TFF1_TFF1
21,42366423,rs117389225,T,C,0.546,8.532e-47,0.038008,35341,0.01262,TFF1_TFF1,TRUE,reported,TFF1_TFF1
21,42366929,rs3761376,A,G,-0.3748,1e-200,0.007805,35340,0.24806,TFF1_TFF1,TRUE,reported,TFF1_TFF1
21,42370283,rs112214674,C,A,0.1579,8.905e-11,0.024351,35337,0.03021,TFF1_TFF1,TRUE,reported,TFF1_TFF1
21,42387895,rs2839504,C,A,-0.1167,1.026e-39,0.008849,35333,0.33053,TFF1_TFF1,TRUE,reported,TFF1_TFF1
21,42428893,rs73227507,G,A,0.1739,8.455e-11,0.026786,35336,0.02462,TFF1_TFF1,TRUE,reported,TFF1_TFF1
21,42430043,rs74552232,G,T,0.1295,4.822e-15,0.016536,35336,0.06872,TFF1_TFF1,TRUE,reported,TFF1_TFF1
21,42623932,rs2839567,A,G,0.0625,2.988e-13,0.008568,35327,0.38,TFF1_TFF1,TRUE,reported,TFF1_TFF1
21,43149775,rs111379774,TAAGGGGGGGGT,TAAGGGGGGGT,0.0503,7.814e-09,0.008714,35277,0.36441,TFF1_TFF1,TRUE,reported,TFF1_TFF1
