chr.exposure,pos.exposure,SNP,effect_allele.exposure,other_allele.exposure,beta.exposure,pval.exposure,se.exposure,samplesize.exposure,eaf.exposure,exposure,mr_keep.exposure,pval_origin.exposure,id.exposure
3,56204476,rs11267334,CTTTTATTTTATTTTA,CTTTTA,-0.051,2.777e-08,0.009181,35359,0.25838,IL17RD_IL_17_RD,TRUE,reported,IL17RD_IL_17_RD
3,56216252,rs148968939,A,C,-0.1203,9.11e-12,0.01764,35359,0.05579,IL17RD_IL_17_RD,TRUE,reported,IL17RD_IL_17_RD
3,56307827,rs11716723,TGCATACACACA,TGCACACACACA,0.0701,3.991e-16,0.008613,35359,0.31382,IL17RD_IL_17_RD,TRUE,reported,IL17RD_IL_17_RD
3,56457882,rs75497936,A,T,-0.0986,8.121e-09,0.0171,35359,0.05791,IL17RD_IL_17_RD,TRUE,reported,IL17RD_IL_17_RD
3,56828976,rs62249810,A,G,0.1026,3.595e-17,0.012177,35358,0.12085,IL17RD_IL_17_RD,TRUE,reported,IL17RD_IL_17_RD
3,56912667,rs75959875,T,C,-0.0823,4.171e-12,0.011874,35357,0.12942,IL17RD_IL_17_RD,TRUE,reported,IL17RD_IL_17_RD
3,56922924,rs76794638,A,G,0.128,5.32e-49,0.0087,35355,0.30278,IL17RD_IL_17_RD,TRUE,reported,IL17RD_IL_17_RD
3,56970379,rs9874166,G,A,-0.4962,4.186e-29,0.044313,35359,0.00888,IL17RD_IL_17_RD,TRUE,reported,IL17RD_IL_17_RD
3,57015173,rs76753694,G,A,-0.1277,1.892e-10,0.020048,35358,0.04263,IL17RD_IL_17_RD,TRUE,reported,IL17RD_IL_17_RD
3,57107462,rs4681953,C,A,-0.4383,1e-200,0.008005,35358,0.23059,IL17RD_IL_17_RD,TRUE,reported,IL17RD_IL_17_RD
3,57139887,rs7374667,C,T,0.0718,4.483e-17,0.008548,35358,0.32883,IL17RD_IL_17_RD,TRUE,reported,IL17RD_IL_17_RD
3,57427933,rs35794388,GTTTTTTTTTTC,GTTTTTTTTTTT,0.4699,4.637e-41,0.035016,35359,0.01317,IL17RD_IL_17_RD,TRUE,reported,IL17RD_IL_17_RD
3,57964673,rs141329572,T,C,-0.1432,8.386e-11,0.022053,35359,0.03543,IL17RD_IL_17_RD,TRUE,reported,IL17RD_IL_17_RD
3,57991886,rs142146699,T,C,0.468,1.667e-65,0.027379,35358,0.02157,IL17RD_IL_17_RD,TRUE,reported,IL17RD_IL_17_RD
3,58030734,rs138857986,T,C,0.2085,7.982e-15,0.026841,35358,0.02247,IL17RD_IL_17_RD,TRUE,reported,IL17RD_IL_17_RD
3,58033910,rs11130610,A,G,-0.0983,5.477e-32,0.008351,35357,0.36728,IL17RD_IL_17_RD,TRUE,reported,IL17RD_IL_17_RD
3,58084062,rs188123247,G,C,0.4224,2.054e-26,0.039719,35358,0.01076,IL17RD_IL_17_RD,TRUE,reported,IL17RD_IL_17_RD
