chr.exposure,pos.exposure,SNP,effect_allele.exposure,other_allele.exposure,beta.exposure,pval.exposure,se.exposure,samplesize.exposure,eaf.exposure,exposure,mr_keep.exposure,pval_origin.exposure,id.exposure
1,170728921,rs78712657,C,T,-0.1144,7.659e-11,0.017581,35359,0.06129,MYOC_MYOC,TRUE,reported,MYOC_MYOC
1,171100841,rs74602385,G,A,0.1923,2.271e-12,0.027406,35361,0.02364,MYOC_MYOC,TRUE,reported,MYOC_MYOC
1,171220973,rs10912598,G,T,0.0709,8.621e-13,0.009915,35358,0.22818,MYOC_MYOC,TRUE,reported,MYOC_MYOC
1,171257575,rs10912673,T,C,0.1077,4.996e-19,0.012084,35357,0.13825,MYOC_MYOC,TRUE,reported,MYOC_MYOC
1,171258486,rs28384857,G,T,0.2172,1.391e-17,0.025446,35357,0.02711,MYOC_MYOC,TRUE,reported,MYOC_MYOC
1,171430787,rs147263303,A,G,0.2728,1.599e-20,0.029377,35361,0.02097,MYOC_MYOC,TRUE,reported,MYOC_MYOC
1,171628205,rs12029997,AAAAAAT,AAAAAAA,-0.4802,1e-200,0.014774,35362,0.08458,MYOC_MYOC,TRUE,reported,MYOC_MYOC
1,171633012,rs11393440,CAA,CA,0.0536,4.713e-08,0.009814,35360,0.25415,MYOC_MYOC,TRUE,reported,MYOC_MYOC
1,171648625,rs7547721,A,G,-0.4858,1e-200,0.01472,35362,0.08521,MYOC_MYOC,TRUE,reported,MYOC_MYOC
1,171658099,rs147226790,ATATCTCTCTATA,ATATCTCTCTCTA,-0.3379,6.543e-42,0.024911,35362,0.02839,MYOC_MYOC,TRUE,reported,MYOC_MYOC
1,171700683,rs236894,A,G,0.1413,1.047e-42,0.010316,35362,0.20839,MYOC_MYOC,TRUE,reported,MYOC_MYOC
1,171721211,rs114099765,C,T,0.3492,2.6e-35,0.02816,35365,0.02245,MYOC_MYOC,TRUE,reported,MYOC_MYOC
1,171731582,rs116417861,A,G,0.3493,6.701e-44,0.025137,35364,0.02731,MYOC_MYOC,TRUE,reported,MYOC_MYOC
1,171896412,rs181069576,A,G,0.181,1.326e-11,0.026752,35358,0.02505,MYOC_MYOC,TRUE,reported,MYOC_MYOC
1,171907883,rs138140925,G,A,0.2618,4.591e-18,0.03022,35357,0.01881,MYOC_MYOC,TRUE,reported,MYOC_MYOC
1,172058879,rs200231245,AACCCTTAA,ACCCTTAA,-0.0666,2.388e-13,0.009092,35355,0.30322,MYOC_MYOC,TRUE,reported,MYOC_MYOC
1,172170351,rs11579861,T,A,0.1548,3.898e-10,0.024736,35354,0.02947,MYOC_MYOC,TRUE,reported,MYOC_MYOC
1,172218932,rs764322,C,A,-0.1768,4.405e-17,0.021044,35354,0.04161,MYOC_MYOC,TRUE,reported,MYOC_MYOC
1,172332272,rs76517253,A,C,-0.0907,2.335e-08,0.016239,35353,0.07322,MYOC_MYOC,TRUE,reported,MYOC_MYOC
1,172417121,rs145888259,A,G,-0.1517,2.802e-12,0.021711,35354,0.03831,MYOC_MYOC,TRUE,reported,MYOC_MYOC
1,172477932,rs141560510,GGAAGA,GGAAGG,-0.4824,1.028e-19,0.053093,35352,0.00663,MYOC_MYOC,TRUE,reported,MYOC_MYOC
1,172594707,rs114246227,A,G,-0.259,3.975e-08,0.04716,35353,0.00785,MYOC_MYOC,TRUE,reported,MYOC_MYOC
