chr.exposure,pos.exposure,SNP,effect_allele.exposure,other_allele.exposure,beta.exposure,pval.exposure,se.exposure,samplesize.exposure,eaf.exposure,exposure,mr_keep.exposure,pval_origin.exposure,id.exposure
5,158529926,rs111546564,A,G,-0.5993,2.27e-78,0.031977,35369,0.01704,IL12B_IL_12_p40,TRUE,reported,IL12B_IL_12_p40
5,158648401,rs75135998,C,T,-0.2349,5.961e-24,0.023275,35369,0.03292,IL12B_IL_12_p40,TRUE,reported,IL12B_IL_12_p40
5,158852407,rs116640818,C,T,-0.3048,5.934e-38,0.023667,35369,0.03157,IL12B_IL_12_p40,TRUE,reported,IL12B_IL_12_p40
5,158879954,rs62385365,A,G,0.1129,8.081e-25,0.010975,35369,0.17423,IL12B_IL_12_p40,TRUE,reported,IL12B_IL_12_p40
5,159063789,rs6883429,T,C,-0.085,1.938e-15,0.010698,35369,0.18463,IL12B_IL_12_p40,TRUE,reported,IL12B_IL_12_p40
5,159075238,rs10040316,G,A,-0.2193,5.168e-65,0.012879,35368,0.11781,IL12B_IL_12_p40,TRUE,reported,IL12B_IL_12_p40
5,159241128,rs375254747,TTTATTATTA,A,-0.1734,3.072e-68,0.009933,35367,0.22424,IL12B_IL_12_p40,TRUE,reported,IL12B_IL_12_p40
5,159369317,rs4921487,G,A,0.4089,1e-200,0.006945,35366,0.31016,IL12B_IL_12_p40,TRUE,reported,IL12B_IL_12_p40
5,159420063,rs6870256,C,T,-0.0938,2.103e-28,0.008486,35365,0.40331,IL12B_IL_12_p40,TRUE,reported,IL12B_IL_12_p40
5,159433757,rs12514042,T,C,0.1421,3.421e-08,0.02575,35365,0.02735,IL12B_IL_12_p40,TRUE,reported,IL12B_IL_12_p40
5,159436736,rs115056992,A,T,0.1438,7.966e-13,0.020079,35365,0.04565,IL12B_IL_12_p40,TRUE,reported,IL12B_IL_12_p40
5,159646880,rs889049,G,C,-0.0621,1.383e-13,0.008394,35366,0.42951,IL12B_IL_12_p40,TRUE,reported,IL12B_IL_12_p40
5,159731665,rs67017827,A,G,-0.1536,2.986e-14,0.020213,35361,0.04442,IL12B_IL_12_p40,TRUE,reported,IL12B_IL_12_p40
5,159775567,rs141745802,A,G,0.1431,3.649e-08,0.025985,35358,0.02629,IL12B_IL_12_p40,TRUE,reported,IL12B_IL_12_p40
5,159951800,rs17057303,C,T,-0.3137,9.206e-22,0.032727,35366,0.01694,IL12B_IL_12_p40,TRUE,reported,IL12B_IL_12_p40
5,160050474,rs72810133,T,A,-0.4565,8.836e-26,0.043485,35364,0.0092,IL12B_IL_12_p40,TRUE,reported,IL12B_IL_12_p40
5,160296619,rs115619145,T,C,-0.1432,1.616e-08,0.025351,35363,0.0267,IL12B_IL_12_p40,TRUE,reported,IL12B_IL_12_p40
