chr.exposure,pos.exposure,SNP,effect_allele.exposure,other_allele.exposure,beta.exposure,pval.exposure,se.exposure,samplesize.exposure,eaf.exposure,exposure,mr_keep.exposure,pval_origin.exposure,id.exposure
7,79955069,rs117334659,T,C,-0.1375,2.468e-10,0.021725,35347,0.03782,CD36_CD36_ANTIGEN,TRUE,reported,CD36_CD36_ANTIGEN
7,80188079,rs146785397,TTA,T,-0.1898,1.609e-09,0.03146,35348,0.0173,CD36_CD36_ANTIGEN,TRUE,reported,CD36_CD36_ANTIGEN
7,80254492,rs188284543,C,A,-0.2221,7.734e-14,0.029713,35348,0.0206,CD36_CD36_ANTIGEN,TRUE,reported,CD36_CD36_ANTIGEN
7,80394706,rs191906778,A,G,0.269,5.262e-11,0.040985,35347,0.00965,CD36_CD36_ANTIGEN,TRUE,reported,CD36_CD36_ANTIGEN
7,80472427,rs6947745,C,T,-0.0864,2.834e-17,0.010221,35347,0.20315,CD36_CD36_ANTIGEN,TRUE,reported,CD36_CD36_ANTIGEN
7,80560368,rs11765071,C,T,0.205,1.583e-43,0.014818,35347,0.08266,CD36_CD36_ANTIGEN,TRUE,reported,CD36_CD36_ANTIGEN
7,80589645,rs6961069,T,C,0.1637,3.6e-88,0.008224,35347,0.4452,CD36_CD36_ANTIGEN,TRUE,reported,CD36_CD36_ANTIGEN
7,80701534,rs117721533,T,A,-0.3832,1.923e-09,0.063822,35342,0.00409,CD36_CD36_ANTIGEN,TRUE,reported,CD36_CD36_ANTIGEN
7,80803001,rs73137740,T,C,-0.1507,7.216e-16,0.018681,35344,0.052,CD36_CD36_ANTIGEN,TRUE,reported,CD36_CD36_ANTIGEN
7,80866582,rs61228745,C,T,0.2338,1.923e-28,0.021136,35344,0.03889,CD36_CD36_ANTIGEN,TRUE,reported,CD36_CD36_ANTIGEN
7,81004407,rs76006389,G,A,-0.5835,8.739e-40,0.044204,35345,0.00908,CD36_CD36_ANTIGEN,TRUE,reported,CD36_CD36_ANTIGEN
7,81224577,rs117513167,A,G,-0.1925,1.245e-17,0.022518,35347,0.03429,CD36_CD36_ANTIGEN,TRUE,reported,CD36_CD36_ANTIGEN
