chr.exposure,pos.exposure,SNP,effect_allele.exposure,other_allele.exposure,beta.exposure,pval.exposure,se.exposure,samplesize.exposure,eaf.exposure,exposure,mr_keep.exposure,pval_origin.exposure,id.exposure
7,48942097,rs7806185,C,T,-0.1312,4.877e-55,0.008397,35346,0.46007,VWC2_VWC2,TRUE,reported,VWC2_VWC2
7,49130206,rs118002485,G,A,-0.1277,1.407e-08,0.022512,35343,0.0357,VWC2_VWC2,TRUE,reported,VWC2_VWC2
7,49167291,rs56274008,A,T,0.093,6.847e-14,0.012415,35343,0.1355,VWC2_VWC2,TRUE,reported,VWC2_VWC2
7,49295656,rs79851606,G,T,-0.2085,3.459e-11,0.031469,35344,0.0191,VWC2_VWC2,TRUE,reported,VWC2_VWC2
7,49370607,rs117468195,C,G,-0.1936,2.492e-08,0.034734,35344,0.01469,VWC2_VWC2,TRUE,reported,VWC2_VWC2
7,49502717,rs1544434,A,G,-0.1319,4.791e-54,0.008521,35343,0.41493,VWC2_VWC2,TRUE,reported,VWC2_VWC2
7,49688489,rs61312315,C,T,-0.517,5.533e-16,0.063834,35344,0.00408,VWC2_VWC2,TRUE,reported,VWC2_VWC2
7,49700870,rs35460131,G,A,0.0871,3.917e-19,0.009744,35344,0.24143,VWC2_VWC2,TRUE,reported,VWC2_VWC2
7,49718162,rs148681119,A,C,0.5588,1.147e-39,0.042398,35344,0.0098,VWC2_VWC2,TRUE,reported,VWC2_VWC2
7,49774399,rs73347629,C,A,-0.4123,1.258e-58,0.025539,35341,0.02843,VWC2_VWC2,TRUE,reported,VWC2_VWC2
7,49780117,rs557626,A,G,-0.3962,1e-200,0.012158,35341,0.13152,VWC2_VWC2,TRUE,reported,VWC2_VWC2
7,49802781,rs79731913,C,A,0.2432,2.668e-47,0.016835,35340,0.06672,VWC2_VWC2,TRUE,reported,VWC2_VWC2
7,49859785,rs570622,TGCGCGCACACACACACACACACA,TGCGTGCACACACACACACACACA,-0.1143,6.82e-12,0.016658,35340,0.07044,VWC2_VWC2,TRUE,reported,VWC2_VWC2
7,49891602,rs74926326,C,A,-0.1651,2.022e-12,0.023475,35341,0.03238,VWC2_VWC2,TRUE,reported,VWC2_VWC2
7,49908491,rs73111360,C,T,-0.2032,2.134e-15,0.025614,35341,0.02753,VWC2_VWC2,TRUE,reported,VWC2_VWC2
7,49962886,rs139967081,GA,G,0.1726,4.649e-14,0.022887,35341,0.03517,VWC2_VWC2,TRUE,reported,VWC2_VWC2
7,50003198,rs117423319,A,G,-0.2604,1.119e-15,0.032497,35341,0.0167,VWC2_VWC2,TRUE,reported,VWC2_VWC2
7,50532781,rs76405518,CCTGCTG,TCTGCTG,0.0827,6.367e-09,0.014242,35339,0.09603,VWC2_VWC2,TRUE,reported,VWC2_VWC2
