chr.exposure,pos.exposure,SNP,effect_allele.exposure,other_allele.exposure,beta.exposure,pval.exposure,se.exposure,samplesize.exposure,eaf.exposure,exposure,mr_keep.exposure,pval_origin.exposure,id.exposure
7,22720392,rs73683966,G,C,0.0646,1.11e-09,0.010603,35372,0.19053,CCDC126_CC126,TRUE,reported,CCDC126_CC126
7,23083417,rs2014816,C,G,-0.0755,3.807e-19,0.008443,35371,0.40803,CCDC126_CC126,TRUE,reported,CCDC126_CC126
7,23386160,rs78397473,T,C,-0.2074,1.334e-10,0.032289,35372,0.01657,CCDC126_CC126,TRUE,reported,CCDC126_CC126
7,23441851,rs189489236,A,G,-0.1349,2.872e-09,0.022715,35372,0.03396,CCDC126_CC126,TRUE,reported,CCDC126_CC126
7,23489107,rs191082558,CGTGTATGCATGTATGTGTATTATATGTAATATATGTATATGCATGTATGTGTATTATATGTAATATAC,CGTATATGCATGTATGTGTATTATATGTAATATATGTATATGCATGTATGTGTATTATATGTAATATAC,-0.1988,2.813e-12,0.028454,35372,0.02242,CCDC126_CC126,TRUE,reported,CCDC126_CC126
7,23573247,rs184309073,G,A,-0.1617,3.712e-08,0.029378,35372,0.01982,CCDC126_CC126,TRUE,reported,CCDC126_CC126
7,23586983,rs7781145,A,C,0.3065,1e-200,0.009372,35372,0.25601,CCDC126_CC126,TRUE,reported,CCDC126_CC126
7,23681004,rs6978926,C,G,-0.1257,4.716e-33,0.010496,35372,0.19344,CCDC126_CC126,TRUE,reported,CCDC126_CC126
7,23687630,rs11970940,C,T,-0.2756,6.109e-25,0.026722,35372,0.02411,CCDC126_CC126,TRUE,reported,CCDC126_CC126
7,24055747,rs2042499,A,C,0.0782,5.402e-21,0.008318,35371,0.48053,CCDC126_CC126,TRUE,reported,CCDC126_CC126
7,24445795,rs975995,G,A,-0.0614,3.61e-10,0.009793,35371,0.22954,CCDC126_CC126,TRUE,reported,CCDC126_CC126
