chr.exposure,pos.exposure,SNP,effect_allele.exposure,other_allele.exposure,beta.exposure,pval.exposure,se.exposure,samplesize.exposure,eaf.exposure,exposure,mr_keep.exposure,pval_origin.exposure,id.exposure
1,896680,rs9697378,T,G,-0.2891,5.277e-31,0.024968,35283,0.02771,VWA1_VWA1,TRUE,reported,VWA1_VWA1
1,911761,rs28546248,G,C,-0.3591,1.854e-38,0.027691,35284,0.02183,VWA1_VWA1,TRUE,reported,VWA1_VWA1
1,958251,rs6605069,C,A,-0.8956,2.388e-66,0.052051,35281,0.00638,VWA1_VWA1,TRUE,reported,VWA1_VWA1
1,1055153,rs4308920,A,G,-0.6613,1.85e-24,0.064791,35275,0.00463,VWA1_VWA1,TRUE,reported,VWA1_VWA1
1,1235602,rs77994686,A,C,-0.1198,1.943e-21,0.0126,35305,0.12129,VWA1_VWA1,TRUE,reported,VWA1_VWA1
1,1425135,rs112030392,C,T,0.1734,5.647e-26,0.016452,35306,0.06598,VWA1_VWA1,TRUE,reported,VWA1_VWA1
1,1481085,rs1149270,G,C,-0.2138,2.682e-22,0.022014,35307,0.03761,VWA1_VWA1,TRUE,reported,VWA1_VWA1
1,1506787,rs186124529,CTTTTTTCTTTTTTTTTTTG,CTTTTTTTTTTTTTTTTTTG,-1.2318,1e-200,0.024002,35295,0.02007,VWA1_VWA1,TRUE,reported,VWA1_VWA1
1,1519125,rs1149269,T,C,-0.7158,1e-200,0.022708,35317,0.0336,VWA1_VWA1,TRUE,reported,VWA1_VWA1
1,1580890,rs9442407,G,C,-1.2466,1.369e-194,0.041891,35316,0.00951,VWA1_VWA1,TRUE,reported,VWA1_VWA1
1,1647882,rs184794094,A,G,0.147,1.317e-09,0.024236,35316,0.02926,VWA1_VWA1,TRUE,reported,VWA1_VWA1
1,1656732,rs12731916,T,C,-0.137,4.344e-23,0.013844,35316,0.09883,VWA1_VWA1,TRUE,reported,VWA1_VWA1
1,1789499,rs190221568,T,C,-0.2576,9.847e-19,0.029151,35327,0.02053,VWA1_VWA1,TRUE,reported,VWA1_VWA1
1,1943487,rs72634877,G,C,0.0616,5.726e-09,0.010576,35322,0.18537,VWA1_VWA1,TRUE,reported,VWA1_VWA1
1,2002428,rs4434797,C,T,0.0672,6.822e-09,0.011596,35319,0.14906,VWA1_VWA1,TRUE,reported,VWA1_VWA1
1,2234967,rs61776614,T,C,-0.1057,5.47e-14,0.014056,35328,0.09342,VWA1_VWA1,TRUE,reported,VWA1_VWA1
1,2329564,rs7525332,A,T,-0.1124,1.042e-08,0.019637,35328,0.04592,VWA1_VWA1,TRUE,reported,VWA1_VWA1
