chr.exposure,pos.exposure,SNP,effect_allele.exposure,other_allele.exposure,beta.exposure,pval.exposure,se.exposure,samplesize.exposure,eaf.exposure,exposure,mr_keep.exposure,pval_origin.exposure,id.exposure
6,32539352,rs113128948,T,C,0.0562,3.108e-11,0.008462,35411,0.31906,COL11A2_COL11A2,TRUE,reported,COL11A2_COL11A2
6,32789812,rs58327373,T,A,-0.1431,5.988e-11,0.021867,35429,0.0358,COL11A2_COL11A2,TRUE,reported,COL11A2_COL11A2
6,32970484,rs139285716,G,T,0.1187,8.557e-09,0.020618,35428,0.04223,COL11A2_COL11A2,TRUE,reported,COL11A2_COL11A2
6,32980685,rs3918140,A,G,0.1491,1.936e-12,0.021182,35427,0.04021,COL11A2_COL11A2,TRUE,reported,COL11A2_COL11A2
6,33140252,rs926422,G,C,0.7138,1.241e-44,0.050927,35428,0.00592,COL11A2_COL11A2,TRUE,reported,COL11A2_COL11A2
6,33171885,rs2855434,G,A,0.2362,7.478e-169,0.008528,35427,0.3478,COL11A2_COL11A2,TRUE,reported,COL11A2_COL11A2
6,33246285,rs116196901,A,C,-0.2393,8.682e-13,0.033469,35413,0.01642,COL11A2_COL11A2,TRUE,reported,COL11A2_COL11A2
6,33389536,rs369560730,T,C,-0.2129,2.388e-09,0.035668,35412,0.01508,COL11A2_COL11A2,TRUE,reported,COL11A2_COL11A2
6,33443896,rs191549504,C,T,0.5999,2.183e-41,0.044518,35409,0.00865,COL11A2_COL11A2,TRUE,reported,COL11A2_COL11A2
6,33562859,rs111678491,GTGTGTG,G,0.5974,7.432e-41,0.044633,35357,0.00858,COL11A2_COL11A2,TRUE,reported,COL11A2_COL11A2
6,33589402,rs480568,T,G,-0.2034,7.542e-09,0.0352,35358,0.01433,COL11A2_COL11A2,TRUE,reported,COL11A2_COL11A2
6,33691003,rs35506178,T,C,0.1103,5.372e-12,0.015996,35351,0.07254,COL11A2_COL11A2,TRUE,reported,COL11A2_COL11A2
6,33802852,rs3806110,A,G,-0.0713,1.205e-16,0.008608,35351,0.35533,COL11A2_COL11A2,TRUE,reported,COL11A2_COL11A2
6,33805744,rs112160507,A,G,0.2535,3.607e-15,0.03222,35351,0.01624,COL11A2_COL11A2,TRUE,reported,COL11A2_COL11A2
6,33868460,rs16869619,ATTCGCCTTTCCCC,ATTCGCCTTCCCCC,0.6346,3.716e-25,0.061247,35343,0.00429,COL11A2_COL11A2,TRUE,reported,COL11A2_COL11A2
6,33905598,rs72887195,T,C,0.2331,4.251e-13,0.032164,35342,0.01577,COL11A2_COL11A2,TRUE,reported,COL11A2_COL11A2
6,33918025,rs2477223,A,G,0.0935,4.7e-09,0.015963,35342,0.07151,COL11A2_COL11A2,TRUE,reported,COL11A2_COL11A2
