chr.exposure,pos.exposure,SNP,effect_allele.exposure,other_allele.exposure,beta.exposure,pval.exposure,se.exposure,samplesize.exposure,eaf.exposure,exposure,mr_keep.exposure,pval_origin.exposure,id.exposure
6,35927393,rs141748353,T,C,-0.3771,4.194e-23,0.038094,35356,0.0125,PPIL1_PPIL1,TRUE,reported,PPIL1_PPIL1
6,36270314,rs116554614,T,C,-0.2889,7.41e-17,0.034639,35352,0.01521,PPIL1_PPIL1,TRUE,reported,PPIL1_PPIL1
6,36295214,rs4713951,T,C,0.0573,3.379e-11,0.008644,35348,0.39979,PPIL1_PPIL1,TRUE,reported,PPIL1_PPIL1
6,36345899,rs9470255,C,G,-0.0672,4.297e-15,0.008565,35352,0.46574,PPIL1_PPIL1,TRUE,reported,PPIL1_PPIL1
6,36473066,rs147838259,ATT,AT,-0.2322,1.411e-34,0.018933,35355,0.0534,PPIL1_PPIL1,TRUE,reported,PPIL1_PPIL1
6,36567808,rs9462199,A,G,-0.3326,1.708e-22,0.034086,35355,0.01447,PPIL1_PPIL1,TRUE,reported,PPIL1_PPIL1
6,36567911,rs671516,A,G,0.0627,6.127e-11,0.009586,35355,0.2661,PPIL1_PPIL1,TRUE,reported,PPIL1_PPIL1
6,36596023,rs12664831,CAAGGGATTGTTC,CAAGCGATTGTTC,-0.3852,1.294e-63,0.022877,35354,0.03509,PPIL1_PPIL1,TRUE,reported,PPIL1_PPIL1
6,36608857,rs646574,C,T,0.3469,7.926e-41,0.025927,35354,0.0278,PPIL1_PPIL1,TRUE,reported,PPIL1_PPIL1
6,36679848,rs3176332,T,G,-0.4146,3.353e-45,0.029386,35356,0.02154,PPIL1_PPIL1,TRUE,reported,PPIL1_PPIL1
6,36773877,rs2033419,A,C,-0.2019,5.165e-24,0.019977,35356,0.04807,PPIL1_PPIL1,TRUE,reported,PPIL1_PPIL1
6,36845543,rs9470418,G,T,0.0905,1.13e-21,0.009462,35353,0.28611,PPIL1_PPIL1,TRUE,reported,PPIL1_PPIL1
6,36916290,rs12215816,G,A,-1.1422,1e-200,0.015049,35354,0.0488,PPIL1_PPIL1,TRUE,reported,PPIL1_PPIL1
6,37007181,rs79276891,C,T,-0.2105,8.655e-39,0.016159,35356,0.07413,PPIL1_PPIL1,TRUE,reported,PPIL1_PPIL1
6,37169650,rs262935,A,C,0.1874,4.604e-17,0.022319,35356,0.03756,PPIL1_PPIL1,TRUE,reported,PPIL1_PPIL1
6,37244238,rs138076493,A,G,-0.3166,5.956e-43,0.023044,35359,0.03598,PPIL1_PPIL1,TRUE,reported,PPIL1_PPIL1
6,37541537,rs373381440,GGGGTGTGTGTGTGTGTGTGTGTGTGT,GGTGTGTGTGTGT,-0.9238,3.441e-105,0.042411,35358,0.01039,PPIL1_PPIL1,TRUE,reported,PPIL1_PPIL1
6,37582298,rs115916910,C,A,-0.2963,3.709e-20,0.03222,35360,0.0172,PPIL1_PPIL1,TRUE,reported,PPIL1_PPIL1
6,37639958,rs115248828,C,T,-0.2862,1.056e-29,0.025285,35361,0.02821,PPIL1_PPIL1,TRUE,reported,PPIL1_PPIL1
6,37662244,rs16890055,T,C,-0.1428,2.479e-16,0.017422,35361,0.06338,PPIL1_PPIL1,TRUE,reported,PPIL1_PPIL1
6,37766274,rs142136176,C,A,-0.1776,1.266e-17,0.02078,35363,0.04367,PPIL1_PPIL1,TRUE,reported,PPIL1_PPIL1
