chr.exposure,pos.exposure,SNP,effect_allele.exposure,other_allele.exposure,beta.exposure,pval.exposure,se.exposure,samplesize.exposure,eaf.exposure,exposure,mr_keep.exposure,pval_origin.exposure,id.exposure
16,56620153,rs150405860,T,C,-0.1316,6.485e-13,0.018304,35372,0.05421,CCL22_MDC,TRUE,reported,CCL22_MDC
16,56758448,rs145734877,G,C,-0.3061,4.14e-19,0.034266,35371,0.01455,CCL22_MDC,TRUE,reported,CCL22_MDC
16,56929523,rs140133389,TGGCGG,TGGGGG,-0.1068,1.003e-09,0.017483,35370,0.06007,CCL22_MDC,TRUE,reported,CCL22_MDC
16,56973280,rs9930761,C,T,-0.0933,1.698e-09,0.015487,35369,0.07886,CCL22_MDC,TRUE,reported,CCL22_MDC
16,57009000,rs1651663,GTAAG,ATAAG,-0.0825,7.03e-21,0.008802,35369,0.33434,CCL22_MDC,TRUE,reported,CCL22_MDC
16,57016929,rs16942394,T,C,-0.0524,2.404e-10,0.008274,35370,0.49129,CCL22_MDC,TRUE,reported,CCL22_MDC
16,57077504,rs77424003,A,G,-0.4015,4.842e-42,0.029552,35371,0.01996,CCL22_MDC,TRUE,reported,CCL22_MDC
16,57087471,rs711757,G,A,0.0663,3.007e-15,0.008402,35372,0.45481,CCL22_MDC,TRUE,reported,CCL22_MDC
16,57278621,rs146035976,T,C,-0.1759,1.992e-19,0.019515,35374,0.04701,CCL22_MDC,TRUE,reported,CCL22_MDC
16,57286010,rs71375907,G,T,-0.2383,4.933e-58,0.014839,35373,0.08794,CCL22_MDC,TRUE,reported,CCL22_MDC
16,57349752,rs72784876,T,C,0.2291,1.318e-68,0.013088,35373,0.11169,CCL22_MDC,TRUE,reported,CCL22_MDC
16,57363977,rs35849109,A,G,-0.2174,2.786e-28,0.019713,35373,0.04788,CCL22_MDC,TRUE,reported,CCL22_MDC
16,57393024,rs11076190,T,C,0.2441,7.218e-39,0.018719,35373,0.05146,CCL22_MDC,TRUE,reported,CCL22_MDC
16,57401753,rs62037104,A,C,-0.651,4.027e-142,0.025649,35373,0.02622,CCL22_MDC,TRUE,reported,CCL22_MDC
16,57479627,rs62039360,A,G,0.1614,9.306e-12,0.023677,35371,0.03217,CCL22_MDC,TRUE,reported,CCL22_MDC
16,57607365,rs9927812,A,G,0.0654,2.854e-11,0.009829,35371,0.23305,CCL22_MDC,TRUE,reported,CCL22_MDC
16,57627096,rs62036124,C,T,-0.2023,1.979e-35,0.016285,35368,0.06996,CCL22_MDC,TRUE,reported,CCL22_MDC
16,57693052,rs2077612,A,G,-0.1157,7.138e-10,0.018773,35372,0.04704,CCL22_MDC,TRUE,reported,CCL22_MDC
16,57702424,rs149034664,G,A,-0.153,5.877e-16,0.018908,35373,0.05255,CCL22_MDC,TRUE,reported,CCL22_MDC
16,57886557,rs7198149,T,C,-0.1071,1.157e-13,0.014431,35371,0.0907,CCL22_MDC,TRUE,reported,CCL22_MDC
16,57921799,rs3784899,A,G,-0.1172,5.42e-11,0.017869,35376,0.05921,CCL22_MDC,TRUE,reported,CCL22_MDC
