chr.exposure,pos.exposure,SNP,effect_allele.exposure,other_allele.exposure,beta.exposure,pval.exposure,se.exposure,samplesize.exposure,eaf.exposure,exposure,mr_keep.exposure,pval_origin.exposure,id.exposure
6,30697902,rs370242562,TTTTTGTTTT,TTTTGTTTT,0.118,1.901e-11,0.017577,35441,0.06387,MICB_MICB,TRUE,reported,MICB_MICB
6,30795979,rs3131063,A,G,-0.1942,7.283e-118,0.008414,35442,0.4411,MICB_MICB,TRUE,reported,MICB_MICB
6,31030552,rs12110795,C,T,-0.8807,1.985e-49,0.059589,35439,0.00535,MICB_MICB,TRUE,reported,MICB_MICB
6,31136276,rs145162876,T,A,0.1634,1.695e-09,0.027122,35439,0.02382,MICB_MICB,TRUE,reported,MICB_MICB
6,31144358,rs149792111,A,C,-0.2526,1.833e-10,0.039625,35439,0.01121,MICB_MICB,TRUE,reported,MICB_MICB
6,31149298,rs1265115,A,C,0.2835,1e-200,0.008492,35439,0.38368,MICB_MICB,TRUE,reported,MICB_MICB
6,31234077,rs141899063,C,T,0.4129,1.369e-24,0.040338,35439,0.01089,MICB_MICB,TRUE,reported,MICB_MICB
6,31326616,rs142348177,G,A,-0.369,1.957e-16,0.044865,35439,0.0086,MICB_MICB,TRUE,reported,MICB_MICB
6,31395807,rs116704939,C,T,0.2395,1.372e-126,0.010007,35440,0.22691,MICB_MICB,TRUE,reported,MICB_MICB
6,31448113,rs6931907,G,A,-0.7773,4.419e-24,0.076794,35439,0.00318,MICB_MICB,TRUE,reported,MICB_MICB
6,31495714,rs2516408,A,G,-0.4565,1e-200,0.006384,35441,0.27824,MICB_MICB,TRUE,reported,MICB_MICB
6,31538997,rs71563350,T,C,0.4308,4.936e-64,0.025499,35439,0.02746,MICB_MICB,TRUE,reported,MICB_MICB
6,31598421,rs62395787,A,C,0.4249,1.799e-32,0.035811,35437,0.01359,MICB_MICB,TRUE,reported,MICB_MICB
6,31602089,rs9267515,A,G,-0.4216,1e-200,0.006539,35435,0.26397,MICB_MICB,TRUE,reported,MICB_MICB
6,31700272,rs9267542,T,C,0.1153,1.044e-30,0.010009,35439,0.22412,MICB_MICB,TRUE,reported,MICB_MICB
6,31953096,rs4151664,T,C,1.1439,1e-200,0.014408,35441,0.0405,MICB_MICB,TRUE,reported,MICB_MICB
6,32010978,rs28585492,G,A,-0.2141,1.422e-42,0.015656,35441,0.07316,MICB_MICB,TRUE,reported,MICB_MICB
6,32405601,rs3806155,T,A,-0.139,2.604e-10,0.021991,35439,0.03719,MICB_MICB,TRUE,reported,MICB_MICB
6,32480940,rs117261913,AAT,CAT,-0.3247,6.068e-199,0.01079,35435,0.22505,MICB_MICB,TRUE,reported,MICB_MICB
6,32485869,rs9269239,AAAAGAAAAGTAAAAGAA,AAAAAAAAAGTAAAAGAA,-0.5289,1e-200,0.008264,35439,0.14194,MICB_MICB,TRUE,reported,MICB_MICB
