chr.exposure,pos.exposure,SNP,effect_allele.exposure,other_allele.exposure,beta.exposure,pval.exposure,se.exposure,samplesize.exposure,eaf.exposure,exposure,mr_keep.exposure,pval_origin.exposure,id.exposure
9,91486196,rs35868084,G,C,0.1483,5.718e-10,0.023927,35356,0.03085,ASPN_ASPN,TRUE,reported,ASPN_ASPN
9,91543874,rs10632257,ATTTATTTATTTT,ATTTATTTT,-0.1344,3.186e-15,0.017048,35356,0.06089,ASPN_ASPN,TRUE,reported,ASPN_ASPN
9,91687866,rs10992048,C,T,-0.143,4.388e-21,0.015176,35356,0.07874,ASPN_ASPN,TRUE,reported,ASPN_ASPN
9,91784791,rs78684094,G,C,-0.2392,1.628e-26,0.022447,35357,0.03543,ASPN_ASPN,TRUE,reported,ASPN_ASPN
9,91809433,rs117869062,G,A,0.1538,8.216e-11,0.023674,35357,0.03074,ASPN_ASPN,TRUE,reported,ASPN_ASPN
9,91869448,rs11789730,T,C,0.1217,2.043e-44,0.008705,35357,0.33094,ASPN_ASPN,TRUE,reported,ASPN_ASPN
9,91889747,rs184050768,C,G,-0.1501,1.592e-08,0.02656,35357,0.02602,ASPN_ASPN,TRUE,reported,ASPN_ASPN
9,91933088,rs149091098,A,G,-0.6436,4.819e-36,0.051345,35358,0.0065,ASPN_ASPN,TRUE,reported,ASPN_ASPN
9,92062134,rs150918358,A,G,-0.5134,2.034e-49,0.034741,35358,0.01441,ASPN_ASPN,TRUE,reported,ASPN_ASPN
9,92373271,rs76741658,A,T,0.2881,3.388e-47,0.019966,35359,0.04422,ASPN_ASPN,TRUE,reported,ASPN_ASPN
9,92424655,rs2761681,G,A,-0.3927,1e-200,0.006475,35359,0.36813,ASPN_ASPN,TRUE,reported,ASPN_ASPN
9,92775834,rs76823341,A,G,0.1838,1.191e-14,0.023818,35359,0.0303,ASPN_ASPN,TRUE,reported,ASPN_ASPN
9,92803908,rs145723037,T,G,0.2665,1.484e-15,0.033403,35357,0.01509,ASPN_ASPN,TRUE,reported,ASPN_ASPN
9,92882526,rs41273382,G,A,0.1378,2.041e-11,0.020558,35361,0.04266,ASPN_ASPN,TRUE,reported,ASPN_ASPN
9,92901493,rs199785385,C,G,-0.2892,4.205e-22,0.029919,35361,0.01688,ASPN_ASPN,TRUE,reported,ASPN_ASPN
9,93059220,rs74771220,C,G,-0.1305,5.304e-29,0.011676,35355,0.14622,ASPN_ASPN,TRUE,reported,ASPN_ASPN
9,93095051,rs13288200,G,A,0.0883,2.445e-21,0.00931,35357,0.2708,ASPN_ASPN,TRUE,reported,ASPN_ASPN
9,93102773,rs116836559,G,A,-0.2638,4.481e-14,0.034958,35357,0.01249,ASPN_ASPN,TRUE,reported,ASPN_ASPN
9,93377343,rs72743483,GA,TA,-0.1584,6.966e-22,0.016476,35361,0.06822,ASPN_ASPN,TRUE,reported,ASPN_ASPN
9,93463187,rs7023933,CTTTTTTTTT,CTTTTTTTTA,-0.0869,1.368e-15,0.010878,35361,0.16984,ASPN_ASPN,TRUE,reported,ASPN_ASPN
9,93464533,rs117836120,A,G,-0.1872,6.056e-09,0.032191,35361,0.01674,ASPN_ASPN,TRUE,reported,ASPN_ASPN
