chr.exposure,pos.exposure,SNP,effect_allele.exposure,other_allele.exposure,beta.exposure,pval.exposure,se.exposure,samplesize.exposure,eaf.exposure,exposure,mr_keep.exposure,pval_origin.exposure,id.exposure
11,17396662,rs12288315,C,G,0.0758,2.001e-11,0.011303,35374,0.15696,SAA1_SAA,TRUE,reported,SAA1_SAA
11,17420281,rs4757517,A,G,0.0492,8.068e-09,0.008531,35373,0.37417,SAA1_SAA,TRUE,reported,SAA1_SAA
11,17664600,rs79254107,TTTTAA,TTTTTA,-0.102,2.767e-08,0.01836,35372,0.0534,SAA1_SAA,TRUE,reported,SAA1_SAA
11,17673498,rs142956715,A,G,-0.1749,2.993e-11,0.026313,35372,0.02615,SAA1_SAA,TRUE,reported,SAA1_SAA
11,17739211,rs140228831,A,G,0.1221,7.608e-11,0.018761,35370,0.05051,SAA1_SAA,TRUE,reported,SAA1_SAA
11,17805949,rs2299629,A,G,-0.2137,5.737e-25,0.020708,35387,0.0395,SAA1_SAA,TRUE,reported,SAA1_SAA
11,17842378,rs16934735,G,A,-0.0809,3.923e-15,0.010296,35387,0.20137,SAA1_SAA,TRUE,reported,SAA1_SAA
11,18165234,rs2468850,G,C,0.1089,2.555e-13,0.014885,35384,0.08391,SAA1_SAA,TRUE,reported,SAA1_SAA
11,18204280,rs11824673,C,A,-0.1843,4.272e-17,0.021927,35383,0.03579,SAA1_SAA,TRUE,reported,SAA1_SAA
11,18246514,rs75846249,T,C,0.2064,5.81e-24,0.020446,35382,0.04113,SAA1_SAA,TRUE,reported,SAA1_SAA
11,18259448,rs10430893,T,C,-0.7459,1e-200,0.012765,35382,0.0694,SAA1_SAA,TRUE,reported,SAA1_SAA
11,18269765,rs15790,T,C,0.3503,2.002e-153,0.013276,35382,0.10719,SAA1_SAA,TRUE,reported,SAA1_SAA
11,18397138,rs149686758,G,A,0.2036,1.105e-09,0.033413,35382,0.01537,SAA1_SAA,TRUE,reported,SAA1_SAA
11,18439507,rs2658548,C,G,0.1369,4e-42,0.010066,35382,0.21413,SAA1_SAA,TRUE,reported,SAA1_SAA
11,18699431,rs7950030,G,C,-0.1093,4.445e-39,0.008358,35382,0.4126,SAA1_SAA,TRUE,reported,SAA1_SAA
11,18715819,rs4485084,A,C,-0.2901,3.903e-13,0.039965,35383,0.01111,SAA1_SAA,TRUE,reported,SAA1_SAA
11,18719537,rs117316711,T,A,0.2403,5.571e-13,0.033326,35382,0.01537,SAA1_SAA,TRUE,reported,SAA1_SAA
11,18730594,rs56101712,T,C,-0.1155,2.73e-15,0.014615,35380,0.08427,SAA1_SAA,TRUE,reported,SAA1_SAA
11,18770637,rs4348874,A,G,-0.0722,1.053e-15,0.009002,35377,0.30586,SAA1_SAA,TRUE,reported,SAA1_SAA
11,18778842,rs35599608,T,C,-0.2322,9.159e-17,0.027925,35379,0.02171,SAA1_SAA,TRUE,reported,SAA1_SAA
11,18780956,rs11024792,C,T,0.063,2.04e-13,0.008576,35377,0.35647,SAA1_SAA,TRUE,reported,SAA1_SAA
11,19089871,rs187550847,A,G,-0.377,9.596e-13,0.052829,35382,0.00616,SAA1_SAA,TRUE,reported,SAA1_SAA
