chr.exposure,pos.exposure,SNP,effect_allele.exposure,other_allele.exposure,beta.exposure,pval.exposure,se.exposure,samplesize.exposure,eaf.exposure,exposure,mr_keep.exposure,pval_origin.exposure,id.exposure
7,142152721,rs6464466,C,A,0.0576,3.461e-11,0.008694,35374,0.43533,PIP_PIP,TRUE,reported,PIP_PIP
7,142282501,rs1540262,C,T,0.3341,1.979e-32,0.028177,35374,0.02282,PIP_PIP,TRUE,reported,PIP_PIP
7,142426674,rs62472762,C,G,0.0703,9.657e-16,0.008753,35369,0.4284,PIP_PIP,TRUE,reported,PIP_PIP
7,142522126,rs2040373,C,A,-0.0777,3.454e-13,0.01068,35358,0.36767,PIP_PIP,TRUE,reported,PIP_PIP
7,142723941,rs62470636,G,A,0.4539,3.058e-12,0.065075,35373,0.00496,PIP_PIP,TRUE,reported,PIP_PIP
7,142846995,rs183882885,T,C,-0.565,1.64e-29,0.050087,35374,0.00765,PIP_PIP,TRUE,reported,PIP_PIP
7,142856027,rs8177105,C,T,0.1502,1.374e-40,0.01126,35374,0.18139,PIP_PIP,TRUE,reported,PIP_PIP
7,142916597,rs73170650,C,T,-0.1657,9.026e-10,0.02705,35374,0.02502,PIP_PIP,TRUE,reported,PIP_PIP
7,142940627,rs62470965,T,G,0.2837,1.465e-11,0.042021,35374,0.01057,PIP_PIP,TRUE,reported,PIP_PIP
7,143030739,rs114967041,A,C,0.2952,3.235e-08,0.053399,35373,0.0073,PIP_PIP,TRUE,reported,PIP_PIP
7,143036675,rs141911657,G,A,-0.1615,1.505e-09,0.026721,35373,0.02558,PIP_PIP,TRUE,reported,PIP_PIP
7,143041505,rs149884636,A,G,-1.1871,2.583e-172,0.042421,35373,0.00999,PIP_PIP,TRUE,reported,PIP_PIP
7,143131985,rs149708078,A,G,-0.1976,1.408e-08,0.034835,35373,0.01512,PIP_PIP,TRUE,reported,PIP_PIP
7,143139110,rs73170678,T,A,0.5985,1e-200,0.009054,35373,0.13752,PIP_PIP,TRUE,reported,PIP_PIP
7,143139553,rs75076193,T,C,-1.8863,1e-200,0.03289,35373,0.0087,PIP_PIP,TRUE,reported,PIP_PIP
7,143149567,rs117831221,A,G,0.1655,2.946e-22,0.017058,35373,0.06744,PIP_PIP,TRUE,reported,PIP_PIP
7,143153633,rs315288,G,A,0.2011,1.747e-26,0.018883,35373,0.05454,PIP_PIP,TRUE,reported,PIP_PIP
7,143376165,rs12537440,A,G,-0.1566,1.666e-41,0.011604,35369,0.16195,PIP_PIP,TRUE,reported,PIP_PIP
7,143496593,rs1404638,A,G,0.1102,4.275e-20,0.012003,35373,0.14847,PIP_PIP,TRUE,reported,PIP_PIP
7,143501625,rs73154254,G,A,-0.349,4.141e-18,0.040231,35373,0.01156,PIP_PIP,TRUE,reported,PIP_PIP
7,143801651,rs201316145,T,C,-0.1024,1.999e-15,0.012894,35371,0.14074,PIP_PIP,TRUE,reported,PIP_PIP
7,143888155,rs144340153,G,C,-1.2403,8.485e-32,0.105697,35373,0.00147,PIP_PIP,TRUE,reported,PIP_PIP
7,143947526,rs1012771,AATT,AAAT,0.0955,3.713e-11,0.014437,35373,0.10128,PIP_PIP,TRUE,reported,PIP_PIP
