chr.exposure,pos.exposure,SNP,effect_allele.exposure,other_allele.exposure,beta.exposure,pval.exposure,se.exposure,samplesize.exposure,eaf.exposure,exposure,mr_keep.exposure,pval_origin.exposure,id.exposure
12,54856226,rs66590023,C,T,-0.3327,1.369e-10,0.051828,35375,0.00588,MMP19_MMP19,TRUE,reported,MMP19_MMP19
12,55161367,rs78948003,A,G,-0.5556,2.125e-20,0.060027,35376,0.00508,MMP19_MMP19,TRUE,reported,MMP19_MMP19
12,55527221,rs145906252,A,G,-0.2519,2.919e-09,0.042435,35378,0.0098,MMP19_MMP19,TRUE,reported,MMP19_MMP19
12,55555689,rs117453607,C,A,-0.3601,9.815e-13,0.050483,35378,0.00738,MMP19_MMP19,TRUE,reported,MMP19_MMP19
12,55559946,rs55633624,AGAATAAGAA,GGAATAAGAA,0.0947,2.754e-09,0.015928,35378,0.07701,MMP19_MMP19,TRUE,reported,MMP19_MMP19
12,55824641,rs75446180,C,T,-0.1966,1.691e-13,0.026671,35371,0.02466,MMP19_MMP19,TRUE,reported,MMP19_MMP19
12,55840176,rs17844795,A,G,-0.0958,7.888e-10,0.015584,35372,0.08051,MMP19_MMP19,TRUE,reported,MMP19_MMP19
12,55848171,rs7296597,G,A,0.2049,8.804e-25,0.019935,35372,0.04715,MMP19_MMP19,TRUE,reported,MMP19_MMP19
12,56057273,rs186557193,C,G,-0.2741,6.001e-13,0.038067,35369,0.01198,MMP19_MMP19,TRUE,reported,MMP19_MMP19
12,56737426,rs147669141,T,C,-0.4771,1.454e-18,0.054258,35369,0.00609,MMP19_MMP19,TRUE,reported,MMP19_MMP19
