chr.exposure,pos.exposure,SNP,effect_allele.exposure,other_allele.exposure,beta.exposure,pval.exposure,se.exposure,samplesize.exposure,eaf.exposure,exposure,mr_keep.exposure,pval_origin.exposure,id.exposure
1,42512921,rs72659938,A,G,0.2076,4.423e-10,0.033278,35366,0.01463,TIE1_sTie_1,TRUE,reported,TIE1_sTie_1
1,42697856,rs114044599,G,A,0.1917,1.937e-15,0.024127,35365,0.02951,TIE1_sTie_1,TRUE,reported,TIE1_sTie_1
1,42905469,rs1098783,C,A,0.1922,1.125e-27,0.017629,35363,0.05545,TIE1_sTie_1,TRUE,reported,TIE1_sTie_1
1,42990125,rs12124197,T,C,0.1081,1.042e-10,0.016732,35363,0.06327,TIE1_sTie_1,TRUE,reported,TIE1_sTie_1
1,43037052,rs111719392,ACACACACACACACG,ACACG,0.1959,1.821e-22,0.02009,35361,0.0422,TIE1_sTie_1,TRUE,reported,TIE1_sTie_1
1,43043034,rs841396,T,C,0.2163,3.621e-24,0.021329,35361,0.03731,TIE1_sTie_1,TRUE,reported,TIE1_sTie_1
1,43229982,rs622762,C,T,0.0781,7.614e-10,0.012693,35364,0.11301,TIE1_sTie_1,TRUE,reported,TIE1_sTie_1
1,43294565,rs7549876,T,G,-0.1964,2.912e-129,0.008119,35362,0.39975,TIE1_sTie_1,TRUE,reported,TIE1_sTie_1
1,43885628,rs72684762,T,G,-0.1831,2.588e-14,0.024037,35364,0.0277,TIE1_sTie_1,TRUE,reported,TIE1_sTie_1
1,44025051,rs7554322,T,C,-0.1009,1.285e-18,0.011457,35361,0.14475,TIE1_sTie_1,TRUE,reported,TIE1_sTie_1
1,44075138,rs141683642,CACACACACACACAT,CACACAT,0.2009,1.337e-20,0.02159,35364,0.03725,TIE1_sTie_1,TRUE,reported,TIE1_sTie_1
1,44142359,rs2022029,G,A,0.2448,6.945e-24,0.024292,35364,0.02711,TIE1_sTie_1,TRUE,reported,TIE1_sTie_1
