chr.exposure,pos.exposure,SNP,effect_allele.exposure,other_allele.exposure,beta.exposure,pval.exposure,se.exposure,samplesize.exposure,eaf.exposure,exposure,mr_keep.exposure,pval_origin.exposure,id.exposure
14,20488968,rs189943556,A,G,-0.7446,2.231e-18,0.085146,35326,0.00224,RNASE1_RNase_1,TRUE,reported,RNASE1_RNase_1
14,20627658,rs75124405,A,G,-0.2848,3.88e-16,0.034978,35331,0.01388,RNASE1_RNase_1,TRUE,reported,RNASE1_RNase_1
14,20627911,rs79215836,G,A,0.0645,1.612e-08,0.011418,35330,0.15764,RNASE1_RNase_1,TRUE,reported,RNASE1_RNase_1
14,20668887,rs147444931,C,T,-0.2006,1.897e-11,0.029879,35337,0.01911,RNASE1_RNase_1,TRUE,reported,RNASE1_RNase_1
14,20715548,rs12884712,C,T,-0.1108,4.009e-30,0.009716,35332,0.23225,RNASE1_RNase_1,TRUE,reported,RNASE1_RNase_1
14,20733516,rs58257226,GAG,AG,-0.0802,2.458e-22,0.00825,35339,0.47769,RNASE1_RNase_1,TRUE,reported,RNASE1_RNase_1
14,20738473,rs199717548,TAAATAAATAAATAAATAAATAAATAAATAAAT,ATAAATAAATAAATAAATAAATAAATAAATAAAT,0.141,1.028e-14,0.018227,35341,0.05369,RNASE1_RNase_1,TRUE,reported,RNASE1_RNase_1
14,20774735,rs76787317,T,C,-0.3185,2.823e-38,0.024621,35340,0.02911,RNASE1_RNase_1,TRUE,reported,RNASE1_RNase_1
14,20809662,rs74034614,C,T,-0.1496,1.265e-16,0.018075,35336,0.05497,RNASE1_RNase_1,TRUE,reported,RNASE1_RNase_1
14,20814883,rs12897030,T,C,0.2193,7.192e-131,0.009009,35332,0.29649,RNASE1_RNase_1,TRUE,reported,RNASE1_RNase_1
14,20819064,rs56216219,G,A,-0.4531,8.403e-104,0.020943,35332,0.04002,RNASE1_RNase_1,TRUE,reported,RNASE1_RNase_1
14,20827912,rs35917000,T,C,0.2802,7.717e-15,0.036052,35332,0.01383,RNASE1_RNase_1,TRUE,reported,RNASE1_RNase_1
14,20836760,rs74917846,T,C,-0.7234,1.79e-38,0.055771,35333,0.00522,RNASE1_RNase_1,TRUE,reported,RNASE1_RNase_1
14,20957508,rs117219627,G,A,-0.2264,8.72e-28,0.020722,35342,0.03999,RNASE1_RNase_1,TRUE,reported,RNASE1_RNase_1
14,21011296,rs2771354,G,A,-0.063,7.812e-14,0.00843,35339,0.40585,RNASE1_RNase_1,TRUE,reported,RNASE1_RNase_1
14,21317106,rs189499403,T,C,-0.2624,2.935e-12,0.037589,35358,0.01173,RNASE1_RNase_1,TRUE,reported,RNASE1_RNase_1
14,21613557,rs142822958,G,A,-0.2554,3.04e-10,0.040561,35365,0.01064,RNASE1_RNase_1,TRUE,reported,RNASE1_RNase_1
