chr.exposure,pos.exposure,SNP,effect_allele.exposure,other_allele.exposure,beta.exposure,pval.exposure,se.exposure,samplesize.exposure,eaf.exposure,exposure,mr_keep.exposure,pval_origin.exposure,id.exposure
14,91500320,rs117804205,G,C,-0.0938,6.606e-11,0.014366,35362,0.08614,ATXN3_ATX3,TRUE,reported,ATXN3_ATX3
14,91660837,rs12895718,G,C,0.0618,8.991e-12,0.009059,35361,0.2682,ATXN3_ATX3,TRUE,reported,ATXN3_ATX3
14,91746472,rs11621105,ATATATATATATATGTATGTGTA,GTATATATATATATGTATGTGTA,0.0527,8.09e-11,0.008109,35360,0.45127,ATXN3_ATX3,TRUE,reported,ATXN3_ATX3
14,91871430,rs2430340,A,G,-0.0706,2.366e-12,0.01007,35364,0.19512,ATXN3_ATX3,TRUE,reported,ATXN3_ATX3
14,91912809,rs368482801,CAAAAAAAAAAAA,CAAAAAAAAAA,-0.0868,2.281e-19,0.009646,35359,0.22989,ATXN3_ATX3,TRUE,reported,ATXN3_ATX3
14,91942759,rs8014548,C,T,0.2544,4.078e-60,0.015556,35362,0.07128,ATXN3_ATX3,TRUE,reported,ATXN3_ATX3
14,91965065,rs117069102,A,C,0.175,1.5e-08,0.03091,35362,0.01706,ATXN3_ATX3,TRUE,reported,ATXN3_ATX3
14,91993754,rs2273185,A,C,-0.2439,3.336e-192,0.008247,35361,0.3681,ATXN3_ATX3,TRUE,reported,ATXN3_ATX3
14,92162012,rs11546877,C,T,0.1756,1.284e-22,0.017943,35363,0.05315,ATXN3_ATX3,TRUE,reported,ATXN3_ATX3
14,92247218,rs10873419,A,G,-0.0941,2.279e-24,0.009238,35364,0.25788,ATXN3_ATX3,TRUE,reported,ATXN3_ATX3
14,92292907,rs56365547,C,T,0.165,1.246e-10,0.025647,35361,0.02342,ATXN3_ATX3,TRUE,reported,ATXN3_ATX3
14,92359491,rs61975591,T,C,0.1036,4.542e-17,0.012336,35363,0.12316,ATXN3_ATX3,TRUE,reported,ATXN3_ATX3
14,92445236,rs79012680,T,G,-0.0922,3.088e-12,0.013221,35366,0.10268,ATXN3_ATX3,TRUE,reported,ATXN3_ATX3
14,92452287,rs145223564,C,T,-0.1906,2.619e-09,0.032013,35366,0.0163,ATXN3_ATX3,TRUE,reported,ATXN3_ATX3
14,92454870,rs192136040,C,A,-0.1203,1.675e-08,0.02132,35367,0.03653,ATXN3_ATX3,TRUE,reported,ATXN3_ATX3
14,92558541,rs76590693,A,G,-0.1361,6.099e-11,0.020806,35360,0.03942,ATXN3_ATX3,TRUE,reported,ATXN3_ATX3
