chr.exposure,pos.exposure,SNP,effect_allele.exposure,other_allele.exposure,beta.exposure,pval.exposure,se.exposure,samplesize.exposure,eaf.exposure,exposure,mr_keep.exposure,pval_origin.exposure,id.exposure
15,88792138,rs8035336,T,G,0.0559,3.526e-09,0.009467,35351,0.25283,MFGE8_MFGM,TRUE,reported,MFGE8_MFGM
15,88823784,rs4932431,G,A,0.0477,7.633e-09,0.008258,35351,0.49721,MFGE8_MFGM,TRUE,reported,MFGE8_MFGM
15,88835653,rs11073814,T,A,-0.2026,1.541e-12,0.028653,35353,0.02231,MFGE8_MFGM,TRUE,reported,MFGE8_MFGM
15,88890901,rs4932442,G,T,-0.1099,6.535e-40,0.008312,35357,0.42342,MFGE8_MFGM,TRUE,reported,MFGE8_MFGM
15,88912537,rs34239095,G,C,0.2578,6.758e-179,0.00904,35356,0.28203,MFGE8_MFGM,TRUE,reported,MFGE8_MFGM
15,88949629,rs72749944,A,C,-0.2177,2.205e-17,0.025665,35356,0.02707,MFGE8_MFGM,TRUE,reported,MFGE8_MFGM
15,89007671,rs148802780,G,T,-0.151,8.668e-17,0.018145,35355,0.05443,MFGE8_MFGM,TRUE,reported,MFGE8_MFGM
15,89052643,rs138440531,G,A,-0.2645,1.448e-11,0.039168,35357,0.01151,MFGE8_MFGM,TRUE,reported,MFGE8_MFGM
15,89082153,rs1550473,C,G,0.0659,1.258e-15,0.008239,35358,0.48995,MFGE8_MFGM,TRUE,reported,MFGE8_MFGM
15,89550486,rs11635127,T,A,0.1131,2.178e-09,0.018901,35353,0.05143,MFGE8_MFGM,TRUE,reported,MFGE8_MFGM
15,89737027,rs190483658,C,G,0.3448,3.401e-14,0.045476,35355,0.00767,MFGE8_MFGM,TRUE,reported,MFGE8_MFGM
