chr.exposure,pos.exposure,SNP,effect_allele.exposure,other_allele.exposure,beta.exposure,pval.exposure,se.exposure,samplesize.exposure,eaf.exposure,exposure,mr_keep.exposure,pval_origin.exposure,id.exposure
20,58081173,rs145715285,A,C,-1.2206,8.919e-13,0.170803,35382,0.00053,CTSZ_CATZ,TRUE,reported,CTSZ_CATZ
20,58348723,rs150935436,T,C,-0.2779,5.463e-11,0.042377,35380,0.00935,CTSZ_CATZ,TRUE,reported,CTSZ_CATZ
20,58509527,rs73918405,T,C,-0.3421,4.657e-12,0.049467,35377,0.00768,CTSZ_CATZ,TRUE,reported,CTSZ_CATZ
20,58589891,rs6070524,A,G,-0.0938,1.406e-15,0.011747,35379,0.14716,CTSZ_CATZ,TRUE,reported,CTSZ_CATZ
20,58599027,rs144349863,TCTATCTATCTAT,TCTAT,-0.4549,1.169e-48,0.031031,35379,0.01891,CTSZ_CATZ,TRUE,reported,CTSZ_CATZ
20,58800127,rs2180797,A,G,0.0511,9.211e-10,0.008346,35381,0.48168,CTSZ_CATZ,TRUE,reported,CTSZ_CATZ
20,58811584,rs6015379,G,A,-0.0552,3.523e-11,0.008335,35381,0.46014,CTSZ_CATZ,TRUE,reported,CTSZ_CATZ
20,58924259,rs234614,T,G,-0.0964,1.09e-26,0.009015,35381,0.30556,CTSZ_CATZ,TRUE,reported,CTSZ_CATZ
20,58963585,rs7353214,G,C,0.0682,5.459e-15,0.008726,35381,0.35802,CTSZ_CATZ,TRUE,reported,CTSZ_CATZ
20,59000539,rs163790,T,C,-0.0646,7.726e-13,0.009015,35381,0.30491,CTSZ_CATZ,TRUE,reported,CTSZ_CATZ
20,59027157,rs148370779,T,C,-1.6072,1e-200,0.024496,35381,0.01666,CTSZ_CATZ,TRUE,reported,CTSZ_CATZ
20,59297830,rs260743,T,C,0.0573,8.786e-12,0.008395,35374,0.49449,CTSZ_CATZ,TRUE,reported,CTSZ_CATZ
20,59396029,rs6026850,T,C,0.0599,6.964e-09,0.010342,35378,0.2034,CTSZ_CATZ,TRUE,reported,CTSZ_CATZ
20,59422598,rs77816791,C,T,-0.2022,8.252e-12,0.029587,35378,0.02143,CTSZ_CATZ,TRUE,reported,CTSZ_CATZ
20,59426288,rs117192477,C,T,-0.1698,3.228e-12,0.024371,35378,0.03117,CTSZ_CATZ,TRUE,reported,CTSZ_CATZ
20,59453992,rs141127040,A,C,-0.2229,1.033e-11,0.032771,35377,0.01619,CTSZ_CATZ,TRUE,reported,CTSZ_CATZ
20,59661916,rs148083694,T,C,-0.2239,2.891e-10,0.035514,35379,0.01451,CTSZ_CATZ,TRUE,reported,CTSZ_CATZ
