chr.exposure,pos.exposure,SNP,effect_allele.exposure,other_allele.exposure,beta.exposure,pval.exposure,se.exposure,samplesize.exposure,eaf.exposure,exposure,mr_keep.exposure,pval_origin.exposure,id.exposure
11,125182950,rs145682062,T,G,-0.2513,6.523e-09,0.043307,35367,0.00924,CDON_CDON,TRUE,reported,CDON_CDON
11,125207085,rs117145977,T,C,-0.1943,3.446e-16,0.023821,35367,0.03128,CDON_CDON,TRUE,reported,CDON_CDON
11,125315608,rs75320944,C,T,0.0893,1.49e-09,0.014771,35364,0.08499,CDON_CDON,TRUE,reported,CDON_CDON
11,125350493,rs3808998,C,A,-0.1181,7.256e-12,0.017235,35364,0.06236,CDON_CDON,TRUE,reported,CDON_CDON
11,125404295,rs12422199,T,C,0.1306,4.797e-10,0.020978,35366,0.0397,CDON_CDON,TRUE,reported,CDON_CDON
11,125678977,rs10522682,ATTATATATATATATATATATATATA,ATTATATATATATATATATA,-0.3426,1.262e-36,0.027103,35371,0.02402,CDON_CDON,TRUE,reported,CDON_CDON
11,125959009,rs2509616,C,T,-0.0972,1.811e-31,0.008329,35372,0.42713,CDON_CDON,TRUE,reported,CDON_CDON
11,126018717,rs112978541,C,T,-0.6647,1e-200,0.01238,35369,0.07705,CDON_CDON,TRUE,reported,CDON_CDON
11,126090838,rs75458671,T,A,-0.2249,7.936e-39,0.017256,35367,0.06028,CDON_CDON,TRUE,reported,CDON_CDON
11,126134673,rs650735,C,T,-0.1473,1.979e-22,0.015119,35367,0.08437,CDON_CDON,TRUE,reported,CDON_CDON
11,126143335,rs201385537,CCTGTTATATATATATATATATTTT,CCTGTTATATATATATATATTTTTT,-0.2062,4.892e-11,0.031365,35366,0.01798,CDON_CDON,TRUE,reported,CDON_CDON
11,126162163,rs56266904,G,T,-0.1437,7.474e-24,0.01427,35367,0.09113,CDON_CDON,TRUE,reported,CDON_CDON
11,126240381,rs143392003,T,C,-0.1234,3.66e-08,0.02241,35380,0.03682,CDON_CDON,TRUE,reported,CDON_CDON
11,126297539,rs8177401,G,A,-0.1665,2.192e-11,0.024878,35376,0.02823,CDON_CDON,TRUE,reported,CDON_CDON
11,126357131,rs1893351,T,C,0.1262,2.029e-08,0.022498,35375,0.03325,CDON_CDON,TRUE,reported,CDON_CDON
11,126444486,rs12364203,A,G,-0.2263,3.907e-20,0.024623,35368,0.02897,CDON_CDON,TRUE,reported,CDON_CDON
11,126517763,rs12805953,A,G,-0.1668,8.993e-12,0.024451,35368,0.03079,CDON_CDON,TRUE,reported,CDON_CDON
11,126583120,rs77187511,A,C,-0.4548,1.755e-13,0.061741,35365,0.00509,CDON_CDON,TRUE,reported,CDON_CDON
