chr.exposure,pos.exposure,SNP,effect_allele.exposure,other_allele.exposure,beta.exposure,pval.exposure,se.exposure,samplesize.exposure,eaf.exposure,exposure,mr_keep.exposure,pval_origin.exposure,id.exposure
11,112122402,rs10891323,C,T,0.0954,6.572e-11,0.014609,35361,0.0943,NCAM1_NCAM_120,TRUE,reported,NCAM1_NCAM_120
11,112632047,rs2199199,G,A,-0.0647,9.877e-12,0.009503,35364,0.28038,NCAM1_NCAM_120,TRUE,reported,NCAM1_NCAM_120
11,112771352,rs61902388,T,C,0.1438,6.435e-64,0.00852,35362,0.45148,NCAM1_NCAM_120,TRUE,reported,NCAM1_NCAM_120
11,112808992,rs499785,C,G,-0.0872,2.17e-23,0.008751,35365,0.37993,NCAM1_NCAM_120,TRUE,reported,NCAM1_NCAM_120
11,112997231,rs11214446,C,A,0.2516,1.354e-13,0.033996,35363,0.0157,NCAM1_NCAM_120,TRUE,reported,NCAM1_NCAM_120
11,113000330,rs148431938,G,A,0.2929,9.854e-15,0.037837,35363,0.01339,NCAM1_NCAM_120,TRUE,reported,NCAM1_NCAM_120
11,113105212,rs11214489,T,C,-0.2693,8.989e-137,0.010819,35364,0.18757,NCAM1_NCAM_120,TRUE,reported,NCAM1_NCAM_120
11,113107480,rs76459171,A,C,0.1551,2.331e-10,0.024472,35364,0.03201,NCAM1_NCAM_120,TRUE,reported,NCAM1_NCAM_120
11,113148358,rs34102949,AGCTTTTTTTTTTTTTTTCCTTTTTTTTCTTTTTTTC,AGCTTTTTTTTTTTTTCCTTTTTTTTCTTTTTTTC,-0.1779,8.55e-39,0.013656,35360,0.1098,NCAM1_NCAM_120,TRUE,reported,NCAM1_NCAM_120
11,113198864,rs56012221,C,T,0.1557,4.073e-16,0.019136,35363,0.05103,NCAM1_NCAM_120,TRUE,reported,NCAM1_NCAM_120
11,113243107,rs149687208,G,A,-0.1938,4.567e-11,0.029433,35365,0.02145,NCAM1_NCAM_120,TRUE,reported,NCAM1_NCAM_120
11,113243511,rs11605668,C,T,-0.2387,4.095e-20,0.025987,35365,0.02715,NCAM1_NCAM_120,TRUE,reported,NCAM1_NCAM_120
11,113262954,rs2288158,G,T,0.327,2.689e-149,0.012566,35365,0.13012,NCAM1_NCAM_120,TRUE,reported,NCAM1_NCAM_120
11,113270750,rs182407816,C,G,0.3664,3.318e-09,0.061944,35364,0.00491,NCAM1_NCAM_120,TRUE,reported,NCAM1_NCAM_120
11,113544413,rs4636708,A,G,-0.053,5.761e-10,0.008553,35366,0.45917,NCAM1_NCAM_120,TRUE,reported,NCAM1_NCAM_120
11,113649477,rs28454364,T,C,0.2869,3.17e-15,0.03639,35366,0.01356,NCAM1_NCAM_120,TRUE,reported,NCAM1_NCAM_120
11,113763072,rs150882087,T,C,0.2109,2.2e-10,0.03323,35366,0.01697,NCAM1_NCAM_120,TRUE,reported,NCAM1_NCAM_120
