chr.exposure,pos.exposure,SNP,effect_allele.exposure,other_allele.exposure,beta.exposure,pval.exposure,se.exposure,samplesize.exposure,eaf.exposure,exposure,mr_keep.exposure,pval_origin.exposure,id.exposure
10,71259376,rs7915323,T,A,0.0982,8.409e-11,0.015124,35373,0.07909,C10orf54_GI24,TRUE,reported,C10orf54_GI24
10,71525252,rs4747159,A,C,-0.0597,2.514e-10,0.009437,35371,0.24599,C10orf54_GI24,TRUE,reported,C10orf54_GI24
10,71586742,rs12777161,A,G,-0.1587,7.015e-16,0.019665,35373,0.04489,C10orf54_GI24,TRUE,reported,C10orf54_GI24
10,71640524,rs7903968,T,C,0.0967,1.312e-14,0.012551,35374,0.11753,C10orf54_GI24,TRUE,reported,C10orf54_GI24
10,71667919,rs72815809,A,G,0.132,6.064e-09,0.0227,35374,0.03262,C10orf54_GI24,TRUE,reported,C10orf54_GI24
10,71720420,rs142704977,AACACACACACACACACACAC,AACACACACACACACAC,0.1173,1.14e-25,0.011199,35369,0.15649,C10orf54_GI24,TRUE,reported,C10orf54_GI24
10,71729947,rs1227066,G,C,-0.0651,1.156e-11,0.009594,35373,0.23327,C10orf54_GI24,TRUE,reported,C10orf54_GI24
10,71769141,rs10999992,C,T,0.4463,1e-200,0.009514,35375,0.15482,C10orf54_GI24,TRUE,reported,C10orf54_GI24
10,71789872,rs4747190,T,A,0.1476,2.611e-13,0.020183,35375,0.04162,C10orf54_GI24,TRUE,reported,C10orf54_GI24
10,71811921,rs41281342,T,C,-0.1969,7.026e-14,0.026298,35375,0.0251,C10orf54_GI24,TRUE,reported,C10orf54_GI24
10,71820030,rs12769743,T,A,-0.1498,8.264e-11,0.023061,35375,0.03209,C10orf54_GI24,TRUE,reported,C10orf54_GI24
10,71830428,rs79450314,C,A,-0.1302,4.893e-09,0.022253,35375,0.03618,C10orf54_GI24,TRUE,reported,C10orf54_GI24
10,71861253,rs74980167,A,G,0.1176,1.442e-10,0.018342,35372,0.05222,C10orf54_GI24,TRUE,reported,C10orf54_GI24
10,71868028,rs36009580,G,C,-0.1533,3.761e-53,0.00999,35373,0.20794,C10orf54_GI24,TRUE,reported,C10orf54_GI24
10,71868656,rs184990136,CTTTTTTTTCTTTTTT,TTTTTTTTTCTTTTTT,-0.2014,1.16e-21,0.021064,35373,0.03927,C10orf54_GI24,TRUE,reported,C10orf54_GI24
10,72006756,rs117347838,G,C,0.1786,4.646e-10,0.028665,35373,0.01937,C10orf54_GI24,TRUE,reported,C10orf54_GI24
10,72222081,rs145516542,C,G,0.2784,1.616e-11,0.041324,35373,0.01003,C10orf54_GI24,TRUE,reported,C10orf54_GI24
10,72308127,rs3924191,G,A,0.1987,2.732e-10,0.031473,35373,0.01715,C10orf54_GI24,TRUE,reported,C10orf54_GI24
10,72717210,rs117942997,G,C,0.1662,1.785e-18,0.018951,35374,0.0465,C10orf54_GI24,TRUE,reported,C10orf54_GI24
