chr.exposure,pos.exposure,SNP,effect_allele.exposure,other_allele.exposure,beta.exposure,pval.exposure,se.exposure,samplesize.exposure,eaf.exposure,exposure,mr_keep.exposure,pval_origin.exposure,id.exposure
11,45927983,rs939105,T,C,0.1643,1.199e-27,0.015078,35376,0.08218,LRP4_LRP4,TRUE,reported,LRP4_LRP4
11,46083946,rs79368845,C,T,0.1211,8.201e-09,0.021009,35375,0.04154,LRP4_LRP4,TRUE,reported,LRP4_LRP4
11,46215870,rs117339217,C,G,0.274,2.645e-09,0.046033,35376,0.00812,LRP4_LRP4,TRUE,reported,LRP4_LRP4
11,46246053,rs35671387,A,T,-0.1009,1.739e-24,0.00988,35376,0.2257,LRP4_LRP4,TRUE,reported,LRP4_LRP4
11,46290663,rs117516871,A,C,-0.3639,1.534e-26,0.034131,35376,0.0149,LRP4_LRP4,TRUE,reported,LRP4_LRP4
11,46327113,rs58385891,A,G,0.3067,6.999e-148,0.011843,35376,0.14338,LRP4_LRP4,TRUE,reported,LRP4_LRP4
11,46343122,rs367778977,TCAAAAAAAAAA,TCAAAAAAAAA,-0.1487,5.206e-11,0.022651,35376,0.03423,LRP4_LRP4,TRUE,reported,LRP4_LRP4
11,46484966,rs192592506,G,T,-0.2624,3.278e-16,0.032146,35376,0.01697,LRP4_LRP4,TRUE,reported,LRP4_LRP4
11,46655315,rs186207166,G,A,-0.2309,2.369e-13,0.031517,35376,0.01655,LRP4_LRP4,TRUE,reported,LRP4_LRP4
11,46717794,rs183682035,AGAAGAAAG,AAAAGAAAG,-0.2113,6.304e-14,0.028167,35376,0.0211,LRP4_LRP4,TRUE,reported,LRP4_LRP4
11,46755515,rs141348433,C,A,0.2341,1.197e-16,0.028261,35376,0.02209,LRP4_LRP4,TRUE,reported,LRP4_LRP4
11,46773092,rs11604116,C,T,-0.1564,1.41e-11,0.023147,35376,0.03428,LRP4_LRP4,TRUE,reported,LRP4_LRP4
11,46834960,rs10838622,ACTCCCAGCTAATTTTTTTTTTTTTC,ACTCCCAGCTAATTTTTTTTTTTTTT,-0.3511,1e-200,0.006903,35376,0.37656,LRP4_LRP4,TRUE,reported,LRP4_LRP4
11,47157773,rs190300633,T,A,-0.1798,1.113e-11,0.026476,35377,0.0247,LRP4_LRP4,TRUE,reported,LRP4_LRP4
11,47283330,rs7125432,C,T,-0.1472,1.904e-09,0.02451,35378,0.031,LRP4_LRP4,TRUE,reported,LRP4_LRP4
11,47365156,rs61468175,T,C,-0.1709,4.513e-14,0.02265,35377,0.03567,LRP4_LRP4,TRUE,reported,LRP4_LRP4
11,47535692,rs79363169,TAAAT,AAAAT,-0.191,4.44e-10,0.03062,35377,0.01846,LRP4_LRP4,TRUE,reported,LRP4_LRP4
11,47598272,rs4752854,AT,AA,-0.2437,2.03e-70,0.013737,35377,0.10495,LRP4_LRP4,TRUE,reported,LRP4_LRP4
11,47623815,rs113359244,A,G,0.2644,4.758e-42,0.019459,35377,0.04583,LRP4_LRP4,TRUE,reported,LRP4_LRP4
11,47746221,rs184083336,C,T,0.5372,4.327e-17,0.063924,35375,0.00418,LRP4_LRP4,TRUE,reported,LRP4_LRP4
