chr.exposure,pos.exposure,SNP,effect_allele.exposure,other_allele.exposure,beta.exposure,pval.exposure,se.exposure,samplesize.exposure,eaf.exposure,exposure,mr_keep.exposure,pval_origin.exposure,id.exposure
11,6844941,rs2595438,A,G,-0.0602,3.912e-12,0.008674,35381,0.37091,CYB5R2_NB5R2,TRUE,reported,CYB5R2_NB5R2
11,6929784,rs1602566,G,C,0.1227,3.002e-44,0.008794,35380,0.34234,CYB5R2_NB5R2,TRUE,reported,CYB5R2_NB5R2
11,7177081,rs11041230,T,C,0.0549,5.466e-09,0.009413,35385,0.27654,CYB5R2_NB5R2,TRUE,reported,CYB5R2_NB5R2
11,7247686,rs71470467,ATATATATATATATATA,ATATATATATATATA,0.1387,2.252e-12,0.019764,35380,0.04695,CYB5R2_NB5R2,TRUE,reported,CYB5R2_NB5R2
11,7288278,rs7120457,C,A,0.0475,1.576e-08,0.008403,35381,0.46474,CYB5R2_NB5R2,TRUE,reported,CYB5R2_NB5R2
11,7419521,rs11041369,C,G,0.0962,8.862e-17,0.011564,35377,0.15688,CYB5R2_NB5R2,TRUE,reported,CYB5R2_NB5R2
11,7474346,rs10839787,T,A,-0.0557,4.53e-11,0.008458,35376,0.42604,CYB5R2_NB5R2,TRUE,reported,CYB5R2_NB5R2
11,7556593,rs7122082,A,G,-0.1345,1.298e-57,0.008407,35375,0.45782,CYB5R2_NB5R2,TRUE,reported,CYB5R2_NB5R2
11,7583348,rs12275268,T,A,-0.2067,4.738e-50,0.013895,35375,0.09691,CYB5R2_NB5R2,TRUE,reported,CYB5R2_NB5R2
11,7636916,rs74054307,T,C,0.2173,1.426e-10,0.033884,35376,0.01485,CYB5R2_NB5R2,TRUE,reported,CYB5R2_NB5R2
11,7651054,rs74051935,T,C,0.1037,1.372e-12,0.014633,35376,0.08812,CYB5R2_NB5R2,TRUE,reported,CYB5R2_NB5R2
11,7655127,rs151219526,T,C,0.145,2.319e-09,0.024273,35376,0.03122,CYB5R2_NB5R2,TRUE,reported,CYB5R2_NB5R2
11,7661016,rs185375375,C,T,0.221,1.517e-137,0.008853,35376,0.3222,CYB5R2_NB5R2,TRUE,reported,CYB5R2_NB5R2
11,7741624,rs35527612,TGTCTCAAAAAAAAAAAAAAAAAG,TGTCTCAAAAAAAAAAAAAAAG,0.1794,4.503e-09,0.03059,35376,0.02094,CYB5R2_NB5R2,TRUE,reported,CYB5R2_NB5R2
11,8002455,rs12787991,G,T,0.1697,8.51e-10,0.02766,35374,0.0233,CYB5R2_NB5R2,TRUE,reported,CYB5R2_NB5R2
11,8022821,rs11827564,T,C,-0.0571,1.266e-11,0.008431,35374,0.47263,CYB5R2_NB5R2,TRUE,reported,CYB5R2_NB5R2
11,8219031,rs7949387,G,A,-0.064,4.68e-11,0.009725,35374,0.24984,CYB5R2_NB5R2,TRUE,reported,CYB5R2_NB5R2
11,8225007,rs12283881,TGTAGGTTTAGGGGGGT,TGTAGGGTTAGGGGGGT,0.0799,3.933e-11,0.012094,35374,0.1401,CYB5R2_NB5R2,TRUE,reported,CYB5R2_NB5R2
