chr.exposure,pos.exposure,SNP,effect_allele.exposure,other_allele.exposure,beta.exposure,pval.exposure,se.exposure,samplesize.exposure,eaf.exposure,exposure,mr_keep.exposure,pval_origin.exposure,id.exposure
6,32372347,rs113103943,A,G,1.1482,1.556e-63,0.068237,35430,0.00331,TAPBP_TPSN,TRUE,reported,TAPBP_TPSN
6,32620672,rs28456694,T,G,0.1284,3.209e-08,0.02322,35430,0.03302,TAPBP_TPSN,TRUE,reported,TAPBP_TPSN
6,32639042,rs9272539,A,G,-0.0579,6.82e-12,0.008439,35427,0.35001,TAPBP_TPSN,TRUE,reported,TAPBP_TPSN
6,32767534,rs9276605,G,A,0.0775,7.396e-21,0.008273,35429,0.41417,TAPBP_TPSN,TRUE,reported,TAPBP_TPSN
6,32934226,rs116502395,T,G,0.4899,1.174e-12,0.068919,35427,0.00378,TAPBP_TPSN,TRUE,reported,TAPBP_TPSN
6,32995051,rs35114312,CAA,C,0.684,1.944e-45,0.048349,35424,0.00696,TAPBP_TPSN,TRUE,reported,TAPBP_TPSN
6,33001613,rs12192933,A,C,0.1176,3.067e-33,0.00979,35428,0.22525,TAPBP_TPSN,TRUE,reported,TAPBP_TPSN
6,33041900,rs369701142,CATAT,CAT,-0.1177,1.454e-32,0.009905,35402,0.29743,TAPBP_TPSN,TRUE,reported,TAPBP_TPSN
6,33072321,rs4345439,T,C,0.1498,9.219e-16,0.018639,35429,0.05162,TAPBP_TPSN,TRUE,reported,TAPBP_TPSN
6,33165158,rs114840990,A,T,1.424,1e-200,0.028772,35428,0.01381,TAPBP_TPSN,TRUE,reported,TAPBP_TPSN
6,33306743,rs3135409,C,A,-0.3005,1e-200,0.00816,35413,0.42073,TAPBP_TPSN,TRUE,reported,TAPBP_TPSN
6,33380221,rs138540880,G,T,1.0204,8.719e-103,0.047401,35413,0.00773,TAPBP_TPSN,TRUE,reported,TAPBP_TPSN
6,33526159,rs35681945,AAAAAAAAAAAAAAA,AAAAAAAAAAAAAA,-0.1046,1.709e-35,0.008412,35356,0.426,TAPBP_TPSN,TRUE,reported,TAPBP_TPSN
6,33634897,rs142598010,C,T,-0.4847,1.87e-10,0.076071,35357,0.00307,TAPBP_TPSN,TRUE,reported,TAPBP_TPSN
6,33749993,rs9469583,C,T,-0.0806,1.413e-22,0.008244,35351,0.45308,TAPBP_TPSN,TRUE,reported,TAPBP_TPSN
6,33871681,rs4713707,G,C,-0.0679,1.256e-16,0.008203,35344,0.4766,TAPBP_TPSN,TRUE,reported,TAPBP_TPSN
6,33924360,rs41267663,T,C,0.3167,7.872e-15,0.040761,35339,0.01112,TAPBP_TPSN,TRUE,reported,TAPBP_TPSN
6,34087706,rs11968206,CCACA,CCCCA,0.2004,6.607e-11,0.030692,35335,0.01834,TAPBP_TPSN,TRUE,reported,TAPBP_TPSN
6,34122833,rs9469718,G,A,0.1349,2.552e-11,0.020224,35340,0.0421,TAPBP_TPSN,TRUE,reported,TAPBP_TPSN
6,34259888,rs139184652,T,G,0.3177,2.231e-10,0.050075,35342,0.00675,TAPBP_TPSN,TRUE,reported,TAPBP_TPSN
