chr.exposure,pos.exposure,SNP,effect_allele.exposure,other_allele.exposure,beta.exposure,pval.exposure,se.exposure,samplesize.exposure,eaf.exposure,exposure,mr_keep.exposure,pval_origin.exposure,id.exposure
10,113260138,rs74157232,T,A,-0.1564,1.605e-10,0.024456,35376,0.02968,VWA2_VWA2,TRUE,reported,VWA2_VWA2
10,113283819,rs75932949,G,A,0.1322,7.892e-11,0.02033,35377,0.04419,VWA2_VWA2,TRUE,reported,VWA2_VWA2
10,113547430,rs79193361,T,C,0.1526,6.262e-09,0.026267,35389,0.02707,VWA2_VWA2,TRUE,reported,VWA2_VWA2
10,113797036,rs141492157,A,G,-0.1917,1.211e-28,0.017265,35386,0.06053,VWA2_VWA2,TRUE,reported,VWA2_VWA2
10,113937629,rs142068180,G,A,0.3303,1.035e-16,0.039792,35383,0.01072,VWA2_VWA2,TRUE,reported,VWA2_VWA2
10,114094686,rs12784071,T,C,0.1482,1.548e-49,0.010016,35381,0.22062,VWA2_VWA2,TRUE,reported,VWA2_VWA2
10,114112217,rs144570296,A,G,-0.2612,2.278e-08,0.046731,35381,0.00795,VWA2_VWA2,TRUE,reported,VWA2_VWA2
10,114136365,rs34668207,A,G,0.2821,2.038e-101,0.013194,35381,0.11113,VWA2_VWA2,TRUE,reported,VWA2_VWA2
10,114136932,rs138852471,T,C,-0.2437,9.618e-23,0.024827,35381,0.0298,VWA2_VWA2,TRUE,reported,VWA2_VWA2
10,114192120,rs140920855,G,A,0.1174,4.646e-08,0.021485,35381,0.04077,VWA2_VWA2,TRUE,reported,VWA2_VWA2
10,114229797,rs35893988,AAGTCACTATATATATATATTTTTTTTTTTATTTTTT,AAGTCACTATATATATATATATTTTTTTTTTATTTTTT,0.2467,4.834e-80,0.013022,35381,0.11416,VWA2_VWA2,TRUE,reported,VWA2_VWA2
10,114271003,rs61869891,C,T,-0.1802,5.95e-12,0.026189,35381,0.02541,VWA2_VWA2,TRUE,reported,VWA2_VWA2
10,114288519,rs35716048,G,A,-0.454,3.845e-97,0.021706,35377,0.03751,VWA2_VWA2,TRUE,reported,VWA2_VWA2
10,114292003,rs472079,A,G,-0.2678,8.57e-18,0.03117,35376,0.01756,VWA2_VWA2,TRUE,reported,VWA2_VWA2
10,114314298,rs1931667,T,C,0.103,1.28e-16,0.012446,35376,0.12745,VWA2_VWA2,TRUE,reported,VWA2_VWA2
10,114405350,rs117358628,A,G,-0.3318,5.248e-17,0.03959,35382,0.01089,VWA2_VWA2,TRUE,reported,VWA2_VWA2
10,114468384,rs55651341,T,C,-0.5913,7.649e-25,0.057452,35383,0.00548,VWA2_VWA2,TRUE,reported,VWA2_VWA2
10,114532621,rs12767430,T,A,-0.1594,3.678e-09,0.027026,35382,0.0242,VWA2_VWA2,TRUE,reported,VWA2_VWA2
10,114681873,rs111816658,C,T,0.3209,4.338e-15,0.040906,35383,0.01034,VWA2_VWA2,TRUE,reported,VWA2_VWA2
