chr.exposure,pos.exposure,SNP,effect_allele.exposure,other_allele.exposure,beta.exposure,pval.exposure,se.exposure,samplesize.exposure,eaf.exposure,exposure,mr_keep.exposure,pval_origin.exposure,id.exposure
1,44603378,rs72671921,A,G,-0.3083,4.033e-27,0.028585,35359,0.0216,AKR1A1_AK1A1,TRUE,reported,AKR1A1_AK1A1
1,44616768,rs67769635,A,G,-0.0952,1.881e-25,0.009131,35359,0.29785,AKR1A1_AK1A1,TRUE,reported,AKR1A1_AK1A1
1,44709415,rs2093197,G,T,-0.1473,2.817e-61,0.008919,35359,0.32198,AKR1A1_AK1A1,TRUE,reported,AKR1A1_AK1A1
1,45041541,rs10700834,CTTT,C,0.1155,2.496e-12,0.016492,35365,0.07138,AKR1A1_AK1A1,TRUE,reported,AKR1A1_AK1A1
1,45325482,rs10890324,A,G,-0.1387,6.213e-48,0.009535,35364,0.24824,AKR1A1_AK1A1,TRUE,reported,AKR1A1_AK1A1
1,45422759,rs140964940,TTTGTTGTTGTTGTTGTTGTTGTTGTTGTTGTTGTTGTTGTTGTTGTTTTTGTTT,TTTGTTGTTGTTGTTGTTGTTTTTGTTT,-0.1464,2.138e-63,0.00871,35364,0.35839,AKR1A1_AK1A1,TRUE,reported,AKR1A1_AK1A1
1,45597981,rs145683585,T,C,-0.8196,1e-200,0.025646,35369,0.02677,AKR1A1_AK1A1,TRUE,reported,AKR1A1_AK1A1
1,46029762,rs2236560,A,G,0.0807,2.622e-22,0.008307,35371,0.47951,AKR1A1_AK1A1,TRUE,reported,AKR1A1_AK1A1
1,46141428,rs184061292,A,G,-0.8161,2.833e-70,0.04605,35370,0.00889,AKR1A1_AK1A1,TRUE,reported,AKR1A1_AK1A1
1,46169506,rs72677566,A,G,-0.562,1e-200,0.011253,35370,0.08965,AKR1A1_AK1A1,TRUE,reported,AKR1A1_AK1A1
1,46391804,rs111266159,TTTTT,TT,-0.1147,1.819e-36,0.009095,35369,0.29508,AKR1A1_AK1A1,TRUE,reported,AKR1A1_AK1A1
1,46413355,rs41294524,A,G,0.1588,3.662e-10,0.025336,35371,0.02842,AKR1A1_AK1A1,TRUE,reported,AKR1A1_AK1A1
1,46469241,rs4660350,G,A,0.4271,1.316e-61,0.025788,35371,0.02731,AKR1A1_AK1A1,TRUE,reported,AKR1A1_AK1A1
1,46509366,rs74950823,T,C,0.1365,1.089e-14,0.017662,35372,0.05903,AKR1A1_AK1A1,TRUE,reported,AKR1A1_AK1A1
