chr.exposure,pos.exposure,SNP,effect_allele.exposure,other_allele.exposure,beta.exposure,pval.exposure,se.exposure,samplesize.exposure,eaf.exposure,exposure,mr_keep.exposure,pval_origin.exposure,id.exposure
1,18591179,rs144924770,T,A,-0.2389,7.815e-11,0.036731,35376,0.01323,AKR7A3_ARK73,TRUE,reported,AKR7A3_ARK73
1,18623305,rs189614440,G,A,-0.202,4.225e-12,0.029151,35379,0.01982,AKR7A3_ARK73,TRUE,reported,AKR7A3_ARK73
1,18826868,rs115361338,A,C,-0.3742,6.736e-32,0.031836,35379,0.01754,AKR7A3_ARK73,TRUE,reported,AKR7A3_ARK73
1,18868010,rs9728654,T,C,-0.0984,7.279e-14,0.01315,35379,0.11276,AKR7A3_ARK73,TRUE,reported,AKR7A3_ARK73
1,18925408,rs72645633,A,C,-0.2554,6.466e-31,0.022091,35375,0.03562,AKR7A3_ARK73,TRUE,reported,AKR7A3_ARK73
1,18933800,rs116775102,C,A,0.1191,2.767e-08,0.021438,35379,0.03944,AKR7A3_ARK73,TRUE,reported,AKR7A3_ARK73
1,18995780,rs61763703,G,A,0.1762,2.882e-15,0.022315,35380,0.03382,AKR7A3_ARK73,TRUE,reported,AKR7A3_ARK73
1,19010560,rs144283109,C,G,0.1543,7.464e-14,0.02063,35380,0.04311,AKR7A3_ARK73,TRUE,reported,AKR7A3_ARK73
1,19245382,rs12094043,G,A,-0.2124,1.706e-133,0.008638,35379,0.34677,AKR7A3_ARK73,TRUE,reported,AKR7A3_ARK73
1,19293349,rs72651445,T,C,0.2161,2.934e-19,0.024088,35378,0.03101,AKR7A3_ARK73,TRUE,reported,AKR7A3_ARK73
1,19313501,rs3762391,A,G,0.1294,3.68e-43,0.009395,35378,0.2622,AKR7A3_ARK73,TRUE,reported,AKR7A3_ARK73
1,19423529,rs34586497,TTTTTTTTTTTTTT,TTTTTTTTTTTTT,0.0977,5.311e-23,0.009893,35374,0.22914,AKR7A3_ARK73,TRUE,reported,AKR7A3_ARK73
1,19485983,rs6426806,A,G,-0.0931,5.896e-20,0.010179,35376,0.20764,AKR7A3_ARK73,TRUE,reported,AKR7A3_ARK73
1,19697679,rs183015613,G,C,-0.285,5.4e-41,0.021255,35379,0.04126,AKR7A3_ARK73,TRUE,reported,AKR7A3_ARK73
1,19700469,rs4912147,T,C,0.0469,3.77e-08,0.008525,35380,0.37084,AKR7A3_ARK73,TRUE,reported,AKR7A3_ARK73
1,19724366,rs10917525,C,T,-0.0663,1.761e-12,0.009401,35379,0.25879,AKR7A3_ARK73,TRUE,reported,AKR7A3_ARK73
1,19785316,rs4655163,T,C,-0.2071,4.947e-26,0.019626,35376,0.04531,AKR7A3_ARK73,TRUE,reported,AKR7A3_ARK73
1,19801684,rs10917545,A,G,0.1414,6.271e-24,0.014017,35375,0.09505,AKR7A3_ARK73,TRUE,reported,AKR7A3_ARK73
1,19835334,rs11586648,G,T,0.0819,3.685e-11,0.012379,35379,0.12468,AKR7A3_ARK73,TRUE,reported,AKR7A3_ARK73
1,20011564,rs6675466,A,G,-0.1315,3.429e-12,0.018897,35378,0.04987,AKR7A3_ARK73,TRUE,reported,AKR7A3_ARK73
1,20176217,rs79114226,T,C,0.1407,4.196e-11,0.021328,35379,0.03853,AKR7A3_ARK73,TRUE,reported,AKR7A3_ARK73
