chr.exposure,pos.exposure,SNP,effect_allele.exposure,other_allele.exposure,beta.exposure,pval.exposure,se.exposure,samplesize.exposure,eaf.exposure,exposure,mr_keep.exposure,pval_origin.exposure,id.exposure
10,16620800,rs7894148,A,G,0.0684,3.123e-11,0.0103,35354,0.18809,TRDMT1_TRDMT,TRUE,reported,TRDMT1_TRDMT
10,16666369,rs45624432,A,C,0.1311,1.955e-08,0.023344,35354,0.03192,TRDMT1_TRDMT,TRUE,reported,TRDMT1_TRDMT
10,16744957,rs74823087,A,T,-0.0686,1.477e-08,0.012111,35355,0.13157,TRDMT1_TRDMT,TRUE,reported,TRDMT1_TRDMT
10,16800248,rs146699208,C,A,0.1207,4.219e-10,0.019325,35353,0.04656,TRDMT1_TRDMT,TRUE,reported,TRDMT1_TRDMT
10,17010262,rs11591878,T,C,0.0796,5.617e-09,0.013659,35356,0.09604,TRDMT1_TRDMT,TRUE,reported,TRDMT1_TRDMT
10,17067731,rs1907358,A,G,0.1104,9.462e-30,0.009745,35354,0.22459,TRDMT1_TRDMT,TRUE,reported,TRDMT1_TRDMT
10,17202254,rs10795460,C,T,0.3053,1e-200,0.00682,35350,0.49696,TRDMT1_TRDMT,TRUE,reported,TRDMT1_TRDMT
10,17212302,rs1973971,C,T,0.1407,1.439e-09,0.023252,35351,0.0316,TRDMT1_TRDMT,TRUE,reported,TRDMT1_TRDMT
10,17217286,rs7096062,A,T,0.1576,7.705e-13,0.021992,35352,0.03522,TRDMT1_TRDMT,TRUE,reported,TRDMT1_TRDMT
10,17224971,rs143203111,T,C,0.1652,1.233e-08,0.029007,35352,0.02011,TRDMT1_TRDMT,TRUE,reported,TRDMT1_TRDMT
10,17233451,rs45437393,T,C,0.1537,1.113e-11,0.022633,35352,0.03446,TRDMT1_TRDMT,TRUE,reported,TRDMT1_TRDMT
10,17263283,rs165528,G,C,0.1434,1.843e-10,0.022498,35352,0.03331,TRDMT1_TRDMT,TRUE,reported,TRDMT1_TRDMT
10,17295621,rs181294127,A,G,0.2028,5.948e-12,0.029473,35351,0.01872,TRDMT1_TRDMT,TRUE,reported,TRDMT1_TRDMT
10,17332392,rs433056,C,T,-0.1052,1.752e-26,0.009878,35354,0.21293,TRDMT1_TRDMT,TRUE,reported,TRDMT1_TRDMT
10,17551478,rs115302257,C,T,0.1918,4.853e-11,0.029169,35350,0.01993,TRDMT1_TRDMT,TRUE,reported,TRDMT1_TRDMT
10,17551826,rs55766490,G,A,-0.1378,2.275e-14,0.018051,35349,0.05344,TRDMT1_TRDMT,TRUE,reported,TRDMT1_TRDMT
10,17831416,rs2461139,G,T,-0.0486,4.798e-09,0.008302,35343,0.39604,TRDMT1_TRDMT,TRUE,reported,TRDMT1_TRDMT
