chr.exposure,pos.exposure,SNP,effect_allele.exposure,other_allele.exposure,beta.exposure,pval.exposure,se.exposure,samplesize.exposure,eaf.exposure,exposure,mr_keep.exposure,pval_origin.exposure,id.exposure
8,6948877,rs2741664,T,A,0.1896,1.948e-11,0.028257,35393,0.02114,DEFB104A_HBD_4,TRUE,reported,DEFB104A_HBD_4
8,6967773,rs6996047,A,G,-0.0765,2.173e-09,0.012783,35393,0.1111,DEFB104A_HBD_4,TRUE,reported,DEFB104A_HBD_4
8,7067943,rs28559711,GTGGTGGGGGG,GTGGGGGGGGG,-0.0815,9.834e-13,0.011426,35385,0.14346,DEFB104A_HBD_4,TRUE,reported,DEFB104A_HBD_4
8,7109694,rs76693518,C,A,-0.138,7.754e-11,0.021213,35379,0.0371,DEFB104A_HBD_4,TRUE,reported,DEFB104A_HBD_4
8,7300977,rs149762892,T,C,0.1873,2.619e-18,0.021463,35355,0.03595,DEFB104A_HBD_4,TRUE,reported,DEFB104A_HBD_4
8,7307806,rs62488803,C,G,0.1987,1.198e-20,0.021327,35355,0.03611,DEFB104A_HBD_4,TRUE,reported,DEFB104A_HBD_4
8,7336969,rs149214644,C,G,0.2083,1.668e-15,0.026156,35355,0.02385,DEFB104A_HBD_4,TRUE,reported,DEFB104A_HBD_4
8,7396327,rs80015919,T,A,0.1479,2.14e-10,0.023288,35355,0.0311,DEFB104A_HBD_4,TRUE,reported,DEFB104A_HBD_4
8,7417910,rs372477046,T,C,-0.2078,1.181e-43,0.014998,35355,0.08108,DEFB104A_HBD_4,TRUE,reported,DEFB104A_HBD_4
8,7435158,rs78538778,C,T,-0.0986,6.665e-30,0.00868,35350,0.33203,DEFB104A_HBD_4,TRUE,reported,DEFB104A_HBD_4
8,7451276,rs4840280,G,A,-0.1531,6.66e-27,0.014256,35354,0.08874,DEFB104A_HBD_4,TRUE,reported,DEFB104A_HBD_4
8,7530664,rs11786478,A,C,0.25,1.776e-157,0.009351,35350,0.34516,DEFB104A_HBD_4,TRUE,reported,DEFB104A_HBD_4
8,7836886,rs2739962,GCAGCA,ACAGCA,-0.0954,1.066e-19,0.010504,35350,0.20545,DEFB104A_HBD_4,TRUE,reported,DEFB104A_HBD_4
8,7920948,rs2698951,C,G,0.1037,7.479e-18,0.012048,35354,0.13911,DEFB104A_HBD_4,TRUE,reported,DEFB104A_HBD_4
8,7935180,rs188369270,T,C,0.1103,3.866e-28,0.010028,35349,0.24171,DEFB104A_HBD_4,TRUE,reported,DEFB104A_HBD_4
8,8054909,rs6601413,C,T,0.148,2.417e-55,0.009445,35330,0.4443,DEFB104A_HBD_4,TRUE,reported,DEFB104A_HBD_4
8,8316982,rs7011400,T,C,0.058,3.321e-10,0.009231,35390,0.24542,DEFB104A_HBD_4,TRUE,reported,DEFB104A_HBD_4
8,8733563,rs1969408,ATTTTTCTTTTTTTTTTTTTG,ATTTTTCTTTTTTTTTTTTTT,-0.0656,1.479e-11,0.009719,35388,0.21917,DEFB104A_HBD_4,TRUE,reported,DEFB104A_HBD_4
