chr.exposure,pos.exposure,SNP,effect_allele.exposure,other_allele.exposure,beta.exposure,pval.exposure,se.exposure,samplesize.exposure,eaf.exposure,exposure,mr_keep.exposure,pval_origin.exposure,id.exposure
1,16038369,rs182368942,A,G,-0.1886,6.859e-12,0.02749,35385,0.0246,MFAP2_MFAP2,TRUE,reported,MFAP2_MFAP2
1,16185639,rs151160967,A,G,0.12,1.048e-09,0.019666,35386,0.04613,MFAP2_MFAP2,TRUE,reported,MFAP2_MFAP2
1,16333009,rs142631767,C,G,0.1413,8.411e-10,0.023024,35386,0.03206,MFAP2_MFAP2,TRUE,reported,MFAP2_MFAP2
1,16646562,rs57585017,A,G,-0.1268,6.018e-16,0.015676,35382,0.07738,MFAP2_MFAP2,TRUE,reported,MFAP2_MFAP2
1,16758670,rs2490828,CTAACCT,GTAACCT,-0.0809,3.36e-10,0.01288,35382,0.12552,MFAP2_MFAP2,TRUE,reported,MFAP2_MFAP2
1,16909298,rs10749619,TATATATATATAT,TATATATATATAC,0.1176,3.952e-37,0.009237,35366,0.39185,MFAP2_MFAP2,TRUE,reported,MFAP2_MFAP2
1,16930355,rs147451230,T,C,-0.2664,2.212e-09,0.044538,35383,0.0091,MFAP2_MFAP2,TRUE,reported,MFAP2_MFAP2
1,16936719,rs145088791,T,C,-0.1572,5.128e-16,0.019387,35383,0.04716,MFAP2_MFAP2,TRUE,reported,MFAP2_MFAP2
1,16966480,rs115823338,A,G,0.2184,6.486e-10,0.03535,35386,0.01518,MFAP2_MFAP2,TRUE,reported,MFAP2_MFAP2
1,16988925,rs4920605,TGCCCAGCCTAT,TGCCCGGCCTAT,0.2487,7.9e-200,0.008246,35386,0.40773,MFAP2_MFAP2,TRUE,reported,MFAP2_MFAP2
1,17171239,rs77344328,A,G,-0.1147,6.454e-11,0.017557,35384,0.05776,MFAP2_MFAP2,TRUE,reported,MFAP2_MFAP2
1,17219226,rs77306488,A,G,0.0758,4.953e-09,0.01296,35377,0.11385,MFAP2_MFAP2,TRUE,reported,MFAP2_MFAP2
1,17234359,rs80254546,T,C,-0.0851,4.728e-09,0.014531,35385,0.08777,MFAP2_MFAP2,TRUE,reported,MFAP2_MFAP2
