chr.exposure,pos.exposure,SNP,effect_allele.exposure,other_allele.exposure,beta.exposure,pval.exposure,se.exposure,samplesize.exposure,eaf.exposure,exposure,mr_keep.exposure,pval_origin.exposure,id.exposure
3,53304338,rs35734433,C,T,0.107,6.617e-11,0.016388,35351,0.07031,CACNA2D3_CA2D3,TRUE,reported,CACNA2D3_CA2D3
3,53319135,rs147660324,A,G,-0.1524,1.276e-11,0.022507,35351,0.03477,CACNA2D3_CA2D3,TRUE,reported,CACNA2D3_CA2D3
3,53523985,rs3821843,A,G,-0.0679,2.559e-14,0.008912,35350,0.31587,CACNA2D3_CA2D3,TRUE,reported,CACNA2D3_CA2D3
3,53639688,rs34802409,A,G,0.0564,3.333e-08,0.010212,35349,0.20723,CACNA2D3_CA2D3,TRUE,reported,CACNA2D3_CA2D3
3,53827110,rs4687590,G,A,-0.0803,5.208e-12,0.011638,35347,0.14761,CACNA2D3_CA2D3,TRUE,reported,CACNA2D3_CA2D3
3,53939778,rs13096326,T,G,0.1819,2.631e-24,0.017882,35346,0.05626,CACNA2D3_CA2D3,TRUE,reported,CACNA2D3_CA2D3
3,53950233,rs142505789,GTGTGTGTGTGTGTGTGTGTGTG,GTGTGTGTG,0.1899,2.173e-25,0.018238,35346,0.05394,CACNA2D3_CA2D3,TRUE,reported,CACNA2D3_CA2D3
3,54062724,rs35512950,C,A,-0.209,2.678e-25,0.02011,35348,0.04531,CACNA2D3_CA2D3,TRUE,reported,CACNA2D3_CA2D3
3,54117098,rs80339828,C,T,-0.2118,4.359e-13,0.029238,35348,0.02085,CACNA2D3_CA2D3,TRUE,reported,CACNA2D3_CA2D3
3,54123032,rs9878608,G,C,0.2196,8.923e-154,0.008313,35348,0.4264,CACNA2D3_CA2D3,TRUE,reported,CACNA2D3_CA2D3
3,54123689,rs114218694,G,A,1.4189,2.789e-21,0.149825,35348,0.00079,CACNA2D3_CA2D3,TRUE,reported,CACNA2D3_CA2D3
3,54281708,rs7630541,G,A,0.0893,1.716e-20,0.009624,35347,0.23964,CACNA2D3_CA2D3,TRUE,reported,CACNA2D3_CA2D3
3,54296721,rs115334924,T,C,-0.1599,2.153e-08,0.028557,35347,0.0218,CACNA2D3_CA2D3,TRUE,reported,CACNA2D3_CA2D3
3,54441506,rs113037847,G,C,0.0956,6.113e-22,0.00993,35346,0.2241,CACNA2D3_CA2D3,TRUE,reported,CACNA2D3_CA2D3
3,54523416,rs6793219,T,C,-0.0552,2.55e-10,0.008729,35346,0.35148,CACNA2D3_CA2D3,TRUE,reported,CACNA2D3_CA2D3
3,54572893,rs6805325,G,C,-0.0684,3.165e-15,0.008676,35347,0.35346,CACNA2D3_CA2D3,TRUE,reported,CACNA2D3_CA2D3
3,54786119,rs13062287,C,T,-0.1058,4.055e-20,0.011517,35348,0.15535,CACNA2D3_CA2D3,TRUE,reported,CACNA2D3_CA2D3
3,54879582,rs78258914,C,G,0.2715,2.054e-94,0.013171,35350,0.10776,CACNA2D3_CA2D3,TRUE,reported,CACNA2D3_CA2D3
3,54895679,rs114026302,A,T,0.2092,8.801e-19,0.02364,35351,0.03236,CACNA2D3_CA2D3,TRUE,reported,CACNA2D3_CA2D3
3,54993945,rs3773578,ATGGT,GTGGT,-0.0779,2.587e-15,0.009849,35351,0.23153,CACNA2D3_CA2D3,TRUE,reported,CACNA2D3_CA2D3
