chr.exposure,pos.exposure,SNP,effect_allele.exposure,other_allele.exposure,beta.exposure,pval.exposure,se.exposure,samplesize.exposure,eaf.exposure,exposure,mr_keep.exposure,pval_origin.exposure,id.exposure
17,74154049,rs117914695,A,C,-0.3543,1.892e-12,0.050311,35368,0.00708,NT5C_NT5C,TRUE,reported,NT5C_NT5C
17,74351466,rs187586498,T,G,-0.4416,9.387e-18,0.051461,35369,0.00641,NT5C_NT5C,TRUE,reported,NT5C_NT5C
17,74613728,rs4789084,C,T,-0.0582,5.654e-12,0.008449,35371,0.37544,NT5C_NT5C,TRUE,reported,NT5C_NT5C
17,74772483,rs9898841,T,C,0.1073,1.047e-08,0.018749,35370,0.05092,NT5C_NT5C,TRUE,reported,NT5C_NT5C
17,74931028,rs6501741,T,G,-0.0531,8.951e-09,0.009236,35369,0.26917,NT5C_NT5C,TRUE,reported,NT5C_NT5C
17,74940118,rs6416845,CACACACACACACATAT,CACACACACACACACAT,-0.0999,2.367e-26,0.009405,35364,0.31913,NT5C_NT5C,TRUE,reported,NT5C_NT5C
17,74975748,rs28590025,TTCGAGAC,TCCGAGAC,0.1345,3.614e-38,0.010413,35372,0.19645,NT5C_NT5C,TRUE,reported,NT5C_NT5C
17,75075456,rs4788860,A,G,0.0639,2.701e-13,0.008743,35372,0.32866,NT5C_NT5C,TRUE,reported,NT5C_NT5C
17,75132491,rs12453556,C,T,-0.0951,8.199e-27,0.008871,35372,0.30907,NT5C_NT5C,TRUE,reported,NT5C_NT5C
17,75381589,rs140824500,T,C,-1.4035,1e-200,0.020063,35372,0.02842,NT5C_NT5C,TRUE,reported,NT5C_NT5C
17,75537522,rs62088534,C,A,0.0629,5.747e-11,0.009603,35372,0.23903,NT5C_NT5C,TRUE,reported,NT5C_NT5C
17,75605431,rs35859106,CGTCTTAAA,CGTCTTAA,-0.0802,1.18e-16,0.00968,35371,0.23579,NT5C_NT5C,TRUE,reported,NT5C_NT5C
17,75606405,rs145359894,G,C,-0.3697,5.508e-38,0.028694,35371,0.02223,NT5C_NT5C,TRUE,reported,NT5C_NT5C
17,75630843,rs56158987,TGTGGGGGGGG,GGGGGGGG,-0.2304,3.116e-60,0.014074,35370,0.09479,NT5C_NT5C,TRUE,reported,NT5C_NT5C
17,75947317,rs147326228,A,G,-0.2391,2.691e-15,0.030249,35372,0.01833,NT5C_NT5C,TRUE,reported,NT5C_NT5C
17,76015371,rs2071195,A,G,-0.0621,1.614e-13,0.008418,35373,0.38325,NT5C_NT5C,TRUE,reported,NT5C_NT5C
17,76062823,rs112529405,T,C,-0.2708,1.564e-19,0.029955,35373,0.01991,NT5C_NT5C,TRUE,reported,NT5C_NT5C
