chr.exposure,pos.exposure,SNP,effect_allele.exposure,other_allele.exposure,beta.exposure,pval.exposure,se.exposure,samplesize.exposure,eaf.exposure,exposure,mr_keep.exposure,pval_origin.exposure,id.exposure
1,230495203,rs17599139,A,G,0.1012,1.271e-15,0.012654,35361,0.1115,EGLN1_EGLN1,TRUE,reported,EGLN1_EGLN1
1,230549353,rs79241508,C,G,0.1314,6.804e-21,0.014013,35361,0.08804,EGLN1_EGLN1,TRUE,reported,EGLN1_EGLN1
1,230734867,rs61826452,A,G,0.0552,2.52e-08,0.009907,35363,0.19792,EGLN1_EGLN1,TRUE,reported,EGLN1_EGLN1
1,230747151,rs7524562,C,G,0.2707,4.878e-46,0.019004,35362,0.04587,EGLN1_EGLN1,TRUE,reported,EGLN1_EGLN1
1,230757719,rs35948414,CAAAAA,CA,0.2151,1.423e-37,0.01679,35364,0.06425,EGLN1_EGLN1,TRUE,reported,EGLN1_EGLN1
1,231019753,rs145296244,C,G,0.3313,7.394e-55,0.021239,35364,0.03647,EGLN1_EGLN1,TRUE,reported,EGLN1_EGLN1
1,231049260,rs34697173,T,C,0.0701,4.855e-13,0.009697,35363,0.21843,EGLN1_EGLN1,TRUE,reported,EGLN1_EGLN1
1,231128575,rs185894820,A,G,0.194,5.599e-49,0.013189,35364,0.09911,EGLN1_EGLN1,TRUE,reported,EGLN1_EGLN1
1,231232466,rs113722620,A,G,0.2287,1.773e-51,0.015152,35362,0.07408,EGLN1_EGLN1,TRUE,reported,EGLN1_EGLN1
1,231293620,rs61403028,G,A,0.4051,1.41e-92,0.01985,35360,0.04027,EGLN1_EGLN1,TRUE,reported,EGLN1_EGLN1
1,231372993,rs114459700,C,T,0.3833,1.614e-99,0.018101,35364,0.0506,EGLN1_EGLN1,TRUE,reported,EGLN1_EGLN1
1,231576506,rs12741029,C,G,0.1162,1.974e-35,0.009354,35363,0.23748,EGLN1_EGLN1,TRUE,reported,EGLN1_EGLN1
1,231747697,rs2812382,T,A,0.0649,3.145e-15,0.008231,35360,0.39286,EGLN1_EGLN1,TRUE,reported,EGLN1_EGLN1
1,231786852,rs12144056,A,T,0.1063,7.294e-19,0.011984,35363,0.1238,EGLN1_EGLN1,TRUE,reported,EGLN1_EGLN1
1,231832609,rs61835449,G,A,-0.0531,4.887e-10,0.008533,35364,0.33042,EGLN1_EGLN1,TRUE,reported,EGLN1_EGLN1
1,231845729,rs12044040,A,G,0.0668,9.72e-12,0.009808,35361,0.21471,EGLN1_EGLN1,TRUE,reported,EGLN1_EGLN1
1,231897806,rs17770256,A,G,0.1436,8.422e-27,0.013399,35363,0.09727,EGLN1_EGLN1,TRUE,reported,EGLN1_EGLN1
1,232282519,rs9661583,T,A,0.1014,3.376e-14,0.013372,35357,0.09726,EGLN1_EGLN1,TRUE,reported,EGLN1_EGLN1
