chr.exposure,pos.exposure,SNP,effect_allele.exposure,other_allele.exposure,beta.exposure,pval.exposure,se.exposure,samplesize.exposure,eaf.exposure,exposure,mr_keep.exposure,pval_origin.exposure,id.exposure
4,118711162,rs137942566,G,A,0.2372,5.416e-14,0.031536,35355,0.01741,PDE5A_PDE5A,TRUE,reported,PDE5A_PDE5A
4,118981925,rs1846,A,G,-0.0502,9.188e-10,0.008199,35353,0.45899,PDE5A_PDE5A,TRUE,reported,PDE5A_PDE5A
4,119360282,rs183335774,T,C,-0.1403,3.592e-13,0.019298,35353,0.04703,PDE5A_PDE5A,TRUE,reported,PDE5A_PDE5A
4,119429471,rs75707083,T,C,0.0527,6.951e-10,0.008545,35348,0.35758,PDE5A_PDE5A,TRUE,reported,PDE5A_PDE5A
4,119441684,rs75135627,G,A,0.1553,1.403e-66,0.00901,35353,0.27917,PDE5A_PDE5A,TRUE,reported,PDE5A_PDE5A
4,119444264,rs144373808,T,C,-0.2094,2.007e-13,0.028496,35353,0.02092,PDE5A_PDE5A,TRUE,reported,PDE5A_PDE5A
4,119451192,rs9307476,C,A,-0.1248,3.581e-48,0.008558,35353,0.33799,PDE5A_PDE5A,TRUE,reported,PDE5A_PDE5A
4,119633836,rs2389874,G,A,-0.1916,6.529e-117,0.008336,35353,0.37929,PDE5A_PDE5A,TRUE,reported,PDE5A_PDE5A
4,119714545,rs149121327,AT,A,-0.2017,2.818e-10,0.031973,35353,0.01759,PDE5A_PDE5A,TRUE,reported,PDE5A_PDE5A
4,119734140,rs77099622,A,G,0.2161,3.772e-12,0.031114,35353,0.01798,PDE5A_PDE5A,TRUE,reported,PDE5A_PDE5A
4,119801820,rs150307538,TCA,T,0.164,1.323e-15,0.020519,35352,0.04055,PDE5A_PDE5A,TRUE,reported,PDE5A_PDE5A
4,119864597,rs72684511,A,G,-0.2303,1.011e-14,0.029763,35352,0.01901,PDE5A_PDE5A,TRUE,reported,PDE5A_PDE5A
4,119904942,rs28705987,T,C,0.1003,1.22e-08,0.017606,35352,0.0552,PDE5A_PDE5A,TRUE,reported,PDE5A_PDE5A
4,119999022,rs7668975,C,A,-0.0763,2.476e-16,0.009309,35352,0.26857,PDE5A_PDE5A,TRUE,reported,PDE5A_PDE5A
4,120078590,rs28655183,TTTTTTTTTGA,ATTTTTTTTGA,0.0962,4.593e-08,0.017598,35353,0.05367,PDE5A_PDE5A,TRUE,reported,PDE5A_PDE5A
4,120433754,rs150233062,A,T,-0.1514,9.274e-09,0.02636,35354,0.02442,PDE5A_PDE5A,TRUE,reported,PDE5A_PDE5A
4,120556082,rs77381265,G,A,-0.1099,1.679e-10,0.017204,35362,0.06008,PDE5A_PDE5A,TRUE,reported,PDE5A_PDE5A
4,120596913,rs140029049,CACAACA,CACA,0.1312,3.995e-08,0.023893,35362,0.0287,PDE5A_PDE5A,TRUE,reported,PDE5A_PDE5A
