chr.exposure,pos.exposure,SNP,effect_allele.exposure,other_allele.exposure,beta.exposure,pval.exposure,se.exposure,samplesize.exposure,eaf.exposure,exposure,mr_keep.exposure,pval_origin.exposure,id.exposure
2,233309535,rs150586005,T,C,-0.1279,1.011e-09,0.020941,35374,0.03839,UGT1A6_UGT_1A6,TRUE,reported,UGT1A6_UGT_1A6
2,233320091,rs116194047,A,G,-0.1544,8.761e-09,0.026838,35374,0.02363,UGT1A6_UGT_1A6,TRUE,reported,UGT1A6_UGT_1A6
2,233429756,rs11681704,A,G,-0.084,4.136e-11,0.012729,35375,0.10781,UGT1A6_UGT_1A6,TRUE,reported,UGT1A6_UGT_1A6
2,233553605,rs78766179,C,A,0.2193,6.721e-19,0.024698,35373,0.02743,UGT1A6_UGT_1A6,TRUE,reported,UGT1A6_UGT_1A6
2,233588600,rs17868296,G,A,0.1578,3.298e-15,0.020028,35370,0.0422,UGT1A6_UGT_1A6,TRUE,reported,UGT1A6_UGT_1A6
2,233711291,rs4233633,C,G,0.0985,4.254e-17,0.011718,35374,0.13234,UGT1A6_UGT_1A6,TRUE,reported,UGT1A6_UGT_1A6
2,233764076,rs4148324,G,T,-0.2319,3.01e-166,0.008439,35372,0.31956,UGT1A6_UGT_1A6,TRUE,reported,UGT1A6_UGT_1A6
2,233785455,rs34259208,GAGACTTTGTCTCAAA,GAGACTTTGTCTCAA,-0.0845,1.001e-23,0.008415,35371,0.36887,UGT1A6_UGT_1A6,TRUE,reported,UGT1A6_UGT_1A6
2,233832797,rs213548,A,G,0.0569,2.5e-12,0.008125,35375,0.3871,UGT1A6_UGT_1A6,TRUE,reported,UGT1A6_UGT_1A6
2,234032646,rs4616477,T,G,-0.0551,5.306e-10,0.008873,35373,0.26979,UGT1A6_UGT_1A6,TRUE,reported,UGT1A6_UGT_1A6
