chr.exposure,pos.exposure,SNP,effect_allele.exposure,other_allele.exposure,beta.exposure,pval.exposure,se.exposure,samplesize.exposure,eaf.exposure,exposure,mr_keep.exposure,pval_origin.exposure,id.exposure
22,35427778,rs112285748,A,G,0.1159,5.288e-11,0.017661,35358,0.05487,APOL1_Apo_L1,TRUE,reported,APOL1_Apo_L1
22,35464951,rs59664902,CT,C,-0.0524,8.182e-09,0.00909,35355,0.27752,APOL1_Apo_L1,TRUE,reported,APOL1_Apo_L1
22,35687886,rs112441180,A,G,-0.222,6.632e-13,0.03089,35359,0.01609,APOL1_Apo_L1,TRUE,reported,APOL1_Apo_L1
22,36110577,rs77559959,A,G,-0.3737,2.646e-24,0.036738,35363,0.01163,APOL1_Apo_L1,TRUE,reported,APOL1_Apo_L1
22,36178827,rs143094281,A,G,0.0873,7.427e-09,0.015101,35363,0.0793,APOL1_Apo_L1,TRUE,reported,APOL1_Apo_L1
22,36201518,rs9610444,A,G,-0.1318,7.821e-28,0.012053,35362,0.1374,APOL1_Apo_L1,TRUE,reported,APOL1_Apo_L1
22,36212763,rs200208636,GT,G,-0.6436,1.221e-56,0.040583,35362,0.01011,APOL1_Apo_L1,TRUE,reported,APOL1_Apo_L1
22,36220811,rs77010523,T,C,-0.16,4.591e-11,0.024303,35362,0.02919,APOL1_Apo_L1,TRUE,reported,APOL1_Apo_L1
22,36230716,rs56230516,C,T,0.1431,1.73e-14,0.018659,35362,0.0502,APOL1_Apo_L1,TRUE,reported,APOL1_Apo_L1
22,36256885,rs136148,T,C,0.3517,1e-200,0.007031,35358,0.2486,APOL1_Apo_L1,TRUE,reported,APOL1_Apo_L1
22,36263142,rs78469,T,G,0.0903,2.056e-28,0.008168,35359,0.43385,APOL1_Apo_L1,TRUE,reported,APOL1_Apo_L1
22,36287509,rs9610482,T,C,-0.0893,9.583e-18,0.010409,35359,0.18708,APOL1_Apo_L1,TRUE,reported,APOL1_Apo_L1
22,36397182,rs35682842,A,G,-0.1092,8.295e-15,0.014067,35374,0.09054,APOL1_Apo_L1,TRUE,reported,APOL1_Apo_L1
22,36531775,rs139914131,A,G,-0.173,2.776e-10,0.027413,35361,0.02158,APOL1_Apo_L1,TRUE,reported,APOL1_Apo_L1
22,36535922,rs5756232,ATGCAAGTTCA,ATGCAAGTTCT,0.1196,1.563e-09,0.019809,35359,0.04442,APOL1_Apo_L1,TRUE,reported,APOL1_Apo_L1
22,36573552,rs9619616,A,G,-0.0558,6.429e-11,0.008541,35364,0.33902,APOL1_Apo_L1,TRUE,reported,APOL1_Apo_L1
22,36924127,rs114063448,A,G,-0.3265,4.823e-12,0.047246,35359,0.00775,APOL1_Apo_L1,TRUE,reported,APOL1_Apo_L1
22,36947480,rs7289244,TCCATATCGTGATGATTTCATCT,TCCATATCGTGATGATTTCATCC,-0.1117,2.699e-10,0.017688,35359,0.05637,APOL1_Apo_L1,TRUE,reported,APOL1_Apo_L1
22,37136725,rs3218356,A,G,-0.1604,5.205e-12,0.023247,35363,0.02991,APOL1_Apo_L1,TRUE,reported,APOL1_Apo_L1
