chr.exposure,pos.exposure,SNP,effect_allele.exposure,other_allele.exposure,beta.exposure,pval.exposure,se.exposure,samplesize.exposure,eaf.exposure,exposure,mr_keep.exposure,pval_origin.exposure,id.exposure
12,127945695,rs76659363,G,A,0.1329,4.917e-08,0.024366,35382,0.03101,TMEM132C_T132C,TRUE,reported,TMEM132C_T132C
12,128049587,rs3924901,A,C,0.0638,6.522e-11,0.009768,35379,0.2543,TMEM132C_T132C,TRUE,reported,TMEM132C_T132C
12,128119199,rs34048425,C,A,0.0603,1.113e-10,0.009348,35378,0.29255,TMEM132C_T132C,TRUE,reported,TMEM132C_T132C
12,128161276,rs4477500,A,G,-0.0886,4.72e-24,0.008759,35380,0.37375,TMEM132C_T132C,TRUE,reported,TMEM132C_T132C
12,128177225,rs4882788,A,T,-0.071,2.36e-16,0.008656,35386,0.40396,TMEM132C_T132C,TRUE,reported,TMEM132C_T132C
12,128229161,rs145914093,C,T,-0.2882,5.471e-12,0.041812,35383,0.01087,TMEM132C_T132C,TRUE,reported,TMEM132C_T132C
12,128272393,rs7973997,T,C,-0.2551,9.376e-176,0.009025,35381,0.32791,TMEM132C_T132C,TRUE,reported,TMEM132C_T132C
12,128322110,rs61938412,A,T,-0.097,3.384e-13,0.013328,35372,0.11577,TMEM132C_T132C,TRUE,reported,TMEM132C_T132C
12,128327711,rs117737894,G,A,0.1554,4.694e-11,0.023616,35374,0.03482,TMEM132C_T132C,TRUE,reported,TMEM132C_T132C
12,128389959,rs11613870,A,G,-0.0729,4.9e-08,0.013364,35378,0.11564,TMEM132C_T132C,TRUE,reported,TMEM132C_T132C
12,128415128,rs11059681,G,A,-0.1668,4.651e-86,0.008484,35377,0.46249,TMEM132C_T132C,TRUE,reported,TMEM132C_T132C
12,128426938,rs10847617,C,T,-0.0908,3.017e-16,0.01111,35378,0.17756,TMEM132C_T132C,TRUE,reported,TMEM132C_T132C
12,128580943,rs7296140,G,A,-0.0523,4.817e-08,0.009582,35369,0.2713,TMEM132C_T132C,TRUE,reported,TMEM132C_T132C
12,128616212,rs117965239,G,C,-0.8708,3.795e-193,0.029373,35375,0.02016,TMEM132C_T132C,TRUE,reported,TMEM132C_T132C
12,128669441,rs4272850,A,G,0.0692,1.7e-12,0.009806,35377,0.25616,TMEM132C_T132C,TRUE,reported,TMEM132C_T132C
12,128680568,rs144354150,C,A,-0.2952,4.388e-31,0.02546,35376,0.02987,TMEM132C_T132C,TRUE,reported,TMEM132C_T132C
12,128800695,rs61946187,GTGTTTACT,GTGTTTACC,-0.0978,3.731e-08,0.017772,35385,0.06021,TMEM132C_T132C,TRUE,reported,TMEM132C_T132C
12,129020653,rs149571695,A,C,-0.2576,3.379e-09,0.043572,35385,0.00967,TMEM132C_T132C,TRUE,reported,TMEM132C_T132C
