chr.exposure,pos.exposure,SNP,effect_allele.exposure,other_allele.exposure,beta.exposure,pval.exposure,se.exposure,samplesize.exposure,eaf.exposure,exposure,mr_keep.exposure,pval_origin.exposure,id.exposure
2,240151991,rs139406187,A,G,-0.1293,5.113e-09,0.022127,35274,0.03599,DUSP28_DUS28,TRUE,reported,DUSP28_DUS28
2,240337804,rs62185204,C,T,-0.1023,1.524e-15,0.012828,35273,0.11335,DUSP28_DUS28,TRUE,reported,DUSP28_DUS28
2,240391359,rs10432573,T,C,-0.0692,5.67e-10,0.011162,35272,0.15903,DUSP28_DUS28,TRUE,reported,DUSP28_DUS28
2,240660995,rs112548426,A,G,-0.452,1.086e-107,0.020504,35270,0.04263,DUSP28_DUS28,TRUE,reported,DUSP28_DUS28
2,241017003,rs4129022,T,C,-0.1397,1.08e-20,0.014977,35179,0.08251,DUSP28_DUS28,TRUE,reported,DUSP28_DUS28
2,241494538,rs35804074,T,C,-0.1195,1.025e-08,0.020868,35123,0.03962,DUSP28_DUS28,TRUE,reported,DUSP28_DUS28
2,241550445,rs75383755,C,G,-0.1566,4.564e-09,0.026713,35123,0.02519,DUSP28_DUS28,TRUE,reported,DUSP28_DUS28
