chr.exposure,pos.exposure,SNP,effect_allele.exposure,other_allele.exposure,beta.exposure,pval.exposure,se.exposure,samplesize.exposure,eaf.exposure,exposure,mr_keep.exposure,pval_origin.exposure,id.exposure
6,40372153,rs12527437,C,T,-0.5317,1.382e-22,0.05437,35356,0.00537,TREM2_TREM2,TRUE,reported,TREM2_TREM2
6,40374217,rs112913222,C,G,-0.2724,5.547e-33,0.02277,35356,0.03155,TREM2_TREM2,TRUE,reported,TREM2_TREM2
6,40461802,rs75913262,A,G,-0.0614,5.385e-09,0.010523,35356,0.17323,TREM2_TREM2,TRUE,reported,TREM2_TREM2
6,40519027,rs191298776,A,C,-0.9009,2.284e-22,0.092606,35359,0.00171,TREM2_TREM2,TRUE,reported,TREM2_TREM2
6,40688571,rs57066365,T,A,-1.1915,5.192e-25,0.115351,35358,0.00118,TREM2_TREM2,TRUE,reported,TREM2_TREM2
6,40794563,rs77705101,G,A,-0.5257,1.434e-91,0.025903,35360,0.02453,TREM2_TREM2,TRUE,reported,TREM2_TREM2
6,40823707,rs10947918,A,G,-0.1068,8.98e-16,0.013283,35359,0.09794,TREM2_TREM2,TRUE,reported,TREM2_TREM2
6,40946743,rs115550458,C,T,-0.1784,4.079e-13,0.024597,35368,0.02705,TREM2_TREM2,TRUE,reported,TREM2_TREM2
6,41066261,rs114812713,C,G,-0.2753,1.051e-45,0.0194,35366,0.04457,TREM2_TREM2,TRUE,reported,TREM2_TREM2
6,41108221,rs4711656,C,T,0.1292,1.49e-08,0.022816,35366,0.03126,TREM2_TREM2,TRUE,reported,TREM2_TREM2
6,41161469,rs143332484,T,C,-1.4387,1e-200,0.041988,35366,0.00868,TREM2_TREM2,TRUE,reported,TREM2_TREM2
6,41191118,rs9462677,A,T,-0.241,4.81e-08,0.044154,35366,0.00841,TREM2_TREM2,TRUE,reported,TREM2_TREM2
6,41383731,rs200043451,AC,C,-0.1456,1.587e-08,0.025761,35362,0.0244,TREM2_TREM2,TRUE,reported,TREM2_TREM2
6,41433547,rs146936090,T,C,-0.6281,1.311e-88,0.031473,35358,0.01673,TREM2_TREM2,TRUE,reported,TREM2_TREM2
6,41459724,rs1853836,A,G,-0.0517,5.143e-10,0.008319,35358,0.36478,TREM2_TREM2,TRUE,reported,TREM2_TREM2
6,41475877,rs728826,A,G,0.062,1.273e-08,0.010897,35359,0.15969,TREM2_TREM2,TRUE,reported,TREM2_TREM2
6,41513743,rs75514022,T,C,-0.0949,1.081e-11,0.013966,35348,0.09023,TREM2_TREM2,TRUE,reported,TREM2_TREM2
6,41650946,rs147685533,A,G,-0.2366,1.112e-27,0.0217,35356,0.03596,TREM2_TREM2,TRUE,reported,TREM2_TREM2
6,41668321,rs9394823,A,T,0.049,8.058e-09,0.008496,35356,0.32935,TREM2_TREM2,TRUE,reported,TREM2_TREM2
6,42122253,rs34687738,GTCTGCT,GTCTG,-0.0645,1.192e-09,0.010606,35355,0.17557,TREM2_TREM2,TRUE,reported,TREM2_TREM2
6,42140271,rs2244418,A,G,-0.0688,3.005e-08,0.012416,35351,0.12142,TREM2_TREM2,TRUE,reported,TREM2_TREM2
