chr.exposure,pos.exposure,SNP,effect_allele.exposure,other_allele.exposure,beta.exposure,pval.exposure,se.exposure,samplesize.exposure,eaf.exposure,exposure,mr_keep.exposure,pval_origin.exposure,id.exposure
1,159998174,rs55725533,T,G,0.1056,8.1e-10,0.01719,35358,0.06373,LY9_LY9,TRUE,reported,LY9_LY9
1,160352522,rs149417959,A,G,0.1221,1.043e-10,0.018899,35358,0.05181,LY9_LY9,TRUE,reported,LY9_LY9
1,160494758,rs678456,C,T,0.0883,2.1e-11,0.013181,35350,0.11437,LY9_LY9,TRUE,reported,LY9_LY9
1,160534146,rs78875132,T,C,-0.1505,2.606e-11,0.022573,35353,0.03637,LY9_LY9,TRUE,reported,LY9_LY9
1,160572654,rs80240315,T,C,0.2645,2.484e-13,0.036135,35357,0.01363,LY9_LY9,TRUE,reported,LY9_LY9
1,160676771,rs7515941,A,G,-0.0921,1.499e-20,0.009911,35343,0.23733,LY9_LY9,TRUE,reported,LY9_LY9
1,160677765,rs79897697,A,G,0.2893,4.922e-23,0.029272,35345,0.01903,LY9_LY9,TRUE,reported,LY9_LY9
1,160683780,rs113981173,C,T,-0.2775,2.473e-34,0.022711,35356,0.0361,LY9_LY9,TRUE,reported,LY9_LY9
1,160720697,rs564999,T,A,-0.1787,1.44e-18,0.02032,35358,0.0433,LY9_LY9,TRUE,reported,LY9_LY9
1,160724771,rs116677423,A,G,0.2985,3.735e-56,0.018906,35358,0.04868,LY9_LY9,TRUE,reported,LY9_LY9
1,160763426,rs79017888,C,G,-0.2303,1.96e-14,0.030092,35363,0.02005,LY9_LY9,TRUE,reported,LY9_LY9
1,160818341,rs3817407,C,T,0.4858,1e-200,0.007663,35365,0.2104,LY9_LY9,TRUE,reported,LY9_LY9
1,160881378,rs77521168,A,T,-0.1632,1.624e-22,0.016716,35365,0.06686,LY9_LY9,TRUE,reported,LY9_LY9
1,160956205,rs12118803,A,G,0.167,1.69e-60,0.010178,35363,0.21343,LY9_LY9,TRUE,reported,LY9_LY9
1,161023601,rs191649548,A,G,0.3527,1.622e-32,0.029704,35366,0.02031,LY9_LY9,TRUE,reported,LY9_LY9
1,161233981,rs149151778,TTTTTTTTGTTTGT,ATTTTTTTGTTTGT,-0.4667,9.214e-56,0.029667,35364,0.02025,LY9_LY9,TRUE,reported,LY9_LY9
1,161266932,rs75085556,G,A,0.1493,5.98e-12,0.0217,35358,0.03928,LY9_LY9,TRUE,reported,LY9_LY9
1,161294390,rs4587585,G,A,0.1703,5.506e-16,0.021025,35354,0.04251,LY9_LY9,TRUE,reported,LY9_LY9
1,161347100,rs116164944,T,C,0.2036,8.731e-16,0.025312,35354,0.02742,LY9_LY9,TRUE,reported,LY9_LY9
1,161383559,rs142405270,G,A,0.2476,2.332e-09,0.041455,35354,0.00987,LY9_LY9,TRUE,reported,LY9_LY9
1,161546082,rs149210339,G,C,-0.138,2.068e-12,0.019631,35351,0.04828,LY9_LY9,TRUE,reported,LY9_LY9
1,161554306,rs182073781,A,C,0.206,8.196e-11,0.031707,35351,0.01852,LY9_LY9,TRUE,reported,LY9_LY9
1,161768448,rs4657101,C,A,0.0831,2.068e-18,0.009493,35361,0.26526,LY9_LY9,TRUE,reported,LY9_LY9
