chr.exposure,pos.exposure,SNP,effect_allele.exposure,other_allele.exposure,beta.exposure,pval.exposure,se.exposure,samplesize.exposure,eaf.exposure,exposure,mr_keep.exposure,pval_origin.exposure,id.exposure
11,101732887,rs36099897,CGTGTGT,C,-0.3515,1.266e-08,0.061769,35367,0.00461,MMP8_MMP_8,TRUE,reported,MMP8_MMP_8
11,102512513,rs6590969,T,C,-0.0587,8.541e-09,0.010196,35364,0.2032,MMP8_MMP_8,TRUE,reported,MMP8_MMP_8
11,102676761,rs117557731,G,A,0.2732,1.929e-44,0.019535,35366,0.04516,MMP8_MMP_8,TRUE,reported,MMP8_MMP_8
11,102713404,rs35231465,A,G,-0.6843,1.127e-139,0.027199,35365,0.02267,MMP8_MMP_8,TRUE,reported,MMP8_MMP_8
11,102727869,rs3758861,A,G,-0.0946,8.002e-16,0.011745,35363,0.14176,MMP8_MMP_8,TRUE,reported,MMP8_MMP_8
11,102797971,rs470358,C,T,-0.0495,8.073e-09,0.008583,35364,0.35849,MMP8_MMP_8,TRUE,reported,MMP8_MMP_8
11,102890044,rs11225452,A,T,-0.0595,2.344e-10,0.009389,35364,0.26062,MMP8_MMP_8,TRUE,reported,MMP8_MMP_8
11,102931332,rs148292565,A,C,0.1712,2.073e-09,0.028572,35364,0.02044,MMP8_MMP_8,TRUE,reported,MMP8_MMP_8
11,103441485,rs77937517,C,A,0.1232,1.636e-09,0.02043,35364,0.04285,MMP8_MMP_8,TRUE,reported,MMP8_MMP_8
11,103545463,rs117053498,A,G,-0.2908,9.028e-18,0.03387,35364,0.01491,MMP8_MMP_8,TRUE,reported,MMP8_MMP_8
11,103673864,rs72980787,A,G,0.1083,1.863e-08,0.019256,35364,0.04785,MMP8_MMP_8,TRUE,reported,MMP8_MMP_8
