chr.exposure,pos.exposure,SNP,effect_allele.exposure,other_allele.exposure,beta.exposure,pval.exposure,se.exposure,samplesize.exposure,eaf.exposure,exposure,mr_keep.exposure,pval_origin.exposure,id.exposure
14,68736428,rs17106237,A,G,-0.1019,2.356e-15,0.012865,35358,0.1143,GALNT16_GLTL1,TRUE,reported,GALNT16_GLTL1
14,68881038,rs41285482,T,C,-0.0717,6.629e-09,0.012362,35358,0.12693,GALNT16_GLTL1,TRUE,reported,GALNT16_GLTL1
14,69022187,rs61255130,T,C,-0.1179,6.414e-18,0.01367,35358,0.10067,GALNT16_GLTL1,TRUE,reported,GALNT16_GLTL1
14,69170184,rs143821647,T,C,-0.1973,1.217e-39,0.014975,35360,0.08249,GALNT16_GLTL1,TRUE,reported,GALNT16_GLTL1
14,69326758,rs12100668,A,G,0.1685,7.319e-91,0.008336,35357,0.40769,GALNT16_GLTL1,TRUE,reported,GALNT16_GLTL1
14,69385063,rs34859711,T,A,-0.258,4.595e-58,0.016061,35359,0.07132,GALNT16_GLTL1,TRUE,reported,GALNT16_GLTL1
14,69387919,rs28451089,G,A,0.0794,3.142e-21,0.008395,35359,0.39688,GALNT16_GLTL1,TRUE,reported,GALNT16_GLTL1
14,69740286,rs10143223,C,T,-0.0658,9.499e-14,0.008835,35357,0.32325,GALNT16_GLTL1,TRUE,reported,GALNT16_GLTL1
14,69798859,rs149651811,G,A,0.2215,2.517e-13,0.030268,35358,0.01884,GALNT16_GLTL1,TRUE,reported,GALNT16_GLTL1
14,69930277,rs149027663,T,C,-0.1802,6.742e-15,0.023135,35359,0.0336,GALNT16_GLTL1,TRUE,reported,GALNT16_GLTL1
14,70013564,rs79844562,A,G,0.2547,1.205e-08,0.044692,35360,0.00873,GALNT16_GLTL1,TRUE,reported,GALNT16_GLTL1
14,70184896,rs17765625,A,G,-0.109,6.341e-10,0.017633,35359,0.05829,GALNT16_GLTL1,TRUE,reported,GALNT16_GLTL1
