chr.exposure,pos.exposure,SNP,effect_allele.exposure,other_allele.exposure,beta.exposure,pval.exposure,se.exposure,samplesize.exposure,eaf.exposure,exposure,mr_keep.exposure,pval_origin.exposure,id.exposure
19,35099276,rs1687994,A,T,0.0865,1.596e-08,0.015307,35368,0.0822,IGFLR1_TM149,TRUE,reported,IGFLR1_TM149
19,35356534,rs74565154,TCTTTGTCTCTTTTTTTTTTTTTTTT,TCTTTCTCTCTTTTTTTTTTTTTTTT,-0.13,2.261e-26,0.012234,35366,0.13439,IGFLR1_TM149,TRUE,reported,IGFLR1_TM149
19,35394657,rs141036255,TGATAGATAGATAGATA,TGATA,-0.3741,2.678e-26,0.035259,35369,0.01355,IGFLR1_TM149,TRUE,reported,IGFLR1_TM149
19,35488483,rs17638234,T,C,-0.1417,3.224e-19,0.015813,35380,0.07415,IGFLR1_TM149,TRUE,reported,IGFLR1_TM149
19,35497399,rs16970417,A,G,-0.294,5.539e-17,0.035106,35380,0.01405,IGFLR1_TM149,TRUE,reported,IGFLR1_TM149
19,35500896,rs2293697,T,C,0.1346,3.328e-33,0.011212,35378,0.16578,IGFLR1_TM149,TRUE,reported,IGFLR1_TM149
19,35545528,rs181749047,A,G,-0.3033,1.637e-18,0.034545,35371,0.01472,IGFLR1_TM149,TRUE,reported,IGFLR1_TM149
19,35601814,rs143627909,A,G,-0.3221,3.464e-08,0.058392,35376,0.00545,IGFLR1_TM149,TRUE,reported,IGFLR1_TM149
19,35625623,rs139451671,G,A,-0.2944,1.938e-16,0.03579,35377,0.0143,IGFLR1_TM149,TRUE,reported,IGFLR1_TM149
19,35735568,rs79174543,A,G,0.2592,7.512e-28,0.023695,35377,0.03262,IGFLR1_TM149,TRUE,reported,IGFLR1_TM149
19,35763526,rs112500848,T,C,-0.6186,1e-200,0.009555,35377,0.13864,IGFLR1_TM149,TRUE,reported,IGFLR1_TM149
19,35766210,rs35835993,T,C,0.3076,1.142e-60,0.01872,35377,0.05094,IGFLR1_TM149,TRUE,reported,IGFLR1_TM149
19,35792945,rs11881242,C,T,0.1265,5.404e-24,0.012522,35376,0.12692,IGFLR1_TM149,TRUE,reported,IGFLR1_TM149
19,35817215,rs7256608,T,C,0.1113,4.913e-12,0.016112,35375,0.07038,IGFLR1_TM149,TRUE,reported,IGFLR1_TM149
19,35827181,rs35677801,C,T,-0.0954,9.563e-14,0.012811,35373,0.11811,IGFLR1_TM149,TRUE,reported,IGFLR1_TM149
19,35863484,rs140009065,T,A,-0.4485,5.202e-31,0.03873,35373,0.0125,IGFLR1_TM149,TRUE,reported,IGFLR1_TM149
19,35971169,rs145086956,A,G,0.1595,1.477e-34,0.013009,35374,0.11274,IGFLR1_TM149,TRUE,reported,IGFLR1_TM149
19,36026753,rs10418015,T,C,-0.0661,3.698e-15,0.008405,35376,0.42799,IGFLR1_TM149,TRUE,reported,IGFLR1_TM149
19,36236310,rs118146634,A,G,-0.2815,1.217e-31,0.024052,35377,0.03017,IGFLR1_TM149,TRUE,reported,IGFLR1_TM149
19,36255371,rs2972526,T,G,-0.199,1.563e-27,0.018303,35373,0.0538,IGFLR1_TM149,TRUE,reported,IGFLR1_TM149
