chr.exposure,pos.exposure,SNP,effect_allele.exposure,other_allele.exposure,beta.exposure,pval.exposure,se.exposure,samplesize.exposure,eaf.exposure,exposure,mr_keep.exposure,pval_origin.exposure,id.exposure
19,7158450,rs111338547,A,G,-0.2346,3.917e-08,0.042697,35372,0.00953,CD209_DC_SIGN,TRUE,reported,CD209_DC_SIGN
19,7244946,rs8102363,TTTTTTCC,TTTTTTTC,-0.7116,1.107e-10,0.110299,35367,0.00155,CD209_DC_SIGN,TRUE,reported,CD209_DC_SIGN
19,7355337,rs11879985,G,A,0.1269,3.008e-14,0.016702,35369,0.06047,CD209_DC_SIGN,TRUE,reported,CD209_DC_SIGN
19,7519597,rs78214445,C,A,-0.123,7.629e-10,0.019992,35371,0.04183,CD209_DC_SIGN,TRUE,reported,CD209_DC_SIGN
19,7571328,rs74649801,G,A,-0.0993,1.039e-10,0.015369,35373,0.07353,CD209_DC_SIGN,TRUE,reported,CD209_DC_SIGN
19,7594235,rs151189401,C,G,0.1131,8.419e-09,0.019636,35373,0.04705,CD209_DC_SIGN,TRUE,reported,CD209_DC_SIGN
19,7595189,rs142299057,T,G,0.188,1.701e-15,0.023614,35373,0.02946,CD209_DC_SIGN,TRUE,reported,CD209_DC_SIGN
19,7652496,rs62110667,G,T,0.1002,7.351e-19,0.011297,35372,0.15274,CD209_DC_SIGN,TRUE,reported,CD209_DC_SIGN
19,7677492,rs117758146,T,C,-0.2995,1.875e-18,0.034172,35371,0.01429,CD209_DC_SIGN,TRUE,reported,CD209_DC_SIGN
19,7678935,rs72996468,G,A,-0.1309,1.291e-29,0.011583,35370,0.13713,CD209_DC_SIGN,TRUE,reported,CD209_DC_SIGN
19,7707287,rs4804774,C,G,-0.3583,1e-200,0.009517,35369,0.21725,CD209_DC_SIGN,TRUE,reported,CD209_DC_SIGN
19,7739930,rs11260027,A,G,0.2597,1e-200,0.007989,35370,0.44147,CD209_DC_SIGN,TRUE,reported,CD209_DC_SIGN
19,7751444,rs112365010,G,A,0.0896,2.861e-13,0.012273,35372,0.12136,CD209_DC_SIGN,TRUE,reported,CD209_DC_SIGN
19,7783898,rs78070574,A,C,0.1439,9.183e-19,0.01627,35376,0.0643,CD209_DC_SIGN,TRUE,reported,CD209_DC_SIGN
19,7886591,rs118070443,T,C,0.1189,2.309e-08,0.021281,35375,0.03834,CD209_DC_SIGN,TRUE,reported,CD209_DC_SIGN
19,7911227,rs10412007,GTCTCCTCCTCCCCCCC,GTCTTCTCCTCCCCCCC,-0.0457,1.476e-08,0.008068,35377,0.48802,CD209_DC_SIGN,TRUE,reported,CD209_DC_SIGN
19,8056113,rs62124690,C,T,0.0824,7.242e-09,0.014243,35378,0.08908,CD209_DC_SIGN,TRUE,reported,CD209_DC_SIGN
19,8067860,rs142928605,T,C,-0.1347,3.675e-11,0.020358,35378,0.0396,CD209_DC_SIGN,TRUE,reported,CD209_DC_SIGN
19,8244549,rs199914981,TG,T,-0.1484,1.078e-09,0.024338,35376,0.02994,CD209_DC_SIGN,TRUE,reported,CD209_DC_SIGN
19,8245094,rs36022758,A,C,-0.0711,6.329e-10,0.011501,35376,0.14374,CD209_DC_SIGN,TRUE,reported,CD209_DC_SIGN
