chr.exposure,pos.exposure,SNP,effect_allele.exposure,other_allele.exposure,beta.exposure,pval.exposure,se.exposure,samplesize.exposure,eaf.exposure,exposure,mr_keep.exposure,pval_origin.exposure,id.exposure
6,52029442,rs74904415,T,A,-0.1218,2.779e-08,0.021927,35368,0.03518,GSTA1_GST_A1_1,TRUE,reported,GSTA1_GST_A1_1
6,52357141,rs4712001,C,A,-0.0678,3.177e-15,0.0086,35367,0.32352,GSTA1_GST_A1_1,TRUE,reported,GSTA1_GST_A1_1
6,52570200,rs2239616,G,C,-0.051,9.898e-10,0.008346,35368,0.36879,GSTA1_GST_A1_1,TRUE,reported,GSTA1_GST_A1_1
6,52612871,rs111461400,A,G,-0.1908,6.516e-21,0.020338,35367,0.04131,GSTA1_GST_A1_1,TRUE,reported,GSTA1_GST_A1_1
6,52730295,rs7750175,C,T,-0.1144,2.347e-09,0.019157,35362,0.04569,GSTA1_GST_A1_1,TRUE,reported,GSTA1_GST_A1_1
6,52730905,rs11754704,GATTT,AATTT,0.1157,6.695e-22,0.012029,35361,0.12963,GSTA1_GST_A1_1,TRUE,reported,GSTA1_GST_A1_1
6,52732487,rs12234146,G,A,0.1394,2.785e-16,0.017037,35362,0.06015,GSTA1_GST_A1_1,TRUE,reported,GSTA1_GST_A1_1
6,52760243,rs2608627,T,C,0.3689,1e-200,0.007075,35366,0.33314,GSTA1_GST_A1_1,TRUE,reported,GSTA1_GST_A1_1
6,52794683,rs73740642,C,G,-0.3076,6.193e-09,0.05293,35368,0.00611,GSTA1_GST_A1_1,TRUE,reported,GSTA1_GST_A1_1
6,52825468,rs142022619,T,C,-0.2268,1.267e-12,0.031953,35368,0.01594,GSTA1_GST_A1_1,TRUE,reported,GSTA1_GST_A1_1
6,52838336,rs116539979,T,A,0.1568,2.249e-08,0.028042,35368,0.02072,GSTA1_GST_A1_1,TRUE,reported,GSTA1_GST_A1_1
6,52877418,rs2397132,A,G,0.1248,1.733e-09,0.020727,35365,0.03977,GSTA1_GST_A1_1,TRUE,reported,GSTA1_GST_A1_1
6,52944787,rs392442,G,C,-0.0835,5.01e-19,0.009369,35358,0.23919,GSTA1_GST_A1_1,TRUE,reported,GSTA1_GST_A1_1
6,52944992,rs657280,C,T,-0.1593,6.309e-13,0.022145,35358,0.03395,GSTA1_GST_A1_1,TRUE,reported,GSTA1_GST_A1_1
6,53098339,rs74327114,G,A,-0.2288,2.008e-17,0.026939,35369,0.02245,GSTA1_GST_A1_1,TRUE,reported,GSTA1_GST_A1_1
6,53232190,rs72938764,C,G,-0.146,4.492e-14,0.019348,35369,0.04602,GSTA1_GST_A1_1,TRUE,reported,GSTA1_GST_A1_1
6,53259703,rs715441,C,T,0.0713,9.868e-13,0.009997,35370,0.20165,GSTA1_GST_A1_1,TRUE,reported,GSTA1_GST_A1_1
6,53599334,rs35568915,C,T,-0.0746,1.697e-10,0.011681,35372,0.13448,GSTA1_GST_A1_1,TRUE,reported,GSTA1_GST_A1_1
