chr.exposure,pos.exposure,SNP,effect_allele.exposure,other_allele.exposure,beta.exposure,pval.exposure,se.exposure,samplesize.exposure,eaf.exposure,exposure,mr_keep.exposure,pval_origin.exposure,id.exposure
9,134534307,rs3118592,T,A,-0.0544,1.429e-09,0.008988,35342,0.31665,FCN1_FCN1,TRUE,reported,FCN1_FCN1
9,134603473,rs62571314,A,C,0.0632,2.989e-08,0.011404,35337,0.15948,FCN1_FCN1,TRUE,reported,FCN1_FCN1
9,134770813,rs34347545,A,G,-0.1009,1.122e-09,0.016565,35341,0.06719,FCN1_FCN1,TRUE,reported,FCN1_FCN1
9,134785410,rs3124933,T,C,-0.2213,8.517e-14,0.029657,35341,0.0197,FCN1_FCN1,TRUE,reported,FCN1_FCN1
9,134845592,rs12551466,A,G,-0.1024,3.337e-16,0.012548,35339,0.13005,FCN1_FCN1,TRUE,reported,FCN1_FCN1
9,134865008,rs7854533,C,T,0.0724,3.31e-15,0.009189,35335,0.28796,FCN1_FCN1,TRUE,reported,FCN1_FCN1
9,134878785,rs146563379,A,G,0.1742,1.51e-09,0.028825,35334,0.02274,FCN1_FCN1,TRUE,reported,FCN1_FCN1
9,134883366,rs7037264,A,G,0.2388,3.546e-174,0.008487,35333,0.3846,FCN1_FCN1,TRUE,reported,FCN1_FCN1
9,134914637,rs7042453,CGCCGTGTC,TGCCGTGTC,-0.2122,6.542e-11,0.032492,35333,0.01742,FCN1_FCN1,TRUE,reported,FCN1_FCN1
9,134918788,rs140024226,T,C,-0.2715,4.086e-17,0.032281,35333,0.01777,FCN1_FCN1,TRUE,reported,FCN1_FCN1
9,134949790,rs368982030,C,A,-0.2509,3.444e-18,0.028853,35330,0.02128,FCN1_FCN1,TRUE,reported,FCN1_FCN1
9,134954096,rs35543765,G,A,-0.2026,3.419e-11,0.030571,35329,0.01851,FCN1_FCN1,TRUE,reported,FCN1_FCN1
9,134966017,rs10858304,C,T,0.339,1e-200,0.009332,35329,0.26107,FCN1_FCN1,TRUE,reported,FCN1_FCN1
9,134993715,rs2279264,G,A,-0.0677,2.841e-13,0.009272,35330,0.28459,FCN1_FCN1,TRUE,reported,FCN1_FCN1
9,135033454,rs4842212,A,C,0.0629,1.726e-09,0.010446,35327,0.19721,FCN1_FCN1,TRUE,reported,FCN1_FCN1
9,135087385,rs111481598,G,C,-0.1402,1.636e-15,0.017599,35323,0.0601,FCN1_FCN1,TRUE,reported,FCN1_FCN1
9,135144825,rs1778992,G,A,0.0672,1.558e-15,0.008429,35322,0.42296,FCN1_FCN1,TRUE,reported,FCN1_FCN1
9,135184742,rs149892510,T,C,-0.2325,1.513e-10,0.036305,35323,0.01404,FCN1_FCN1,TRUE,reported,FCN1_FCN1
9,135206329,rs11788027,G,A,-0.0915,1.012e-18,0.010358,35322,0.20388,FCN1_FCN1,TRUE,reported,FCN1_FCN1
9,135279051,rs113140670,A,T,0.1189,8.144e-10,0.019358,35314,0.04776,FCN1_FCN1,TRUE,reported,FCN1_FCN1
9,135427776,rs142369618,C,T,-0.223,1.083e-16,0.026883,35308,0.02432,FCN1_FCN1,TRUE,reported,FCN1_FCN1
