chr.exposure,pos.exposure,SNP,effect_allele.exposure,other_allele.exposure,beta.exposure,pval.exposure,se.exposure,samplesize.exposure,eaf.exposure,exposure,mr_keep.exposure,pval_origin.exposure,id.exposure
9,132649323,rs79373018,T,C,0.1032,8.29e-10,0.01681,35373,0.07528,OBP2B_OBP2B,TRUE,reported,OBP2B_OBP2B
9,132715455,rs9411452,TAATAATAATAATAATAATAATAATAATAATA,TAATAATAATAATAATAATAATAATAATAATG,-0.1408,1.393e-11,0.020833,35370,0.05037,OBP2B_OBP2B,TRUE,reported,OBP2B_OBP2B
9,132723734,rs72773420,CGGTCC,AGGTCC,-0.0978,3.092e-14,0.012878,35371,0.14513,OBP2B_OBP2B,TRUE,reported,OBP2B_OBP2B
9,133000264,rs7034376,C,T,-0.0509,2.11e-08,0.009085,35366,0.46085,OBP2B_OBP2B,TRUE,reported,OBP2B_OBP2B
9,133135004,rs117097355,C,T,-0.2183,2.7e-18,0.025025,35370,0.03455,OBP2B_OBP2B,TRUE,reported,OBP2B_OBP2B
9,133181759,rs72769485,A,C,0.2048,4.724e-13,0.028315,35369,0.02564,OBP2B_OBP2B,TRUE,reported,OBP2B_OBP2B
9,133210436,rs3761822,A,G,0.3741,1e-200,0.01115,35369,0.19968,OBP2B_OBP2B,TRUE,reported,OBP2B_OBP2B
9,133279871,rs633862,C,T,0.0877,4.275e-22,0.009075,35371,0.45011,OBP2B_OBP2B,TRUE,reported,OBP2B_OBP2B
9,133494807,rs117315606,T,C,-0.2901,1.005e-29,0.02562,35364,0.03219,OBP2B_OBP2B,TRUE,reported,OBP2B_OBP2B
9,133595102,rs56116178,G,A,0.0874,1.181e-10,0.013568,35371,0.12543,OBP2B_OBP2B,TRUE,reported,OBP2B_OBP2B
9,133611784,rs117056642,C,A,0.1281,3.757e-10,0.020451,35371,0.04897,OBP2B_OBP2B,TRUE,reported,OBP2B_OBP2B
9,133621695,rs10993864,G,A,0.134,2.954e-20,0.014533,35369,0.10814,OBP2B_OBP2B,TRUE,reported,OBP2B_OBP2B
9,133781484,rs191121813,TCAGGGGTT,TCAGGGGTG,-0.226,3.191e-10,0.035935,35372,0.01612,OBP2B_OBP2B,TRUE,reported,OBP2B_OBP2B
9,133890382,rs425078,A,G,0.1029,4.696e-08,0.018838,35369,0.05931,OBP2B_OBP2B,TRUE,reported,OBP2B_OBP2B
