chr.exposure,pos.exposure,SNP,effect_allele.exposure,other_allele.exposure,beta.exposure,pval.exposure,se.exposure,samplesize.exposure,eaf.exposure,exposure,mr_keep.exposure,pval_origin.exposure,id.exposure
21,45109921,rs79321999,A,G,-0.2793,3.117e-08,0.050463,35257,0.00601,COL6A2_CO6A2,TRUE,reported,COL6A2_CO6A2
21,45275896,rs59278722,AAT,AT,0.0519,3.078e-09,0.008756,35256,0.3138,COL6A2_CO6A2,TRUE,reported,COL6A2_CO6A2
21,45397981,rs76864899,T,A,-0.1522,3.884e-12,0.021927,35254,0.03606,COL6A2_CO6A2,TRUE,reported,COL6A2_CO6A2
21,45431984,rs56327327,G,A,0.07,7.085e-09,0.012092,35251,0.12582,COL6A2_CO6A2,TRUE,reported,COL6A2_CO6A2
21,45595871,rs73230562,A,C,0.1678,5.796e-11,0.025623,35242,0.02507,COL6A2_CO6A2,TRUE,reported,COL6A2_CO6A2
21,45876137,rs75094098,T,C,-0.1495,1.281e-08,0.026281,35177,0.02351,COL6A2_CO6A2,TRUE,reported,COL6A2_CO6A2
21,45941752,rs74660892,T,A,-0.2027,6.394e-19,0.022814,35173,0.03345,COL6A2_CO6A2,TRUE,reported,COL6A2_CO6A2
21,46059461,rs113201270,A,G,0.1042,2.962e-16,0.012746,34795,0.11801,COL6A2_CO6A2,TRUE,reported,COL6A2_CO6A2
21,46078968,rs190928610,AGCACCCT,GGCACCCT,0.214,1.684e-10,0.033502,34718,0.01472,COL6A2_CO6A2,TRUE,reported,COL6A2_CO6A2
21,46118335,rs12483283,A,G,-0.1063,1.33e-09,0.01753,34732,0.05724,COL6A2_CO6A2,TRUE,reported,COL6A2_CO6A2
21,46132189,rs11554669,T,G,0.1311,9.727e-12,0.01925,34733,0.04776,COL6A2_CO6A2,TRUE,reported,COL6A2_CO6A2
21,46132295,rs35548026,A,G,-0.3871,2.435e-172,0.013832,34733,0.09329,COL6A2_CO6A2,TRUE,reported,COL6A2_CO6A2
21,46132608,rs148337125,G,T,0.3568,1.508e-76,0.019269,34733,0.04729,COL6A2_CO6A2,TRUE,reported,COL6A2_CO6A2
21,46138214,rs62213997,C,A,0.1572,2.671e-33,0.013074,34733,0.11056,COL6A2_CO6A2,TRUE,reported,COL6A2_CO6A2
21,46151515,rs58309404,A,G,0.194,2.771e-10,0.03074,34731,0.01863,COL6A2_CO6A2,TRUE,reported,COL6A2_CO6A2
21,46155823,rs914245,T,G,0.1076,6.07e-35,0.008725,34729,0.33177,COL6A2_CO6A2,TRUE,reported,COL6A2_CO6A2
21,46156597,rs138944290,A,G,-0.2782,4.985e-20,0.030357,34730,0.01908,COL6A2_CO6A2,TRUE,reported,COL6A2_CO6A2
21,46217252,rs8133013,AAAAAAAAAAAGAAAAAGAAAG,AAAAAAGAAAAGAAAAAGAAAG,0.0578,2.02e-11,0.008621,34730,0.35092,COL6A2_CO6A2,TRUE,reported,COL6A2_CO6A2
