chr.exposure,pos.exposure,SNP,effect_allele.exposure,other_allele.exposure,beta.exposure,pval.exposure,se.exposure,samplesize.exposure,eaf.exposure,exposure,mr_keep.exposure,pval_origin.exposure,id.exposure
6,115812696,rs11968601,T,C,-0.146,4.132e-23,0.014746,35355,0.0745,COL10A1_COAA1,TRUE,reported,COL10A1_COAA1
6,115960456,rs7743420,T,C,0.0894,6.194e-12,0.013003,35354,0.09545,COL10A1_COAA1,TRUE,reported,COL10A1_COAA1
6,116123005,rs9488842,C,A,-0.2512,3.897e-180,0.008777,35354,0.26724,COL10A1_COAA1,TRUE,reported,COL10A1_COAA1
6,116207485,rs79259175,A,G,0.2317,1.425e-12,0.032719,35354,0.01451,COL10A1_COAA1,TRUE,reported,COL10A1_COAA1
6,116394974,rs4278046,A,G,0.1003,3.999e-08,0.018267,35353,0.04847,COL10A1_COAA1,TRUE,reported,COL10A1_COAA1
6,116568413,rs980214,G,T,0.0662,2.383e-16,0.008072,35354,0.38966,COL10A1_COAA1,TRUE,reported,COL10A1_COAA1
6,116641979,rs1084887,T,C,-0.0481,2.443e-08,0.008624,35354,0.29945,COL10A1_COAA1,TRUE,reported,COL10A1_COAA1
6,116724527,rs60931389,TAAAG,CAAAG,-0.1713,2.143e-13,0.023339,35354,0.03041,COL10A1_COAA1,TRUE,reported,COL10A1_COAA1
