chr.exposure,pos.exposure,SNP,effect_allele.exposure,other_allele.exposure,beta.exposure,pval.exposure,se.exposure,samplesize.exposure,eaf.exposure,exposure,mr_keep.exposure,pval_origin.exposure,id.exposure
3,186877733,rs111461757,G,C,0.1415,2.726e-08,0.025458,35363,0.02652,RTP4_RTP4,TRUE,reported,RTP4_RTP4
3,186975182,rs12486343,C,T,0.0721,3.912e-09,0.012246,35363,0.12454,RTP4_RTP4,TRUE,reported,RTP4_RTP4
3,187168237,rs79918843,G,A,0.2139,2.449e-10,0.033791,35363,0.01486,RTP4_RTP4,TRUE,reported,RTP4_RTP4
3,187205425,rs75467909,C,T,0.1168,7.132e-13,0.016274,35369,0.06731,RTP4_RTP4,TRUE,reported,RTP4_RTP4
3,187224497,rs183769868,A,C,-0.1492,1.759e-08,0.026481,35370,0.02314,RTP4_RTP4,TRUE,reported,RTP4_RTP4
3,187262476,rs710468,T,C,-0.0708,7.489e-10,0.011502,35368,0.14638,RTP4_RTP4,TRUE,reported,RTP4_RTP4
3,187303109,rs77567348,A,G,0.2147,6.093e-16,0.026547,35368,0.02345,RTP4_RTP4,TRUE,reported,RTP4_RTP4
3,187367301,rs9821082,A,C,-0.3143,1e-200,0.007109,35366,0.43112,RTP4_RTP4,TRUE,reported,RTP4_RTP4
3,187374725,rs202035007,AACTC,CTC,-0.1382,1.286e-11,0.020413,35367,0.0392,RTP4_RTP4,TRUE,reported,RTP4_RTP4
3,187435016,rs80139880,A,G,0.0998,5.278e-11,0.015207,35367,0.07688,RTP4_RTP4,TRUE,reported,RTP4_RTP4
3,187438044,rs16862107,G,A,-0.1712,4.649e-18,0.019765,35367,0.0454,RTP4_RTP4,TRUE,reported,RTP4_RTP4
3,187469519,rs9830399,T,C,0.0491,1.423e-09,0.008112,35368,0.47642,RTP4_RTP4,TRUE,reported,RTP4_RTP4
3,187469526,rs9850403,C,T,0.0501,6.394e-10,0.008106,35368,0.47574,RTP4_RTP4,TRUE,reported,RTP4_RTP4
3,187477176,rs114895442,T,C,-0.1384,2.157e-11,0.020672,35368,0.04045,RTP4_RTP4,TRUE,reported,RTP4_RTP4
3,187568652,rs116787285,A,G,-0.1164,9.311e-14,0.015623,35369,0.07104,RTP4_RTP4,TRUE,reported,RTP4_RTP4
3,187597230,rs73184606,T,C,0.1762,5.198e-24,0.017435,35370,0.05601,RTP4_RTP4,TRUE,reported,RTP4_RTP4
3,187654854,rs9824174,C,T,-0.084,2.224e-13,0.011453,35368,0.14619,RTP4_RTP4,TRUE,reported,RTP4_RTP4
3,188086562,rs78240249,A,G,0.072,1.011e-09,0.011788,35366,0.13608,RTP4_RTP4,TRUE,reported,RTP4_RTP4
