chr.exposure,pos.exposure,SNP,effect_allele.exposure,other_allele.exposure,beta.exposure,pval.exposure,se.exposure,samplesize.exposure,eaf.exposure,exposure,mr_keep.exposure,pval_origin.exposure,id.exposure
6,6941453,rs71559141,G,A,0.1504,1.206e-18,0.017063,35365,0.06,TXNDC5_TXND5,TRUE,reported,TXNDC5_TXND5
6,7303815,rs113432335,A,G,0.2299,6.034e-23,0.02331,35365,0.03249,TXNDC5_TXND5,TRUE,reported,TXNDC5_TXND5
6,7343931,rs2714319,T,A,0.1449,2.532e-08,0.026009,35364,0.02513,TXNDC5_TXND5,TRUE,reported,TXNDC5_TXND5
6,7425895,rs190713039,T,C,1.4683,1.201e-137,0.058795,35364,0.00539,TXNDC5_TXND5,TRUE,reported,TXNDC5_TXND5
6,7508391,rs148218954,A,G,0.1954,7.653e-10,0.031762,35363,0.01647,TXNDC5_TXND5,TRUE,reported,TXNDC5_TXND5
6,7730031,rs62389984,C,G,0.1507,2.825e-12,0.021571,35363,0.03603,TXNDC5_TXND5,TRUE,reported,TXNDC5_TXND5
6,7822746,rs147067275,A,C,0.2873,2.184e-24,0.028193,35363,0.02327,TXNDC5_TXND5,TRUE,reported,TXNDC5_TXND5
6,7881698,rs1043784,C,T,-0.1949,3.001e-50,0.013075,35364,0.10918,TXNDC5_TXND5,TRUE,reported,TXNDC5_TXND5
6,7909587,rs149742777,A,T,0.5369,7.611e-61,0.032627,35364,0.01536,TXNDC5_TXND5,TRUE,reported,TXNDC5_TXND5
6,7936208,rs17339636,A,G,0.2015,1.203e-12,0.02836,35364,0.02116,TXNDC5_TXND5,TRUE,reported,TXNDC5_TXND5
6,7946842,rs149679123,C,T,0.2454,5.373e-25,0.023765,35364,0.03132,TXNDC5_TXND5,TRUE,reported,TXNDC5_TXND5
6,8133259,rs13209436,T,C,0.2466,1.816e-13,0.033498,35365,0.0146,TXNDC5_TXND5,TRUE,reported,TXNDC5_TXND5
6,8674550,rs116160783,A,G,0.1917,1.034e-16,0.023094,35367,0.03267,TXNDC5_TXND5,TRUE,reported,TXNDC5_TXND5
