chr.exposure,pos.exposure,SNP,effect_allele.exposure,other_allele.exposure,beta.exposure,pval.exposure,se.exposure,samplesize.exposure,eaf.exposure,exposure,mr_keep.exposure,pval_origin.exposure,id.exposure
10,51349040,rs61852113,C,G,0.1231,1.502e-14,0.016013,35353,0.0734,DKK1_DKK1,TRUE,reported,DKK1_DKK1
10,51412179,rs140791099,GTGAGAGAGAGAGAGAGAGAGAGAGAGAGAGAGAG,GTGAGAGAGAGAGAGAGAGAGAGAGAGAGAGAGAGAAAGAA,0.3633,1.23e-38,0.027947,35301,0.02285,DKK1_DKK1,TRUE,reported,DKK1_DKK1
10,51572465,rs10823219,T,G,0.055,5.339e-09,0.009424,35356,0.26919,DKK1_DKK1,TRUE,reported,DKK1_DKK1
10,51640988,rs12146344,G,T,0.1875,1.329e-23,0.018725,35359,0.0514,DKK1_DKK1,TRUE,reported,DKK1_DKK1
10,51703623,rs76803524,A,G,0.3428,1.613e-50,0.022933,35360,0.03485,DKK1_DKK1,TRUE,reported,DKK1_DKK1
10,51875766,rs75580312,A,G,0.7202,8.971e-104,0.033293,35362,0.01464,DKK1_DKK1,TRUE,reported,DKK1_DKK1
10,51926746,rs67890812,CATAGTTTTTTT,CATAGT,0.4283,9.806e-63,0.02562,35361,0.02696,DKK1_DKK1,TRUE,reported,DKK1_DKK1
10,52026960,rs61849869,A,G,0.1117,5.57e-20,0.012204,35361,0.13516,DKK1_DKK1,TRUE,reported,DKK1_DKK1
10,52034501,rs140589168,C,G,0.3353,9.573e-50,0.022612,35361,0.0342,DKK1_DKK1,TRUE,reported,DKK1_DKK1
10,52239339,rs35340011,TAAAATTAAAAAAAAAAAA,TAAAATTAAAAAAAAAAA,-0.0477,2.378e-08,0.008545,35357,0.41383,DKK1_DKK1,TRUE,reported,DKK1_DKK1
10,52262177,rs12768182,G,A,0.0728,4.077e-17,0.008656,35357,0.37012,DKK1_DKK1,TRUE,reported,DKK1_DKK1
10,52345126,rs148512850,A,G,0.394,3.331e-59,0.024283,35357,0.02933,DKK1_DKK1,TRUE,reported,DKK1_DKK1
10,52474587,rs150513777,G,A,0.4508,1.054e-82,0.0234,35355,0.0321,DKK1_DKK1,TRUE,reported,DKK1_DKK1
10,52574723,rs117859588,G,A,0.2093,4.873e-27,0.019437,35354,0.04953,DKK1_DKK1,TRUE,reported,DKK1_DKK1
10,52575333,rs6480894,A,G,0.0638,3.017e-14,0.008397,35354,0.44115,DKK1_DKK1,TRUE,reported,DKK1_DKK1
10,52577019,rs189269936,G,C,-0.2322,6.735e-16,0.028755,35355,0.02272,DKK1_DKK1,TRUE,reported,DKK1_DKK1
10,52675662,rs6480949,T,C,0.0875,1.086e-11,0.012878,35357,0.12045,DKK1_DKK1,TRUE,reported,DKK1_DKK1
10,52760037,rs12784736,T,C,0.25,7.78e-24,0.024835,35361,0.02988,DKK1_DKK1,TRUE,reported,DKK1_DKK1
10,52928613,rs16935439,C,T,-0.0752,8.241e-09,0.013048,35350,0.11855,DKK1_DKK1,TRUE,reported,DKK1_DKK1
