chr.exposure,pos.exposure,SNP,effect_allele.exposure,other_allele.exposure,beta.exposure,pval.exposure,se.exposure,samplesize.exposure,eaf.exposure,exposure,mr_keep.exposure,pval_origin.exposure,id.exposure
17,6940165,rs311753,GCTGTCCA,ACTGTCCA,0.4702,2.619e-11,0.070531,35372,0.00382,ATP1B2_AT1B2,TRUE,reported,ATP1B2_AT1B2
17,7082702,rs34947586,T,C,0.0773,1.728e-11,0.01149,35372,0.15884,ATP1B2_AT1B2,TRUE,reported,ATP1B2_AT1B2
17,7134581,rs62061397,T,C,-0.1364,5.807e-16,0.016853,35373,0.06728,ATP1B2_AT1B2,TRUE,reported,ATP1B2_AT1B2
17,7303370,rs111417555,A,G,0.1719,4.298e-11,0.026071,35372,0.02783,ATP1B2_AT1B2,TRUE,reported,ATP1B2_AT1B2
17,7315135,rs11541829,A,C,0.2028,7.84e-10,0.032986,35372,0.01713,ATP1B2_AT1B2,TRUE,reported,ATP1B2_AT1B2
17,7418768,rs76749877,A,G,0.1123,5.848e-16,0.013877,35370,0.1033,ATP1B2_AT1B2,TRUE,reported,ATP1B2_AT1B2
17,7433327,rs150785571,A,C,-0.1725,1.894e-10,0.027081,35374,0.02348,ATP1B2_AT1B2,TRUE,reported,ATP1B2_AT1B2
17,7463026,rs78260319,CTCCTCCTCCTCCTCCTCCTCTTCGTCCTCCTCCTCTTCGTCCTCCTCA,CTCATCCTCCTCCTCCTCCTCTTCGTCCTCCTCCTCTTCGTCCTCCTCA,-0.2096,1.782e-16,0.02545,35374,0.02864,ATP1B2_AT1B2,TRUE,reported,ATP1B2_AT1B2
17,7488057,rs146876556,A,G,-0.2637,5.978e-23,0.026734,35374,0.02521,ATP1B2_AT1B2,TRUE,reported,ATP1B2_AT1B2
17,7648524,rs72829444,A,G,0.2052,5.055e-99,0.009715,35378,0.25397,ATP1B2_AT1B2,TRUE,reported,ATP1B2_AT1B2
17,7651218,rs1050528,CGGGGGGT,TGGGGGGT,-0.3077,1e-200,0.008402,35378,0.4599,ATP1B2_AT1B2,TRUE,reported,ATP1B2_AT1B2
17,7657517,rs1050541,G,T,-0.1178,2.4e-42,0.008638,35378,0.41141,ATP1B2_AT1B2,TRUE,reported,ATP1B2_AT1B2
17,7711283,rs7141,A,G,-0.0636,6.357e-12,0.009256,35377,0.3075,ATP1B2_AT1B2,TRUE,reported,ATP1B2_AT1B2
17,7795811,rs190944265,T,C,0.1806,8.342e-19,0.020394,35367,0.04501,ATP1B2_AT1B2,TRUE,reported,ATP1B2_AT1B2
17,7826170,rs62059711,T,C,-0.1408,1.392e-37,0.010989,35374,0.17737,ATP1B2_AT1B2,TRUE,reported,ATP1B2_AT1B2
17,7846676,rs79548905,GCCCCTCAGGGGAGGAC,GCCCCTCAGGGGAGGAG,0.1298,1.183e-10,0.020151,35373,0.04919,ATP1B2_AT1B2,TRUE,reported,ATP1B2_AT1B2
17,8079694,rs117018673,A,G,-0.1163,2.924e-08,0.02097,35374,0.04295,ATP1B2_AT1B2,TRUE,reported,ATP1B2_AT1B2
