chr.exposure,pos.exposure,SNP,effect_allele.exposure,other_allele.exposure,beta.exposure,pval.exposure,se.exposure,samplesize.exposure,eaf.exposure,exposure,mr_keep.exposure,pval_origin.exposure,id.exposure
5,102704771,rs2657471,T,G,-0.1125,3.169e-14,0.01482,35340,0.08255,NUDT12_NUD12,TRUE,reported,NUDT12_NUD12
5,102770143,rs115413967,G,T,-0.4441,2.439e-49,0.030077,35343,0.01703,NUDT12_NUD12,TRUE,reported,NUDT12_NUD12
5,102899537,rs149522178,C,A,-0.2216,1.853e-08,0.039394,35343,0.01103,NUDT12_NUD12,TRUE,reported,NUDT12_NUD12
5,102902064,rs17154813,A,T,-0.1189,9.898e-10,0.019457,35343,0.04411,NUDT12_NUD12,TRUE,reported,NUDT12_NUD12
5,102959079,rs13157269,A,G,-0.1532,6.956e-11,0.023491,35342,0.02998,NUDT12_NUD12,TRUE,reported,NUDT12_NUD12
5,103381356,rs141771219,TTT,TT,-0.0731,4.403e-17,0.008701,35344,0.31641,NUDT12_NUD12,TRUE,reported,NUDT12_NUD12
5,103419249,rs13188193,T,C,0.1369,4.582e-14,0.018149,35342,0.05338,NUDT12_NUD12,TRUE,reported,NUDT12_NUD12
5,103444843,rs4703252,T,G,0.138,6.042e-28,0.012593,35343,0.11762,NUDT12_NUD12,TRUE,reported,NUDT12_NUD12
5,103532861,rs7730302,T,C,-0.5081,1e-200,0.009418,35342,0.14733,NUDT12_NUD12,TRUE,reported,NUDT12_NUD12
5,103576077,rs1152153,G,A,-0.1096,1.143e-10,0.017001,35342,0.05959,NUDT12_NUD12,TRUE,reported,NUDT12_NUD12
5,103677027,rs71586380,C,G,-0.1953,3.982e-09,0.033186,35342,0.01566,NUDT12_NUD12,TRUE,reported,NUDT12_NUD12
5,103690642,rs78175259,T,C,-0.1297,1.746e-15,0.016298,35342,0.06552,NUDT12_NUD12,TRUE,reported,NUDT12_NUD12
5,103717562,rs116355189,A,G,-0.1695,1.907e-14,0.022137,35343,0.03298,NUDT12_NUD12,TRUE,reported,NUDT12_NUD12
5,103761620,rs370918484,TTGTGTGTGTGTGTGTGTGTG,TTGTGTGTGTGTGTGTGTG,-0.1464,5.482e-12,0.02124,35339,0.0373,NUDT12_NUD12,TRUE,reported,NUDT12_NUD12
5,103795063,rs140216035,A,G,-0.1936,1.43e-14,0.025164,35344,0.02518,NUDT12_NUD12,TRUE,reported,NUDT12_NUD12
5,103885559,rs113870602,C,G,-0.0811,1.019e-14,0.010482,35344,0.17955,NUDT12_NUD12,TRUE,reported,NUDT12_NUD12
5,103906047,rs40600,T,A,-0.1195,1.434e-09,0.019747,35344,0.04345,NUDT12_NUD12,TRUE,reported,NUDT12_NUD12
5,104203208,rs184124856,G,A,-0.3173,1.704e-10,0.049688,35341,0.00638,NUDT12_NUD12,TRUE,reported,NUDT12_NUD12
5,104247451,rs142454125,A,C,-0.1649,1.256e-08,0.028971,35341,0.02031,NUDT12_NUD12,TRUE,reported,NUDT12_NUD12
