chr.exposure,pos.exposure,SNP,effect_allele.exposure,other_allele.exposure,beta.exposure,pval.exposure,se.exposure,samplesize.exposure,eaf.exposure,exposure,mr_keep.exposure,pval_origin.exposure,id.exposure
16,84001989,rs2271302,G,A,-0.0751,2.573e-08,0.013487,35368,0.11367,CRISPLD2_CRLD2,TRUE,reported,CRISPLD2_CRLD2
16,84549577,rs74250152,A,C,-0.0586,7.443e-09,0.010137,35387,0.22711,CRISPLD2_CRLD2,TRUE,reported,CRISPLD2_CRLD2
16,84642466,rs186187843,G,C,-0.2756,3.08e-14,0.036287,35377,0.01467,CRISPLD2_CRLD2,TRUE,reported,CRISPLD2_CRLD2
16,84696106,rs13313545,A,G,-0.0989,3.578e-14,0.013055,35375,0.12467,CRISPLD2_CRLD2,TRUE,reported,CRISPLD2_CRLD2
16,84729546,rs74428272,C,T,-0.12,1.633e-08,0.02125,35379,0.04273,CRISPLD2_CRLD2,TRUE,reported,CRISPLD2_CRLD2
16,84778091,rs113716260,CTGTGTGTGTGTGTGTGTGTG,CTGTG,0.1685,9.172e-23,0.017158,35376,0.06749,CRISPLD2_CRLD2,TRUE,reported,CRISPLD2_CRLD2
16,84806348,rs8057431,A,C,0.2151,1.451e-125,0.009025,35379,0.33658,CRISPLD2_CRLD2,TRUE,reported,CRISPLD2_CRLD2
16,84815462,rs12929017,G,T,0.106,2.172e-31,0.009095,35379,0.33643,CRISPLD2_CRLD2,TRUE,reported,CRISPLD2_CRLD2
16,84827253,rs117249060,C,T,-0.2998,4.413e-23,0.030301,35377,0.02057,CRISPLD2_CRLD2,TRUE,reported,CRISPLD2_CRLD2
16,84833901,rs58151657,A,G,0.1226,1.422e-17,0.014367,35377,0.10024,CRISPLD2_CRLD2,TRUE,reported,CRISPLD2_CRLD2
16,84862651,rs60910901,G,A,-1.1104,1.113e-158,0.041372,35378,0.01127,CRISPLD2_CRLD2,TRUE,reported,CRISPLD2_CRLD2
16,84883874,rs774204,C,T,0.1609,1.092e-78,0.008567,35378,0.4606,CRISPLD2_CRLD2,TRUE,reported,CRISPLD2_CRLD2
16,84924948,rs12931731,T,G,0.0628,6.992e-11,0.009631,35378,0.27711,CRISPLD2_CRLD2,TRUE,reported,CRISPLD2_CRLD2
16,84941415,rs4453475,A,G,-1.109,7.311e-46,0.078012,35377,0.00326,CRISPLD2_CRLD2,TRUE,reported,CRISPLD2_CRLD2
16,84981935,rs16975086,A,G,-0.0721,1.488e-11,0.010683,35379,0.20276,CRISPLD2_CRLD2,TRUE,reported,CRISPLD2_CRLD2
16,85012165,rs111319839,G,T,0.1477,1.183e-15,0.018448,35379,0.05775,CRISPLD2_CRLD2,TRUE,reported,CRISPLD2_CRLD2
16,85187350,rs77804006,C,T,-0.4909,9.439e-36,0.039331,35376,0.01338,CRISPLD2_CRLD2,TRUE,reported,CRISPLD2_CRLD2
