chr.exposure,pos.exposure,SNP,effect_allele.exposure,other_allele.exposure,beta.exposure,pval.exposure,se.exposure,samplesize.exposure,eaf.exposure,exposure,mr_keep.exposure,pval_origin.exposure,id.exposure
12,57958437,rs12825843,C,T,0.0711,6.043e-17,0.0085,35365,0.393,LRIG3_LRIG3,TRUE,reported,LRIG3_LRIG3
12,58107273,rs78470079,G,A,0.4051,1.411e-76,0.021873,35364,0.03604,LRIG3_LRIG3,TRUE,reported,LRIG3_LRIG3
12,58269705,rs74711935,C,A,0.6446,1.687e-134,0.026117,35366,0.02652,LRIG3_LRIG3,TRUE,reported,LRIG3_LRIG3
12,58355612,rs146804929,G,C,0.2219,5.085e-11,0.033783,35365,0.01602,LRIG3_LRIG3,TRUE,reported,LRIG3_LRIG3
12,58441290,rs143674756,TTTTTTTTTT,TTTTTTTT,-0.2629,6.732e-17,0.031479,35363,0.01787,LRIG3_LRIG3,TRUE,reported,LRIG3_LRIG3
12,58497995,rs12424906,C,T,-0.1442,1.713e-28,0.013024,35367,0.11121,LRIG3_LRIG3,TRUE,reported,LRIG3_LRIG3
12,58620136,rs76716275,G,A,0.1439,8.51e-16,0.017883,35366,0.05719,LRIG3_LRIG3,TRUE,reported,LRIG3_LRIG3
12,58670085,rs146915077,T,C,0.4188,1.107e-39,0.031769,35365,0.01726,LRIG3_LRIG3,TRUE,reported,LRIG3_LRIG3
12,58736576,rs11172707,A,G,-0.1699,2.633e-41,0.012621,35365,0.1231,LRIG3_LRIG3,TRUE,reported,LRIG3_LRIG3
12,58759563,rs2124516,G,T,0.248,1.824e-81,0.012973,35366,0.11493,LRIG3_LRIG3,TRUE,reported,LRIG3_LRIG3
12,58819362,rs6581219,G,A,-0.1676,8.143e-91,0.008293,35366,0.47882,LRIG3_LRIG3,TRUE,reported,LRIG3_LRIG3
12,58875142,rs17121643,A,G,0.5015,1.02e-130,0.020615,35364,0.04376,LRIG3_LRIG3,TRUE,reported,LRIG3_LRIG3
12,58958650,rs11172841,C,A,0.2859,3.106e-192,0.009667,35365,0.23311,LRIG3_LRIG3,TRUE,reported,LRIG3_LRIG3
12,58959411,rs74320291,A,G,-0.1747,1.472e-09,0.028888,35365,0.02176,LRIG3_LRIG3,TRUE,reported,LRIG3_LRIG3
12,59160344,rs140344867,G,A,1.3777,1e-200,0.037482,35364,0.01244,LRIG3_LRIG3,TRUE,reported,LRIG3_LRIG3
12,59362411,rs141381480,G,A,0.6448,6.487e-140,0.025607,35364,0.0267,LRIG3_LRIG3,TRUE,reported,LRIG3_LRIG3
12,59550850,rs276042,G,C,0.0601,1.829e-13,0.008165,35362,0.36226,LRIG3_LRIG3,TRUE,reported,LRIG3_LRIG3
12,59669048,rs117686631,A,C,-0.1363,3.391e-09,0.023057,35360,0.03323,LRIG3_LRIG3,TRUE,reported,LRIG3_LRIG3
12,59758243,rs79983841,A,G,0.3688,2.753e-77,0.019819,35364,0.04618,LRIG3_LRIG3,TRUE,reported,LRIG3_LRIG3
12,59863240,rs7972065,C,T,-0.0746,9.151e-13,0.010444,35364,0.19653,LRIG3_LRIG3,TRUE,reported,LRIG3_LRIG3
12,59901877,rs147500794,A,G,0.3104,8.967e-25,0.030204,35364,0.01897,LRIG3_LRIG3,TRUE,reported,LRIG3_LRIG3
