chr.exposure,pos.exposure,SNP,effect_allele.exposure,other_allele.exposure,beta.exposure,pval.exposure,se.exposure,samplesize.exposure,eaf.exposure,exposure,mr_keep.exposure,pval_origin.exposure,id.exposure
22,23131445,rs151264453,G,C,0.2846,6.888e-09,0.049123,35356,0.00685,GSTT2B_GSTT2,TRUE,reported,GSTT2B_GSTT2
22,23472608,rs4145503,G,C,0.0921,1.067e-09,0.015101,35352,0.07712,GSTT2B_GSTT2,TRUE,reported,GSTT2B_GSTT2
22,23738424,rs4822435,C,T,0.0736,3.217e-10,0.011705,35360,0.1347,GSTT2B_GSTT2,TRUE,reported,GSTT2B_GSTT2
22,23795750,rs9612429,A,G,0.0859,9.073e-13,0.012024,35359,0.12875,GSTT2B_GSTT2,TRUE,reported,GSTT2B_GSTT2
22,23819777,rs5760055,TGCGCAG,GGCGCAG,-0.0645,6.435e-11,0.009873,35359,0.21564,GSTT2B_GSTT2,TRUE,reported,GSTT2B_GSTT2
22,23840047,rs79378476,G,A,0.1488,8.577e-09,0.025848,35359,0.02541,GSTT2B_GSTT2,TRUE,reported,GSTT2B_GSTT2
22,23851737,rs9608207,G,T,-0.1221,1.271e-15,0.015268,35359,0.07842,GSTT2B_GSTT2,TRUE,reported,GSTT2B_GSTT2
22,23924860,rs5751777,TGATTGCAAAAAAAAAA,CGATTGCAAAAAAAAAA,-0.2648,1e-200,0.00805,35361,0.4353,GSTT2B_GSTT2,TRUE,reported,GSTT2B_GSTT2
22,24071359,rs117647424,G,A,0.3471,3.043e-65,0.020348,35361,0.03979,GSTT2B_GSTT2,TRUE,reported,GSTT2B_GSTT2
22,24229687,rs143467905,T,A,0.3016,3.741e-15,0.038355,35360,0.01126,GSTT2B_GSTT2,TRUE,reported,GSTT2B_GSTT2
22,24419673,rs185039879,G,A,0.2561,1.837e-10,0.040176,35360,0.00903,GSTT2B_GSTT2,TRUE,reported,GSTT2B_GSTT2
22,24586554,rs9612662,T,A,-0.0538,3.611e-10,0.008581,35359,0.33404,GSTT2B_GSTT2,TRUE,reported,GSTT2B_GSTT2
22,24758586,rs9612755,A,T,-0.1497,9.582e-13,0.020977,35360,0.04001,GSTT2B_GSTT2,TRUE,reported,GSTT2B_GSTT2
22,24883455,rs151306794,G,C,0.249,7.215e-12,0.036333,35354,0.01216,GSTT2B_GSTT2,TRUE,reported,GSTT2B_GSTT2
