chr.exposure,pos.exposure,SNP,effect_allele.exposure,other_allele.exposure,beta.exposure,pval.exposure,se.exposure,samplesize.exposure,eaf.exposure,exposure,mr_keep.exposure,pval_origin.exposure,id.exposure
12,95576713,rs11108129,G,C,0.0513,1.19e-09,0.008435,35366,0.42379,NTN4_NET4,TRUE,reported,NTN4_NET4
12,95583079,rs144424926,A,C,-0.2871,2.927e-14,0.037769,35366,0.0131,NTN4_NET4,TRUE,reported,NTN4_NET4
12,95632961,rs61938093,T,C,-0.0707,5.866e-14,0.009413,35356,0.26929,NTN4_NET4,TRUE,reported,NTN4_NET4
12,95679036,rs10735332,G,C,0.1058,5.797e-35,0.008577,35362,0.38731,NTN4_NET4,TRUE,reported,NTN4_NET4
12,95705700,rs2468358,T,C,0.0927,1.496e-13,0.012548,35364,0.1262,NTN4_NET4,TRUE,reported,NTN4_NET4
12,95726969,rs35245187,CAAAAAAAAAAAAATTTTTTT,CAAAAAAAAAAAATTTTTTT,0.1408,4.281e-45,0.009992,35364,0.22533,NTN4_NET4,TRUE,reported,NTN4_NET4
12,95732621,rs12579021,C,A,0.1772,1.247e-09,0.029173,35364,0.02122,NTN4_NET4,TRUE,reported,NTN4_NET4
12,95738117,rs17288108,G,A,-0.2526,2.349e-101,0.011818,35364,0.14241,NTN4_NET4,TRUE,reported,NTN4_NET4
12,95750848,rs191099736,T,C,-0.4873,5.711e-30,0.042848,35364,0.01042,NTN4_NET4,TRUE,reported,NTN4_NET4
12,95877659,rs73227794,G,A,0.1744,1.443e-08,0.030768,35364,0.01922,NTN4_NET4,TRUE,reported,NTN4_NET4
12,95959626,rs12582719,TTC,TAC,-0.0695,7.898e-11,0.010688,35364,0.18887,NTN4_NET4,TRUE,reported,NTN4_NET4
12,96000147,rs59846601,T,A,0.1131,6.174e-12,0.01645,35363,0.07104,NTN4_NET4,TRUE,reported,NTN4_NET4
12,96050919,rs2660851,G,T,0.0599,8.059e-13,0.008366,35360,0.49383,NTN4_NET4,TRUE,reported,NTN4_NET4
