chr.exposure,pos.exposure,SNP,effect_allele.exposure,other_allele.exposure,beta.exposure,pval.exposure,se.exposure,samplesize.exposure,eaf.exposure,exposure,mr_keep.exposure,pval_origin.exposure,id.exposure
15,73167584,rs72741424,G,A,0.1262,1.261e-10,0.019621,35349,0.04387,ISLR2_ISLR2,TRUE,reported,ISLR2_ISLR2
15,73259370,rs10623352,ATTTTT,ATT,-0.0593,1.877e-12,0.008419,35349,0.41642,ISLR2_ISLR2,TRUE,reported,ISLR2_ISLR2
15,73865669,rs138766754,G,C,0.3051,1.871e-08,0.054254,35350,0.00589,ISLR2_ISLR2,TRUE,reported,ISLR2_ISLR2
15,74106631,rs7167322,A,G,-0.1562,2.962e-15,0.019791,35349,0.0453,ISLR2_ISLR2,TRUE,reported,ISLR2_ISLR2
15,74117912,rs112473448,T,C,-0.1625,2.199e-26,0.015289,35349,0.07859,ISLR2_ISLR2,TRUE,reported,ISLR2_ISLR2
15,74173930,rs923118,T,G,0.2143,1.038e-110,0.009585,35350,0.23863,ISLR2_ISLR2,TRUE,reported,ISLR2_ISLR2
15,74298880,rs113149566,C,T,-0.1441,4.236e-08,0.026292,35351,0.02472,ISLR2_ISLR2,TRUE,reported,ISLR2_ISLR2
15,74314916,rs874712,G,A,-0.142,1.728e-26,0.013332,35351,0.10657,ISLR2_ISLR2,TRUE,reported,ISLR2_ISLR2
15,74342764,rs58712424,G,A,0.1725,2.449e-17,0.020365,35351,0.04397,ISLR2_ISLR2,TRUE,reported,ISLR2_ISLR2
15,74415128,rs2734633,C,A,-0.1034,2.475e-12,0.014761,35350,0.08598,ISLR2_ISLR2,TRUE,reported,ISLR2_ISLR2
15,74787133,rs34933034,A,G,0.0945,8.028e-16,0.011734,35350,0.14844,ISLR2_ISLR2,TRUE,reported,ISLR2_ISLR2
15,74932019,rs150193285,T,C,-0.1373,2.969e-09,0.023141,35352,0.0346,ISLR2_ISLR2,TRUE,reported,ISLR2_ISLR2
