chr.exposure,pos.exposure,SNP,effect_allele.exposure,other_allele.exposure,beta.exposure,pval.exposure,se.exposure,samplesize.exposure,eaf.exposure,exposure,mr_keep.exposure,pval_origin.exposure,id.exposure
7,78457990,rs10485893,T,C,-0.0653,2.368e-10,0.010307,35352,0.1842,MAGI2_MAGI2,TRUE,reported,MAGI2_MAGI2
7,78467938,rs17433679,G,A,-0.0764,9.527e-09,0.013313,35358,0.10047,MAGI2_MAGI2,TRUE,reported,MAGI2_MAGI2
7,78754370,rs36017820,CAAATAAATAAATAAATAAAT,CAAATAAATAAAT,0.1298,2.096e-15,0.016357,35353,0.06247,MAGI2_MAGI2,TRUE,reported,MAGI2_MAGI2
7,78857273,rs145932118,G,T,-0.1871,7.31e-12,0.027308,35352,0.02138,MAGI2_MAGI2,TRUE,reported,MAGI2_MAGI2
7,79143230,rs12539913,A,G,0.1779,1.476e-23,0.017784,35349,0.05261,MAGI2_MAGI2,TRUE,reported,MAGI2_MAGI2
7,79205557,rs149168806,T,C,0.2054,2.646e-12,0.029362,35349,0.01911,MAGI2_MAGI2,TRUE,reported,MAGI2_MAGI2
7,79407914,rs17152454,G,C,0.5687,1e-200,0.009602,35348,0.13244,MAGI2_MAGI2,TRUE,reported,MAGI2_MAGI2
7,79485381,rs2886361,G,A,-0.0668,9.134e-17,0.008033,35348,0.42828,MAGI2_MAGI2,TRUE,reported,MAGI2_MAGI2
7,79659916,rs2253439,T,C,0.0674,3.462e-17,0.007995,35347,0.4679,MAGI2_MAGI2,TRUE,reported,MAGI2_MAGI2
7,79718140,rs1403880,A,G,0.1802,1.526e-53,0.011698,35347,0.13107,MAGI2_MAGI2,TRUE,reported,MAGI2_MAGI2
7,79820586,rs78438715,G,A,0.644,4.782e-82,0.033565,35347,0.01406,MAGI2_MAGI2,TRUE,reported,MAGI2_MAGI2
7,79854637,rs62459945,T,A,0.17,1.291e-12,0.02396,35347,0.02788,MAGI2_MAGI2,TRUE,reported,MAGI2_MAGI2
7,79871763,rs142472166,A,T,0.2479,2.849e-15,0.03139,35347,0.01677,MAGI2_MAGI2,TRUE,reported,MAGI2_MAGI2
7,79955069,rs117334659,T,C,0.1798,1.455e-17,0.021077,35347,0.03782,MAGI2_MAGI2,TRUE,reported,MAGI2_MAGI2
7,80117660,rs13221592,T,C,-0.2204,5.747e-13,0.030584,35347,0.01768,MAGI2_MAGI2,TRUE,reported,MAGI2_MAGI2
7,80199898,rs73149596,A,G,0.1209,3.298e-22,0.012476,35348,0.11604,MAGI2_MAGI2,TRUE,reported,MAGI2_MAGI2
7,80251543,rs2667740,C,T,-0.2548,4.477e-28,0.023194,35348,0.03167,MAGI2_MAGI2,TRUE,reported,MAGI2_MAGI2
7,80391246,rs2040896,A,G,0.0812,4.224e-11,0.01231,35347,0.11824,MAGI2_MAGI2,TRUE,reported,MAGI2_MAGI2
7,80400802,rs117132957,T,C,-0.2299,1.287e-09,0.037881,35346,0.01112,MAGI2_MAGI2,TRUE,reported,MAGI2_MAGI2
7,80434196,rs799944,T,C,-0.0586,1.036e-08,0.010236,35345,0.18854,MAGI2_MAGI2,TRUE,reported,MAGI2_MAGI2
