chr.exposure,pos.exposure,SNP,effect_allele.exposure,other_allele.exposure,beta.exposure,pval.exposure,se.exposure,samplesize.exposure,eaf.exposure,exposure,mr_keep.exposure,pval_origin.exposure,id.exposure
1,116502695,rs56070242,A,C,-0.0766,2.798e-08,0.013793,35353,0.10437,MAN1A2_MA1A2,TRUE,reported,MAN1A2_MA1A2
1,116834695,rs147472694,T,C,-0.3027,5.128e-19,0.033975,35356,0.01547,MAN1A2_MA1A2,TRUE,reported,MAN1A2_MA1A2
1,116899191,rs116757920,A,G,0.237,2.247e-14,0.031039,35356,0.01832,MAN1A2_MA1A2,TRUE,reported,MAN1A2_MA1A2
1,116909755,rs75908024,A,G,-0.162,1.426e-08,0.02857,35356,0.02113,MAN1A2_MA1A2,TRUE,reported,MAN1A2_MA1A2
1,116931218,rs1998921,A,G,0.1223,1.014e-08,0.02135,35356,0.04062,MAN1A2_MA1A2,TRUE,reported,MAN1A2_MA1A2
1,117133391,rs10647000,ATAGATAGATAGATAGGTAGATAGATAGAC,GTAGATAGATAGAC,-0.17,6.592e-26,0.016151,35337,0.07795,MAN1A2_MA1A2,TRUE,reported,MAN1A2_MA1A2
1,117204048,rs72699168,A,T,-0.0958,1.083e-15,0.01195,35362,0.14437,MAN1A2_MA1A2,TRUE,reported,MAN1A2_MA1A2
1,117253808,rs150241902,TG,G,-0.0678,3.454e-10,0.010802,35362,0.19725,MAN1A2_MA1A2,TRUE,reported,MAN1A2_MA1A2
1,117312289,rs73013841,T,C,-0.296,7.688e-110,0.013293,35364,0.11199,MAN1A2_MA1A2,TRUE,reported,MAN1A2_MA1A2
1,117463912,rs17037307,C,A,0.2287,3.496e-87,0.011555,35364,0.15615,MAN1A2_MA1A2,TRUE,reported,MAN1A2_MA1A2
1,117522919,rs41296190,A,G,-0.3761,1.551e-35,0.030229,35364,0.01914,MAN1A2_MA1A2,TRUE,reported,MAN1A2_MA1A2
1,117774331,rs114948074,T,C,-0.2052,8.486e-31,0.017785,35366,0.06056,MAN1A2_MA1A2,TRUE,reported,MAN1A2_MA1A2
1,118357582,rs2474940,T,C,-0.1319,1.894e-12,0.01873,35373,0.0533,MAN1A2_MA1A2,TRUE,reported,MAN1A2_MA1A2
1,118362067,rs115611551,C,A,-0.0935,6.003e-09,0.016074,35373,0.07346,MAN1A2_MA1A2,TRUE,reported,MAN1A2_MA1A2
