chr.exposure,pos.exposure,SNP,effect_allele.exposure,other_allele.exposure,beta.exposure,pval.exposure,se.exposure,samplesize.exposure,eaf.exposure,exposure,mr_keep.exposure,pval_origin.exposure,id.exposure
10,42112508,rs7908581,T,C,-0.0836,1.227e-23,0.008342,35332,0.42492,RET_RET,TRUE,reported,RET_RET
10,42215404,rs12268705,A,G,-0.0534,4.207e-09,0.009088,35325,0.47711,RET_RET,TRUE,reported,RET_RET
10,42662228,rs9422634,GTCTTCT,TTCTTCT,-0.1485,3.404e-61,0.008998,35331,0.28616,RET_RET,TRUE,reported,RET_RET
10,42738984,rs810896,T,C,-0.2193,5.05e-132,0.008969,35331,0.2983,RET_RET,TRUE,reported,RET_RET
10,42754089,rs149559554,A,G,0.2198,2.57e-17,0.025967,35331,0.02559,RET_RET,TRUE,reported,RET_RET
10,42963756,rs3121318,C,T,0.1362,3.111e-59,0.008392,35330,0.3862,RET_RET,TRUE,reported,RET_RET
10,43084567,rs2435359,G,A,0.3379,1e-200,0.009151,35330,0.26255,RET_RET,TRUE,reported,RET_RET
10,43124887,rs17158558,T,C,0.2485,2.339e-14,0.032567,35329,0.0152,RET_RET,TRUE,reported,RET_RET
10,43139478,rs74135470,T,C,-0.2914,5.676e-14,0.038774,35329,0.01224,RET_RET,TRUE,reported,RET_RET
10,43315595,rs116331905,A,C,0.1902,6.604e-24,0.018864,35328,0.05022,RET_RET,TRUE,reported,RET_RET
10,43320975,rs141877667,C,T,0.2472,7.14e-25,0.024003,35328,0.03045,RET_RET,TRUE,reported,RET_RET
10,43432477,rs142776018,G,A,-0.1962,8.528e-11,0.030227,35328,0.02037,RET_RET,TRUE,reported,RET_RET
10,43458062,rs113163489,AAAAAAAG,AAAAAG,0.1028,1.127e-13,0.013845,35328,0.09605,RET_RET,TRUE,reported,RET_RET
10,43854492,rs79694172,C,T,0.139,1.615e-09,0.023042,35325,0.03364,RET_RET,TRUE,reported,RET_RET
10,43915642,rs138142462,A,G,0.1293,2.323e-09,0.021646,35325,0.03741,RET_RET,TRUE,reported,RET_RET
10,43953833,rs79844083,G,C,0.1543,2.651e-10,0.024423,35324,0.02876,RET_RET,TRUE,reported,RET_RET
10,43982245,rs58563011,G,A,-0.0828,9.027e-10,0.013517,35323,0.10101,RET_RET,TRUE,reported,RET_RET
10,44006122,rs147000035,A,G,-0.1814,1.19e-08,0.031818,35323,0.01773,RET_RET,TRUE,reported,RET_RET
