chr.exposure,pos.exposure,SNP,effect_allele.exposure,other_allele.exposure,beta.exposure,pval.exposure,se.exposure,samplesize.exposure,eaf.exposure,exposure,mr_keep.exposure,pval_origin.exposure,id.exposure
19,34856368,rs202099727,TCTCTTAA,TCTCTTA,-0.0611,1.562e-12,0.008644,35366,0.42153,KIRREL2_KIRR2,TRUE,reported,KIRREL2_KIRR2
19,35039786,rs28365105,G,C,-0.1538,2.381e-22,0.015816,35366,0.077,KIRREL2_KIRR2,TRUE,reported,KIRREL2_KIRR2
19,35122257,rs150789080,G,T,-0.686,1.276e-115,0.030014,35367,0.01921,KIRREL2_KIRR2,TRUE,reported,KIRREL2_KIRR2
19,35153236,rs2016458,T,C,0.0582,4.828e-11,0.00885,35364,0.35051,KIRREL2_KIRR2,TRUE,reported,KIRREL2_KIRR2
19,35238347,rs11670645,A,G,-0.1939,2.309e-55,0.012371,35369,0.13377,KIRREL2_KIRR2,TRUE,reported,KIRREL2_KIRR2
19,35299036,rs112793426,ACCCACACCACACACACA,ACCCACACCACACA,-0.1535,3.365e-46,0.010757,35370,0.19121,KIRREL2_KIRR2,TRUE,reported,KIRREL2_KIRR2
19,35461163,rs117731902,G,A,-0.5059,1.607e-158,0.018859,35377,0.05133,KIRREL2_KIRR2,TRUE,reported,KIRREL2_KIRR2
19,35512528,rs7254784,T,C,0.0692,6.882e-12,0.010087,35375,0.22823,KIRREL2_KIRR2,TRUE,reported,KIRREL2_KIRR2
19,35558041,rs748213,T,C,-0.0501,2.928e-09,0.008441,35373,0.48268,KIRREL2_KIRR2,TRUE,reported,KIRREL2_KIRR2
19,35643763,rs145198089,T,C,-0.3718,4.713e-115,0.016308,35376,0.0715,KIRREL2_KIRR2,TRUE,reported,KIRREL2_KIRR2
19,35682244,rs374463729,AATATATATAT,AATATAT,-0.1682,1.007e-20,0.018018,35372,0.05774,KIRREL2_KIRR2,TRUE,reported,KIRREL2_KIRR2
19,35821007,rs12981840,T,C,-0.2603,2.002e-84,0.01337,35373,0.10941,KIRREL2_KIRR2,TRUE,reported,KIRREL2_KIRR2
19,35853604,rs619833,A,G,-0.2099,1.226e-23,0.020945,35372,0.04235,KIRREL2_KIRR2,TRUE,reported,KIRREL2_KIRR2
19,35928040,rs11670409,A,G,-0.2834,4.281e-88,0.014243,35374,0.09725,KIRREL2_KIRR2,TRUE,reported,KIRREL2_KIRR2
19,36074304,rs2056398,GA,GG,-0.0705,8.692e-14,0.009451,35375,0.27992,KIRREL2_KIRR2,TRUE,reported,KIRREL2_KIRR2
19,36132064,rs6510522,C,G,-0.0717,4.027e-16,0.008811,35372,0.36516,KIRREL2_KIRR2,TRUE,reported,KIRREL2_KIRR2
19,36209033,rs143750646,C,T,-1.228,1e-200,0.039291,35373,0.01105,KIRREL2_KIRR2,TRUE,reported,KIRREL2_KIRR2
19,36427853,rs372181558,CATATATATATATATAT,CATATATATAT,-0.1256,1.908e-17,0.014778,35377,0.08857,KIRREL2_KIRR2,TRUE,reported,KIRREL2_KIRR2
19,36800714,rs62114313,C,T,-0.6831,1.59e-127,0.028435,35377,0.02268,KIRREL2_KIRR2,TRUE,reported,KIRREL2_KIRR2
