chr.exposure,pos.exposure,SNP,effect_allele.exposure,other_allele.exposure,beta.exposure,pval.exposure,se.exposure,samplesize.exposure,eaf.exposure,exposure,mr_keep.exposure,pval_origin.exposure,id.exposure
17,81680488,rs142801806,A,G,0.1558,1.538e-09,0.025793,35023,0.02315,CD7_CD7,TRUE,reported,CD7_CD7
17,82218823,rs118126964,T,C,0.1994,2.602e-13,0.027265,35021,0.02107,CD7_CD7,TRUE,reported,CD7_CD7
17,82263032,rs140403190,TAGCCAGGG,TAGCCAGGC,0.1492,2.843e-10,0.023656,35014,0.02719,CD7_CD7,TRUE,reported,CD7_CD7
17,82314615,rs3176831,T,C,-0.4495,9.294e-117,0.019569,35011,0.04122,CD7_CD7,TRUE,reported,CD7_CD7
17,82357560,rs117850386,G,C,0.1457,3.204e-08,0.026348,35013,0.02277,CD7_CD7,TRUE,reported,CD7_CD7
17,82494058,rs67784024,TAGAGAGAGAG,TAGAGAGAG,-0.1151,2.604e-09,0.019329,35010,0.0427,CD7_CD7,TRUE,reported,CD7_CD7
17,82570033,rs111510017,C,T,-0.0834,7.723e-13,0.011638,35012,0.13211,CD7_CD7,TRUE,reported,CD7_CD7
17,82586831,rs139900104,A,G,0.1342,2.91e-09,0.022606,35010,0.03158,CD7_CD7,TRUE,reported,CD7_CD7
17,83151362,rs28631960,A,G,0.1746,1.132e-11,0.025719,34990,0.02364,CD7_CD7,TRUE,reported,CD7_CD7
17,83242553,rs186184908,G,C,-0.1332,3.063e-08,0.024053,34990,0.03124,CD7_CD7,TRUE,reported,CD7_CD7
