chr.exposure,pos.exposure,SNP,effect_allele.exposure,other_allele.exposure,beta.exposure,pval.exposure,se.exposure,samplesize.exposure,eaf.exposure,exposure,mr_keep.exposure,pval_origin.exposure,id.exposure
6,45412380,rs13215406,ACCCCCCCAAA,ACCCCCCAAAA,-0.083,2.591e-14,0.010896,35352,0.17897,CLIC5_CLIC5,TRUE,reported,CLIC5_CLIC5
6,45676068,rs76533628,T,G,0.1191,6.655e-11,0.018244,35348,0.05685,CLIC5_CLIC5,TRUE,reported,CLIC5_CLIC5
6,45702980,rs116738183,T,A,-0.2285,2.444e-17,0.026976,35349,0.02488,CLIC5_CLIC5,TRUE,reported,CLIC5_CLIC5
6,45845192,rs9463133,A,G,0.0762,9.809e-15,0.009843,35349,0.23626,CLIC5_CLIC5,TRUE,reported,CLIC5_CLIC5
6,45849428,rs62401911,T,G,0.1062,1.592e-08,0.018792,35349,0.05074,CLIC5_CLIC5,TRUE,reported,CLIC5_CLIC5
6,45873733,rs76801943,A,G,-0.5695,5.95e-73,0.031524,35347,0.01638,CLIC5_CLIC5,TRUE,reported,CLIC5_CLIC5
6,45935788,rs17288621,A,G,0.1044,3.786e-21,0.011061,35350,0.17103,CLIC5_CLIC5,TRUE,reported,CLIC5_CLIC5
6,45949262,rs35822882,T,G,-1.1262,1e-200,0.022309,35350,0.02268,CLIC5_CLIC5,TRUE,reported,CLIC5_CLIC5
6,46014334,rs9472661,G,A,0.1339,1.986e-28,0.012108,35353,0.13682,CLIC5_CLIC5,TRUE,reported,CLIC5_CLIC5
6,46253384,rs55875823,T,C,-0.3841,1.189e-46,0.026781,35351,0.02472,CLIC5_CLIC5,TRUE,reported,CLIC5_CLIC5
6,46285899,rs183731228,A,G,-0.2078,3.03e-08,0.037511,35350,0.01183,CLIC5_CLIC5,TRUE,reported,CLIC5_CLIC5
6,46541378,rs140937379,A,C,-0.2215,3.468e-21,0.023445,35349,0.03172,CLIC5_CLIC5,TRUE,reported,CLIC5_CLIC5
6,46650131,rs35181147,CACACACACACACATACACAC,CACACACACATACACAC,-0.3876,4.718e-36,0.030918,35350,0.01858,CLIC5_CLIC5,TRUE,reported,CLIC5_CLIC5
6,46946784,rs2021916,T,G,-0.0771,7.05e-11,0.011826,35348,0.14523,CLIC5_CLIC5,TRUE,reported,CLIC5_CLIC5
