chr.exposure,pos.exposure,SNP,effect_allele.exposure,other_allele.exposure,beta.exposure,pval.exposure,se.exposure,samplesize.exposure,eaf.exposure,exposure,mr_keep.exposure,pval_origin.exposure,id.exposure
2,78396303,rs12622408,G,C,0.0602,2.607e-11,0.009029,35354,0.32329,REG3A_PAP1,TRUE,reported,REG3A_PAP1
2,78658026,rs115589402,ATTG,GTTG,0.2051,1.286e-09,0.033794,35347,0.01631,REG3A_PAP1,TRUE,reported,REG3A_PAP1
2,78999392,rs77524765,T,A,-0.0761,1.698e-08,0.013492,35353,0.11475,REG3A_PAP1,TRUE,reported,REG3A_PAP1
2,79038910,rs13411558,A,T,0.0981,5.607e-09,0.016832,35353,0.06802,REG3A_PAP1,TRUE,reported,REG3A_PAP1
2,79041752,rs283844,G,A,0.1721,6.592e-12,0.025065,35353,0.02933,REG3A_PAP1,TRUE,reported,REG3A_PAP1
2,79096665,rs11677942,C,G,0.0862,1.247e-14,0.011179,35352,0.17716,REG3A_PAP1,TRUE,reported,REG3A_PAP1
2,79146533,rs72913282,T,C,0.265,3.91e-70,0.014968,35351,0.08844,REG3A_PAP1,TRUE,reported,REG3A_PAP1
2,79152099,rs113346252,C,A,-0.2333,3.799e-12,0.033595,35351,0.01601,REG3A_PAP1,TRUE,reported,REG3A_PAP1
2,79162348,rs3754810,T,C,-0.3818,3.991e-83,0.019767,35353,0.04895,REG3A_PAP1,TRUE,reported,REG3A_PAP1
2,79170240,rs4459759,A,G,0.4073,1.223e-94,0.019734,35353,0.04659,REG3A_PAP1,TRUE,reported,REG3A_PAP1
2,79264196,rs1434186,T,C,-0.0842,2.571e-09,0.014135,35354,0.10074,REG3A_PAP1,TRUE,reported,REG3A_PAP1
2,79266363,rs139564670,G,C,-0.2049,2.402e-10,0.032354,35354,0.01621,REG3A_PAP1,TRUE,reported,REG3A_PAP1
2,79376195,rs11683598,A,G,0.0668,2.062e-11,0.009968,35351,0.23537,REG3A_PAP1,TRUE,reported,REG3A_PAP1
2,79411733,rs4533495,G,C,-0.0876,4.526e-17,0.010431,35349,0.20575,REG3A_PAP1,TRUE,reported,REG3A_PAP1
2,79427622,rs11126729,TAAAAAAAAAAAAAT,TAAAAAAAAAATAAT,0.0976,2.485e-26,0.009193,35350,0.30824,REG3A_PAP1,TRUE,reported,REG3A_PAP1
2,79500560,rs7559674,G,T,0.0787,2.168e-15,0.009923,35349,0.23502,REG3A_PAP1,TRUE,reported,REG3A_PAP1
2,79707738,rs7602740,T,C,-0.0832,3.191e-10,0.013229,35351,0.11432,REG3A_PAP1,TRUE,reported,REG3A_PAP1
2,79963873,rs17261307,G,C,0.054,1.446e-08,0.009527,35351,0.27524,REG3A_PAP1,TRUE,reported,REG3A_PAP1
