chr.exposure,pos.exposure,SNP,effect_allele.exposure,other_allele.exposure,beta.exposure,pval.exposure,se.exposure,samplesize.exposure,eaf.exposure,exposure,mr_keep.exposure,pval_origin.exposure,id.exposure
17,62179887,rs35888162,T,C,0.1109,4.373e-08,0.020255,35367,0.04429,MRC2_MRC2,TRUE,reported,MRC2_MRC2
17,62236914,rs118174197,C,T,0.2232,2.562e-11,0.033464,35366,0.01622,MRC2_MRC2,TRUE,reported,MRC2_MRC2
17,62248304,rs12939556,C,T,0.0986,3.031e-11,0.014838,35366,0.08565,MRC2_MRC2,TRUE,reported,MRC2_MRC2
17,62379890,rs113225922,C,T,0.5727,3.364e-83,0.029636,35367,0.01879,MRC2_MRC2,TRUE,reported,MRC2_MRC2
17,62414977,rs113424928,A,G,0.1427,3.235e-11,0.021506,35368,0.03981,MRC2_MRC2,TRUE,reported,MRC2_MRC2
17,62438530,rs148613444,T,C,-0.1976,5.69e-14,0.026294,35368,0.0277,MRC2_MRC2,TRUE,reported,MRC2_MRC2
17,62476572,rs150930997,C,G,0.3572,3.722e-27,0.033096,35368,0.01549,MRC2_MRC2,TRUE,reported,MRC2_MRC2
17,62559897,rs146385050,A,C,-0.2039,4.267e-84,0.010494,35368,0.20263,MRC2_MRC2,TRUE,reported,MRC2_MRC2
17,62683934,rs34466614,C,A,0.1334,8.125e-20,0.014641,35367,0.09039,MRC2_MRC2,TRUE,reported,MRC2_MRC2
17,62715439,rs2460288,T,C,-0.1007,6.786e-15,0.012929,35367,0.12071,MRC2_MRC2,TRUE,reported,MRC2_MRC2
17,62730050,rs140476224,T,C,0.1763,2.791e-28,0.015986,35368,0.07822,MRC2_MRC2,TRUE,reported,MRC2_MRC2
17,62828199,rs79645992,C,T,0.0946,1.121e-15,0.011806,35369,0.14769,MRC2_MRC2,TRUE,reported,MRC2_MRC2
17,62875689,rs2159454,A,G,0.2201,1.387e-18,0.025016,35368,0.02802,MRC2_MRC2,TRUE,reported,MRC2_MRC2
17,63436831,rs141966010,A,G,0.2903,1.84e-26,0.027271,35369,0.02369,MRC2_MRC2,TRUE,reported,MRC2_MRC2
17,63526537,rs113580918,C,T,0.3764,2.909e-16,0.046031,35368,0.00827,MRC2_MRC2,TRUE,reported,MRC2_MRC2
