chr.exposure,pos.exposure,SNP,effect_allele.exposure,other_allele.exposure,beta.exposure,pval.exposure,se.exposure,samplesize.exposure,eaf.exposure,exposure,mr_keep.exposure,pval_origin.exposure,id.exposure
14,93566790,rs6575341,G,A,0.0697,3.988e-16,0.008564,35369,0.37157,SERPINA11_SPA11,TRUE,reported,SERPINA11_SPA11
14,93845694,rs151247054,T,C,0.2106,1.625e-09,0.034917,35369,0.01447,SERPINA11_SPA11,TRUE,reported,SERPINA11_SPA11
14,94221392,rs138399354,C,T,-0.4355,1.164e-11,0.064189,35372,0.00442,SERPINA11_SPA11,TRUE,reported,SERPINA11_SPA11
14,94319043,rs80140444,G,A,-0.1423,5.917e-11,0.021739,35372,0.0388,SERPINA11_SPA11,TRUE,reported,SERPINA11_SPA11
14,94342423,rs7161231,T,C,0.0895,1.345e-14,0.011621,35372,0.14753,SERPINA11_SPA11,TRUE,reported,SERPINA11_SPA11
14,94427903,rs17825157,C,T,-0.101,2.927e-16,0.012353,35371,0.12606,SERPINA11_SPA11,TRUE,reported,SERPINA11_SPA11
14,94434741,rs80319562,G,A,0.2275,4.952e-50,0.015296,35372,0.078,SERPINA11_SPA11,TRUE,reported,SERPINA11_SPA11
14,94455724,rs72631635,T,G,-0.2965,7.358e-158,0.011076,35372,0.16187,SERPINA11_SPA11,TRUE,reported,SERPINA11_SPA11
14,94472860,rs77482772,T,C,-0.1219,4.649e-12,0.017626,35372,0.05877,SERPINA11_SPA11,TRUE,reported,SERPINA11_SPA11
14,94505966,rs7151332,C,T,0.1089,5.155e-28,0.009924,35372,0.2216,SERPINA11_SPA11,TRUE,reported,SERPINA11_SPA11
14,94522070,rs17091005,C,T,0.2052,4.303e-100,0.009662,35370,0.24239,SERPINA11_SPA11,TRUE,reported,SERPINA11_SPA11
14,94587553,rs6115,A,G,-0.0483,1.965e-08,0.008602,35372,0.36837,SERPINA11_SPA11,TRUE,reported,SERPINA11_SPA11
14,94699401,rs8018801,C,G,0.0642,1.201e-14,0.00832,35371,0.42425,SERPINA11_SPA11,TRUE,reported,SERPINA11_SPA11
14,94752212,rs10139111,A,G,-0.05,3.352e-08,0.009055,35372,0.29765,SERPINA11_SPA11,TRUE,reported,SERPINA11_SPA11
14,94807340,rs17091446,A,G,-0.1342,1.267e-08,0.023583,35361,0.03207,SERPINA11_SPA11,TRUE,reported,SERPINA11_SPA11
