chr.exposure,pos.exposure,SNP,effect_allele.exposure,other_allele.exposure,beta.exposure,pval.exposure,se.exposure,samplesize.exposure,eaf.exposure,exposure,mr_keep.exposure,pval_origin.exposure,id.exposure
10,71525252,rs4747159,A,C,-0.0541,6.745e-09,0.009332,35362,0.24599,C10orf54_GI24,TRUE,reported,C10orf54_GI24
10,71586742,rs12777161,A,G,-0.1178,1.423e-09,0.019462,35364,0.04489,C10orf54_GI24,TRUE,reported,C10orf54_GI24
10,71641297,rs61851982,T,C,0.0839,1.409e-11,0.012417,35365,0.11738,C10orf54_GI24,TRUE,reported,C10orf54_GI24
10,71720420,rs142704977,AACACACACACACACACACAC,AACACACACACACACAC,0.0676,1.071e-09,0.011085,35360,0.15649,C10orf54_GI24,TRUE,reported,C10orf54_GI24
10,71771312,rs10762477,G,A,0.3585,1e-200,0.011023,35366,0.15481,C10orf54_GI24,TRUE,reported,C10orf54_GI24
10,71811921,rs41281342,T,C,-0.1755,1.525e-11,0.026017,35366,0.0251,C10orf54_GI24,TRUE,reported,C10orf54_GI24
10,71820030,rs12769743,T,A,-0.137,1.924e-09,0.022818,35366,0.03209,C10orf54_GI24,TRUE,reported,C10orf54_GI24
10,71822277,rs9415055,A,G,0.1038,1.7e-13,0.014083,35366,0.08881,C10orf54_GI24,TRUE,reported,C10orf54_GI24
10,71822964,rs117035042,AATAAATAAG,AATAAATAAA,-0.117,1.121e-08,0.020486,35366,0.03944,C10orf54_GI24,TRUE,reported,C10orf54_GI24
10,71830428,rs79450314,C,A,-0.1456,3.739e-11,0.022014,35366,0.03618,C10orf54_GI24,TRUE,reported,C10orf54_GI24
10,71868028,rs36009580,G,C,-0.1482,7.709e-51,0.009882,35364,0.20794,C10orf54_GI24,TRUE,reported,C10orf54_GI24
10,71868656,rs184990136,CTTTTTTTTCTTTTTT,TTTTTTTTTCTTTTTT,-0.1298,4.778e-10,0.020847,35364,0.03927,C10orf54_GI24,TRUE,reported,C10orf54_GI24
10,72222081,rs145516542,C,G,0.2933,6.964e-13,0.040849,35364,0.01003,C10orf54_GI24,TRUE,reported,C10orf54_GI24
10,72717210,rs117942997,G,C,0.1457,7.839e-15,0.018751,35365,0.0465,C10orf54_GI24,TRUE,reported,C10orf54_GI24
