chr.exposure,pos.exposure,SNP,effect_allele.exposure,other_allele.exposure,beta.exposure,pval.exposure,se.exposure,samplesize.exposure,eaf.exposure,exposure,mr_keep.exposure,pval_origin.exposure,id.exposure
4,4110760,rs200042473,TTTTTTT,TTTTT,-0.1043,1.794e-10,0.016353,35288,0.07167,CYTL1_CYTL1,TRUE,reported,CYTL1_CYTL1
4,4371767,rs72613180,G,A,0.3768,3.451e-10,0.060028,35332,0.00571,CYTL1_CYTL1,TRUE,reported,CYTL1_CYTL1
4,4387077,rs77292018,A,C,0.2194,6.526e-12,0.031947,35332,0.01624,CYTL1_CYTL1,TRUE,reported,CYTL1_CYTL1
4,4508475,rs151316626,A,G,-0.2829,1.181e-18,0.032088,35341,0.01782,CYTL1_CYTL1,TRUE,reported,CYTL1_CYTL1
4,4592747,rs4689177,T,C,0.0728,3.331e-10,0.011588,35341,0.15061,CYTL1_CYTL1,TRUE,reported,CYTL1_CYTL1
4,4688649,rs10015850,T,C,-0.0652,6.651e-15,0.008369,35342,0.4331,CYTL1_CYTL1,TRUE,reported,CYTL1_CYTL1
4,4765959,rs141319982,A,G,0.3308,1.033e-13,0.044483,35343,0.00872,CYTL1_CYTL1,TRUE,reported,CYTL1_CYTL1
4,4777678,rs58113990,C,G,-0.2049,4.544e-28,0.018654,35342,0.05297,CYTL1_CYTL1,TRUE,reported,CYTL1_CYTL1
4,4907411,rs7677688,C,T,0.0934,2.977e-12,0.013383,35347,0.10972,CYTL1_CYTL1,TRUE,reported,CYTL1_CYTL1
4,4918372,rs113179075,T,C,-0.2185,1.874e-11,0.032537,35347,0.01563,CYTL1_CYTL1,TRUE,reported,CYTL1_CYTL1
4,5013350,rs79319852,G,A,-0.3456,1.919e-31,0.029627,35343,0.02001,CYTL1_CYTL1,TRUE,reported,CYTL1_CYTL1
4,5015156,rs11722554,A,G,-0.7438,6.263e-162,0.02743,35344,0.0231,CYTL1_CYTL1,TRUE,reported,CYTL1_CYTL1
4,5016483,rs80238581,G,C,0.4495,1e-200,0.00872,35344,0.19103,CYTL1_CYTL1,TRUE,reported,CYTL1_CYTL1
4,5079210,rs55952359,C,A,0.204,1.22e-19,0.022498,35345,0.03561,CYTL1_CYTL1,TRUE,reported,CYTL1_CYTL1
4,5102071,rs12511193,C,G,-0.0841,1.79e-08,0.014935,35344,0.08171,CYTL1_CYTL1,TRUE,reported,CYTL1_CYTL1
4,5116776,rs76593609,C,T,-0.1523,1.271e-09,0.025086,35345,0.02825,CYTL1_CYTL1,TRUE,reported,CYTL1_CYTL1
4,5130624,rs77556684,C,T,0.0973,4.518e-12,0.014061,35346,0.09741,CYTL1_CYTL1,TRUE,reported,CYTL1_CYTL1
4,5205412,rs722867,G,T,0.119,7.523e-09,0.020592,35360,0.04443,CYTL1_CYTL1,TRUE,reported,CYTL1_CYTL1
4,5331125,rs116678694,T,G,0.224,3.49e-11,0.033815,35358,0.01559,CYTL1_CYTL1,TRUE,reported,CYTL1_CYTL1
4,5842195,rs11732548,A,G,-0.0535,1.015e-09,0.00876,35382,0.34157,CYTL1_CYTL1,TRUE,reported,CYTL1_CYTL1
