chr.exposure,pos.exposure,SNP,effect_allele.exposure,other_allele.exposure,beta.exposure,pval.exposure,se.exposure,samplesize.exposure,eaf.exposure,exposure,mr_keep.exposure,pval_origin.exposure,id.exposure
5,38719598,rs148000407,TTTCCTTCCTTCCTTCCTTCCTTCCTTCCTTCCTTCCTTCCTTCCTTCCTTCCTTCT,CTTCCTTCCTTCCTTCCTTCCTTCCTTCCTTCCTTCCTTCT,0.1913,1.789e-10,0.029992,35380,0.01883,C9_C9,TRUE,reported,C9_C9
5,39295199,rs34803949,T,C,0.2207,2.539e-27,0.020383,35367,0.04105,C9_C9,TRUE,reported,C9_C9
5,39306413,rs79665438,A,G,-0.1315,5.393e-11,0.020047,35367,0.04509,C9_C9,TRUE,reported,C9_C9
5,39317779,rs114472213,T,C,0.2216,1.414e-27,0.020365,35366,0.04111,C9_C9,TRUE,reported,C9_C9
5,39345070,rs497433,T,G,0.2122,9.347e-27,0.019817,35364,0.04375,C9_C9,TRUE,reported,C9_C9
5,39356024,rs696766,G,A,-0.1978,2.602e-20,0.02142,35364,0.03806,C9_C9,TRUE,reported,C9_C9
5,39405632,rs115000305,G,A,-0.11,1.779e-12,0.015601,35365,0.07595,C9_C9,TRUE,reported,C9_C9
5,39626731,rs116351960,A,C,0.3566,4.935e-23,0.036082,35366,0.01211,C9_C9,TRUE,reported,C9_C9
5,39783951,rs62358178,G,T,-0.4572,1.862e-37,0.035746,35365,0.01272,C9_C9,TRUE,reported,C9_C9
5,40168901,rs72744120,T,G,-0.7167,9.674e-59,0.044351,35360,0.00867,C9_C9,TRUE,reported,C9_C9
5,40295026,rs62358228,G,A,-0.1468,8.335e-16,0.018238,35358,0.05488,C9_C9,TRUE,reported,C9_C9
