chr.exposure,pos.exposure,SNP,effect_allele.exposure,other_allele.exposure,beta.exposure,pval.exposure,se.exposure,samplesize.exposure,eaf.exposure,exposure,mr_keep.exposure,pval_origin.exposure,id.exposure
11,101566557,rs117229108,G,T,0.2737,1.087e-20,0.029344,35368,0.02128,MMP7_MMP_7,TRUE,reported,MMP7_MMP_7
11,101602942,rs34566166,ATG,A,0.0835,3.592e-08,0.015155,35368,0.08501,MMP7_MMP_7,TRUE,reported,MMP7_MMP_7
11,102020542,rs149958938,C,T,-0.242,8.105e-09,0.041968,35364,0.01021,MMP7_MMP_7,TRUE,reported,MMP7_MMP_7
11,102279757,rs2604532,G,A,0.0567,2.142e-09,0.009471,35362,0.27439,MMP7_MMP_7,TRUE,reported,MMP7_MMP_7
11,102398948,rs655139,G,T,0.0808,3.778e-08,0.014688,35362,0.09109,MMP7_MMP_7,TRUE,reported,MMP7_MMP_7
11,102530902,rs11568819,A,G,0.5694,1e-200,0.016823,35365,0.0663,MMP7_MMP_7,TRUE,reported,MMP7_MMP_7
11,102544270,rs7946641,A,G,0.1312,1.012e-53,0.008502,35365,0.43127,MMP7_MMP_7,TRUE,reported,MMP7_MMP_7
11,102575643,rs11607749,T,C,-0.0825,1.028e-18,0.009341,35365,0.28177,MMP7_MMP_7,TRUE,reported,MMP7_MMP_7
11,102603338,rs1711431,A,T,-0.1101,3.884e-35,0.008902,35366,0.33261,MMP7_MMP_7,TRUE,reported,MMP7_MMP_7
11,102720046,rs2012390,A,G,-0.0744,2.171e-12,0.010594,35365,0.19803,MMP7_MMP_7,TRUE,reported,MMP7_MMP_7
11,102754154,rs1320633,C,T,0.0661,1.533e-14,0.008601,35363,0.39014,MMP7_MMP_7,TRUE,reported,MMP7_MMP_7
11,102798678,rs1144393,C,T,-0.061,4.551e-12,0.008816,35362,0.35188,MMP7_MMP_7,TRUE,reported,MMP7_MMP_7
11,103466211,rs71480491,C,A,0.2669,1.631e-22,0.027339,35364,0.0235,MMP7_MMP_7,TRUE,reported,MMP7_MMP_7
11,103529693,rs147237734,TTGTGTGTGTG,TTGTGTGTG,0.0854,7.928e-12,0.012486,35364,0.1309,MMP7_MMP_7,TRUE,reported,MMP7_MMP_7
