chr.exposure,pos.exposure,SNP,effect_allele.exposure,other_allele.exposure,beta.exposure,pval.exposure,se.exposure,samplesize.exposure,eaf.exposure,exposure,mr_keep.exposure,pval_origin.exposure,id.exposure
3,112634853,rs76491164,G,T,-0.167,1.084e-10,0.025872,35359,0.02633,BOC_BOC,TRUE,reported,BOC_BOC
3,113063339,rs3872612,G,T,-0.0597,2.666e-12,0.008536,35362,0.36836,BOC_BOC,TRUE,reported,BOC_BOC
3,113138942,rs73223910,T,C,-0.0957,3.447e-18,0.011005,35368,0.16983,BOC_BOC,TRUE,reported,BOC_BOC
3,113139511,rs1920079,T,C,-0.0957,3.447e-18,0.011005,35368,0.16983,BOC_BOC,TRUE,reported,BOC_BOC
3,113265008,rs4682481,T,C,0.2676,3.253e-128,0.011109,35366,0.16318,BOC_BOC,TRUE,reported,BOC_BOC
3,113274445,rs13093741,T,C,-0.1361,1.011e-11,0.02,35367,0.04351,BOC_BOC,TRUE,reported,BOC_BOC
3,113308534,rs76089515,T,C,-0.1977,9.641e-12,0.029023,35367,0.02149,BOC_BOC,TRUE,reported,BOC_BOC
3,113340570,rs141220795,T,G,-0.1724,1.636e-08,0.030531,35367,0.01917,BOC_BOC,TRUE,reported,BOC_BOC
3,113341358,rs11378094,TTA,TA,-0.1011,1.72e-10,0.015835,35367,0.07302,BOC_BOC,TRUE,reported,BOC_BOC
3,113724174,rs142421695,A,T,0.2283,2.391e-09,0.038249,35367,0.01193,BOC_BOC,TRUE,reported,BOC_BOC
3,113797184,rs184651020,A,G,0.1864,4.462e-15,0.023772,35367,0.03079,BOC_BOC,TRUE,reported,BOC_BOC
3,113928782,rs78210772,A,G,-0.0825,1.072e-10,0.012778,35363,0.11722,BOC_BOC,TRUE,reported,BOC_BOC
