chr.exposure,pos.exposure,SNP,effect_allele.exposure,other_allele.exposure,beta.exposure,pval.exposure,se.exposure,samplesize.exposure,eaf.exposure,exposure,mr_keep.exposure,pval_origin.exposure,id.exposure
5,176614930,rs1124715,G,A,-0.0601,3.751e-10,0.009594,35371,0.25904,B4GALT7_B4GT7,TRUE,reported,B4GALT7_B4GT7
5,176705107,rs80158108,A,G,-0.4591,2.136e-82,0.023876,35367,0.03128,B4GALT7_B4GT7,TRUE,reported,B4GALT7_B4GT7
5,176811606,rs59777045,AG,A,0.1025,1.032e-15,0.012776,35365,0.12354,B4GALT7_B4GT7,TRUE,reported,B4GALT7_B4GT7
5,176824630,rs72811286,G,A,-0.187,1e-28,0.016816,35365,0.06777,B4GALT7_B4GT7,TRUE,reported,B4GALT7_B4GT7
5,177154655,rs75331352,G,A,-0.5833,4.102e-105,0.026789,35367,0.02428,B4GALT7_B4GT7,TRUE,reported,B4GALT7_B4GT7
5,177416440,rs2731671,C,A,-0.0779,2.956e-13,0.010677,35365,0.19572,B4GALT7_B4GT7,TRUE,reported,B4GALT7_B4GT7
5,177607785,rs3792849,C,T,0.0694,2.586e-15,0.008774,35364,0.34911,B4GALT7_B4GT7,TRUE,reported,B4GALT7_B4GT7
5,177623695,rs12654617,C,T,-0.1466,1.854e-24,0.014363,35365,0.09329,B4GALT7_B4GT7,TRUE,reported,B4GALT7_B4GT7
5,177926174,rs187579051,T,C,-0.6668,1.062e-127,0.027737,35358,0.02332,B4GALT7_B4GT7,TRUE,reported,B4GALT7_B4GT7
5,177960395,rs59195598,T,C,-0.6152,1.937e-115,0.026938,35360,0.0251,B4GALT7_B4GT7,TRUE,reported,B4GALT7_B4GT7
5,178042440,rs146034878,A,G,-0.2228,1.754e-39,0.016946,35361,0.06466,B4GALT7_B4GT7,TRUE,reported,B4GALT7_B4GT7
5,178187972,rs114986867,T,C,-0.4399,4.815e-09,0.075152,35365,0.00339,B4GALT7_B4GT7,TRUE,reported,B4GALT7_B4GT7
5,178205421,rs113140855,G,C,-0.1092,8.415e-17,0.013117,35360,0.11238,B4GALT7_B4GT7,TRUE,reported,B4GALT7_B4GT7
5,178263199,rs749462,A,C,-0.4687,1.865e-71,0.026222,35361,0.02634,B4GALT7_B4GT7,TRUE,reported,B4GALT7_B4GT7
5,178355268,rs2913812,T,A,0.0634,7.51e-11,0.009739,35356,0.24813,B4GALT7_B4GT7,TRUE,reported,B4GALT7_B4GT7
5,178390998,rs80019554,C,T,-0.25,4.741e-36,0.019943,35357,0.04817,B4GALT7_B4GT7,TRUE,reported,B4GALT7_B4GT7
5,178555047,rs72810628,T,C,-0.0775,8.192e-12,0.011338,35346,0.15857,B4GALT7_B4GT7,TRUE,reported,B4GALT7_B4GT7
