chr.exposure,pos.exposure,SNP,effect_allele.exposure,other_allele.exposure,beta.exposure,pval.exposure,se.exposure,samplesize.exposure,eaf.exposure,exposure,mr_keep.exposure,pval_origin.exposure,id.exposure
5,40303437,rs111350902,A,G,-0.2026,5.621e-12,0.029409,35358,0.01873,C6_C6,TRUE,reported,C6_C6
5,40538631,rs145967108,A,C,-0.6492,9.708e-20,0.071402,35357,0.00328,C6_C6,TRUE,reported,C6_C6
5,40588793,rs72745995,C,T,-0.1237,5.627e-13,0.017159,35358,0.05812,C6_C6,TRUE,reported,C6_C6
5,40961981,rs148371625,G,A,-0.742,5.187e-19,0.083294,35357,0.00247,C6_C6,TRUE,reported,C6_C6
5,40985502,rs4957361,T,C,-0.0726,5.691e-18,0.008404,35357,0.37348,C6_C6,TRUE,reported,C6_C6
5,41055786,rs61609768,T,C,-0.2426,2.092e-19,0.026931,35357,0.02419,C6_C6,TRUE,reported,C6_C6
5,41171293,rs77444140,A,G,-0.5174,9.093e-86,0.026362,35357,0.02383,C6_C6,TRUE,reported,C6_C6
5,41260998,rs436077,AAGACG,AAGACA,0.2848,6.266e-78,0.01524,35357,0.07752,C6_C6,TRUE,reported,C6_C6
5,41718679,rs316724,GTTTGTGTGTGTGTGTGTGTGTGTGTGTGTG,ATTTGTGTGTGTGTGTGTGTGTGTGTGTGTG,0.0817,7.642e-12,0.011936,35355,0.13674,C6_C6,TRUE,reported,C6_C6
