chr.exposure,pos.exposure,SNP,effect_allele.exposure,other_allele.exposure,beta.exposure,pval.exposure,se.exposure,samplesize.exposure,eaf.exposure,exposure,mr_keep.exposure,pval_origin.exposure,id.exposure
1,152992823,rs76418562,AAAAAAAAAACGC,AAAAAAAAACGC,-0.2223,1.11e-17,0.025964,35353,0.02609,S100A6_S100A6,TRUE,reported,S100A6_S100A6
1,153110810,rs138840275,G,A,-0.2443,5.051e-20,0.026662,35352,0.02461,S100A6_S100A6,TRUE,reported,S100A6_S100A6
1,153270357,rs12044086,C,T,-0.2273,3.463e-17,0.026964,35353,0.025,S100A6_S100A6,TRUE,reported,S100A6_S100A6
1,153355633,rs3006471,A,T,0.0568,4.397e-11,0.008619,35354,0.34625,S100A6_S100A6,TRUE,reported,S100A6_S100A6
1,153526169,rs77543908,C,G,-0.2968,1.668e-29,0.026315,35353,0.02508,S100A6_S100A6,TRUE,reported,S100A6_S100A6
1,153526191,rs2182420,G,A,-0.2533,2.922e-14,0.033321,35352,0.01566,S100A6_S100A6,TRUE,reported,S100A6_S100A6
1,153547465,rs41265160,A,G,0.1056,1.102e-12,0.014837,35350,0.08072,S100A6_S100A6,TRUE,reported,S100A6_S100A6
1,153629962,rs985242,T,C,-0.3367,1.015e-26,0.031467,35352,0.01684,S100A6_S100A6,TRUE,reported,S100A6_S100A6
1,154497349,rs140615642,C,T,-0.1996,4.958e-15,0.025498,35355,0.02613,S100A6_S100A6,TRUE,reported,S100A6_S100A6
