chr.exposure,pos.exposure,SNP,effect_allele.exposure,other_allele.exposure,beta.exposure,pval.exposure,se.exposure,samplesize.exposure,eaf.exposure,exposure,mr_keep.exposure,pval_origin.exposure,id.exposure
15,50874570,rs1810098,A,C,0.2311,2.1e-32,0.019499,35364,0.0469,SCG3_SCG3,TRUE,reported,SCG3_SCG3
15,51022847,rs75927535,T,C,-0.2076,1.174e-15,0.025927,35364,0.02513,SCG3_SCG3,TRUE,reported,SCG3_SCG3
15,51240897,rs10519296,C,G,-0.2347,1.096e-25,0.0224,35363,0.03442,SCG3_SCG3,TRUE,reported,SCG3_SCG3
15,51258194,rs187976773,G,C,-0.3316,1.044e-15,0.041339,35362,0.00975,SCG3_SCG3,TRUE,reported,SCG3_SCG3
15,51364137,rs79260774,T,A,0.0989,1.08e-09,0.016221,35362,0.06767,SCG3_SCG3,TRUE,reported,SCG3_SCG3
15,51416405,rs2470166,C,A,-0.3723,1e-200,0.007891,35363,0.21783,SCG3_SCG3,TRUE,reported,SCG3_SCG3
15,51504560,rs72729275,A,G,0.1477,8.512e-14,0.019793,35364,0.04445,SCG3_SCG3,TRUE,reported,SCG3_SCG3
15,51535274,rs77245046,C,T,0.1235,2.196e-09,0.020643,35364,0.0404,SCG3_SCG3,TRUE,reported,SCG3_SCG3
15,51568950,rs190736386,A,G,0.1345,2.111e-09,0.022458,35364,0.03483,SCG3_SCG3,TRUE,reported,SCG3_SCG3
15,51610534,rs4775962,T,C,0.1591,5.885e-17,0.019014,35364,0.04956,SCG3_SCG3,TRUE,reported,SCG3_SCG3
15,51683411,rs2305710,A,G,-0.4014,2.912e-89,0.020038,35364,0.04266,SCG3_SCG3,TRUE,reported,SCG3_SCG3
15,51711568,rs144676255,T,A,0.1531,2.485e-11,0.022939,35364,0.0328,SCG3_SCG3,TRUE,reported,SCG3_SCG3
15,51733101,rs112204273,T,C,0.1885,5.139e-11,0.028705,35364,0.02133,SCG3_SCG3,TRUE,reported,SCG3_SCG3
15,51843893,rs5812570,GT,G,-0.1698,2.266e-32,0.014334,35365,0.08971,SCG3_SCG3,TRUE,reported,SCG3_SCG3
15,51890341,rs34989450,TTT,TT,0.0899,1.51e-27,0.008266,35365,0.4692,SCG3_SCG3,TRUE,reported,SCG3_SCG3
15,51910469,rs2554347,G,A,0.1713,1.401e-14,0.022258,35365,0.03586,SCG3_SCG3,TRUE,reported,SCG3_SCG3
15,51913650,rs1062959,A,G,0.187,1.657e-14,0.024366,35365,0.02875,SCG3_SCG3,TRUE,reported,SCG3_SCG3
15,51974725,rs367873445,CCCCCCCCC,TCCCCCCCC,0.1762,8.905e-34,0.014545,35365,0.08588,SCG3_SCG3,TRUE,reported,SCG3_SCG3
15,52036474,rs117330633,G,A,-0.3733,2.179e-27,0.034431,35365,0.01405,SCG3_SCG3,TRUE,reported,SCG3_SCG3
15,52095578,rs2414129,G,C,-0.2058,4.134e-13,0.028382,35365,0.02189,SCG3_SCG3,TRUE,reported,SCG3_SCG3
15,52293315,rs4442751,G,C,-0.0625,6.245e-12,0.009092,35362,0.28284,SCG3_SCG3,TRUE,reported,SCG3_SCG3
15,52339674,rs2242056,T,C,0.0716,1.214e-15,0.008947,35363,0.29438,SCG3_SCG3,TRUE,reported,SCG3_SCG3
