chr.exposure,pos.exposure,SNP,effect_allele.exposure,other_allele.exposure,beta.exposure,pval.exposure,se.exposure,samplesize.exposure,eaf.exposure,exposure,mr_keep.exposure,pval_origin.exposure,id.exposure
17,79814906,rs183833760,A,T,0.1603,5.491e-09,0.027488,35379,0.02352,NPTX1_NPTX1,TRUE,reported,NPTX1_NPTX1
17,80019050,rs77434516,C,T,0.1483,1.408e-14,0.019271,35379,0.05153,NPTX1_NPTX1,TRUE,reported,NPTX1_NPTX1
17,80230373,rs8076230,T,C,-0.133,1.263e-14,0.017251,35385,0.05893,NPTX1_NPTX1,TRUE,reported,NPTX1_NPTX1
17,80256211,rs117113418,T,A,0.1418,2.135e-11,0.021175,35382,0.04063,NPTX1_NPTX1,TRUE,reported,NPTX1_NPTX1
17,80310314,rs138588912,A,G,0.124,2.085e-08,0.022124,35381,0.0368,NPTX1_NPTX1,TRUE,reported,NPTX1_NPTX1
17,80350079,rs116946917,A,G,0.1733,8.581e-27,0.016172,35381,0.07156,NPTX1_NPTX1,TRUE,reported,NPTX1_NPTX1
17,80387693,rs111284234,A,G,0.1753,6.038e-16,0.021673,35381,0.03858,NPTX1_NPTX1,TRUE,reported,NPTX1_NPTX1
17,80442430,rs12950638,T,C,-0.0745,6.101e-10,0.01204,35365,0.1364,NPTX1_NPTX1,TRUE,reported,NPTX1_NPTX1
17,80445283,rs9896636,T,C,-0.1043,4.315e-25,0.01008,35361,0.22199,NPTX1_NPTX1,TRUE,reported,NPTX1_NPTX1
17,80470474,rs142109116,T,C,0.3559,2.066e-28,0.032193,35356,0.01665,NPTX1_NPTX1,TRUE,reported,NPTX1_NPTX1
17,80564605,rs8068274,TAGCTTTTTTTTTTTTTCCG,CAGCTTTTTTTTTTTTTCCG,0.4953,1e-200,0.009711,35358,0.12897,NPTX1_NPTX1,TRUE,reported,NPTX1_NPTX1
17,80598883,rs117704531,TCTTTCTATCTAT,TCTATCTATCTAT,-0.2756,4.482e-26,0.026094,35359,0.02564,NPTX1_NPTX1,TRUE,reported,NPTX1_NPTX1
17,80664125,rs59174578,G,A,0.4848,1e-200,0.009882,35354,0.12346,NPTX1_NPTX1,TRUE,reported,NPTX1_NPTX1
17,80698100,rs56930167,CCA,C,-0.1673,3.201e-90,0.008306,35348,0.46632,NPTX1_NPTX1,TRUE,reported,NPTX1_NPTX1
17,80946120,rs2271612,T,C,-0.0959,1.189e-30,0.008333,35162,0.49456,NPTX1_NPTX1,TRUE,reported,NPTX1_NPTX1
17,81001937,rs4076489,A,G,-0.132,5.591e-11,0.02014,35163,0.04521,NPTX1_NPTX1,TRUE,reported,NPTX1_NPTX1
17,81062551,rs78887511,G,C,0.0984,2.557e-13,0.01345,35142,0.1075,NPTX1_NPTX1,TRUE,reported,NPTX1_NPTX1
17,81206106,rs141662250,T,C,0.2264,6.112e-22,0.023516,35141,0.03212,NPTX1_NPTX1,TRUE,reported,NPTX1_NPTX1
17,81357718,rs76259277,T,C,0.1183,3.374e-13,0.016253,35036,0.06978,NPTX1_NPTX1,TRUE,reported,NPTX1_NPTX1
17,81446898,rs78535553,C,T,0.1422,2.547e-10,0.022485,35037,0.03426,NPTX1_NPTX1,TRUE,reported,NPTX1_NPTX1
