chr.exposure,pos.exposure,SNP,effect_allele.exposure,other_allele.exposure,beta.exposure,pval.exposure,se.exposure,samplesize.exposure,eaf.exposure,exposure,mr_keep.exposure,pval_origin.exposure,id.exposure
5,157024187,rs115231015,T,C,-0.1789,1.02e-09,0.029298,35351,0.01905,THG1L_THG1,TRUE,reported,THG1L_THG1
5,157056492,rs193192832,A,G,-0.1406,1.245e-08,0.024695,35351,0.02864,THG1L_THG1,TRUE,reported,THG1L_THG1
5,157068816,rs116826330,A,G,0.1673,8.319e-11,0.025759,35351,0.0252,THG1L_THG1,TRUE,reported,THG1L_THG1
5,157237889,rs13357051,T,G,-0.1591,3.17e-09,0.026863,35350,0.02271,THG1L_THG1,TRUE,reported,THG1L_THG1
5,157431082,rs370260433,AAAAAAAAAAAAAAAAAAG,AAAAAAAAAAAAAAAAAG,-0.0826,1.895e-21,0.008685,35352,0.33609,THG1L_THG1,TRUE,reported,THG1L_THG1
5,157558027,rs2902557,T,A,-0.2351,3.963e-34,0.019302,35356,0.04612,THG1L_THG1,TRUE,reported,THG1L_THG1
5,157580495,rs148113478,G,T,-0.2044,6.004e-30,0.01798,35356,0.05506,THG1L_THG1,TRUE,reported,THG1L_THG1
5,157638298,rs35793864,A,G,0.2092,1.164e-71,0.011687,35356,0.13997,THG1L_THG1,TRUE,reported,THG1L_THG1
5,157765194,rs7700500,A,T,0.3635,1e-200,0.007162,35357,0.33692,THG1L_THG1,TRUE,reported,THG1L_THG1
5,157896851,rs111904384,G,A,-0.2341,9.811e-21,0.025069,35357,0.02699,THG1L_THG1,TRUE,reported,THG1L_THG1
5,157904497,rs140749863,A,G,-0.1587,7.459e-15,0.020408,35357,0.03975,THG1L_THG1,TRUE,reported,THG1L_THG1
5,157946235,rs182720683,A,G,0.1475,1.401e-09,0.024359,35358,0.02866,THG1L_THG1,TRUE,reported,THG1L_THG1
5,157962064,rs76772041,G,A,-0.1817,3.35e-16,0.022267,35358,0.03289,THG1L_THG1,TRUE,reported,THG1L_THG1
5,158231187,rs12516301,G,A,-0.0493,6.545e-09,0.008497,35369,0.35305,THG1L_THG1,TRUE,reported,THG1L_THG1
5,158388036,rs116481613,T,C,-0.1422,3.361e-11,0.021449,35369,0.03614,THG1L_THG1,TRUE,reported,THG1L_THG1
