chr.exposure,pos.exposure,SNP,effect_allele.exposure,other_allele.exposure,beta.exposure,pval.exposure,se.exposure,samplesize.exposure,eaf.exposure,exposure,mr_keep.exposure,pval_origin.exposure,id.exposure
3,129177556,rs114595718,C,T,-0.171,3.95e-12,0.024643,35362,0.02729,PLXND1_PLXD1,TRUE,reported,PLXND1_PLXD1
3,129188114,rs11709852,A,G,-0.0782,1.48e-10,0.012205,35362,0.12737,PLXND1_PLXD1,TRUE,reported,PLXND1_PLXD1
3,129339819,rs180830275,G,A,-0.0637,1.347e-12,0.008985,35352,0.47473,PLXND1_PLXD1,TRUE,reported,PLXND1_PLXD1
3,129574413,rs2255703,C,T,-0.2129,1.746e-145,0.008289,35364,0.3994,PLXND1_PLXD1,TRUE,reported,PLXND1_PLXD1
3,129729446,rs80199713,A,T,0.153,1.805e-13,0.020781,35364,0.04058,PLXND1_PLXD1,TRUE,reported,PLXND1_PLXD1
3,129769152,rs78681159,C,T,0.2047,1.501e-17,0.024006,35364,0.03092,PLXND1_PLXD1,TRUE,reported,PLXND1_PLXD1
3,129787967,rs115015175,G,A,-0.2853,1.897e-19,0.031633,35364,0.01708,PLXND1_PLXD1,TRUE,reported,PLXND1_PLXD1
3,129789546,rs138962731,C,T,-0.2277,1.293e-12,0.032093,35364,0.01554,PLXND1_PLXD1,TRUE,reported,PLXND1_PLXD1
3,129907243,rs141922655,CTGTGTGTGTGTGTGTGTG,CTGTGTGTGTG,-0.2736,2.143e-73,0.015098,35364,0.07772,PLXND1_PLXD1,TRUE,reported,PLXND1_PLXD1
3,130010672,rs12490218,A,G,0.1458,1.784e-12,0.02068,35363,0.04147,PLXND1_PLXD1,TRUE,reported,PLXND1_PLXD1
3,130091359,rs56270010,T,C,0.4064,8.299e-32,0.034627,35359,0.014,PLXND1_PLXD1,TRUE,reported,PLXND1_PLXD1
3,130104539,rs13084786,T,C,-0.2399,4.885e-45,0.017036,35359,0.06143,PLXND1_PLXD1,TRUE,reported,PLXND1_PLXD1
3,130296365,rs143550281,T,C,0.3791,5.725e-20,0.041434,35363,0.00964,PLXND1_PLXD1,TRUE,reported,PLXND1_PLXD1
3,130484898,rs7624712,A,G,-0.0847,5.108e-12,0.012271,35363,0.12898,PLXND1_PLXD1,TRUE,reported,PLXND1_PLXD1
