"beta.exposure","samplesize.exposure","pval.exposure","chr.exposure","se.exposure","pos.exposure","id.exposure","SNP","effect_allele.exposure","other_allele.exposure","eaf.exposure","exposure","mr_keep.exposure","pval_origin.exposure","data_source.exposure"
0.00211343,361194,3.07985e-06,"1",0.000452992,14718424,"ukb-d-K04","rs72869087","G","A",0.0323495," || id:ukb-d-K04",TRUE,"reported","igd"
0.00322495,361194,1.40404e-06,"2",0.000668451,183901533,"ukb-d-K04","rs79734073","C","A",0.014937," || id:ukb-d-K04",TRUE,"reported","igd"
-0.000791923,361194,2.10644e-06,"3",0.000166966,35184117,"ukb-d-K04","rs111399272","C","T",0.620751," || id:ukb-d-K04",TRUE,"reported","igd"
0.00226673,361194,3.5148e-06,"3",0.000488702,137275274,"ukb-d-K04","rs115766037","A","C",0.0275226," || id:ukb-d-K04",TRUE,"reported","igd"
-0.00078351,361194,2.8357e-06,"4",0.000167329,69086117,"ukb-d-K04","rs4860288","A","G",0.354045," || id:ukb-d-K04",TRUE,"reported","igd"
0.0033128,361194,4.9005e-07,"4",0.000658573,163087555,"ukb-d-K04","rs141455817","G","T",0.016551," || id:ukb-d-K04",TRUE,"reported","igd"
0.00285717,361194,6.19627e-07,"4",0.000573143,174049265,"ukb-d-K04","rs35532722","C","T",0.0198813," || id:ukb-d-K04",TRUE,"reported","igd"
0.00472283,361194,1.37369e-06,"7",0.000978042,71818128,"ukb-d-K04","rs187498267","A","T",0.00752476," || id:ukb-d-K04",TRUE,"reported","igd"
0.00350683,361194,1.37664e-06,"8",0.000726285,102217687,"ukb-d-K04","rs62515544","A","G",0.0147037," || id:ukb-d-K04",TRUE,"reported","igd"
0.00355999,361194,5.75307e-07,"9",0.000712081,136645598,"ukb-d-K04","rs55795819","G","C",0.0130021," || id:ukb-d-K04",TRUE,"reported","igd"
0.00405461,361194,7.74836e-07,"11",0.000820491,126923783,"ukb-d-K04","rs142159370","A","T",0.0109081," || id:ukb-d-K04",TRUE,"reported","igd"
0.00126769,361194,3.9605e-06,"14",0.000274777,76807598,"ukb-d-K04","rs59040412","T","C",0.0950223," || id:ukb-d-K04",TRUE,"reported","igd"
0.00219796,361194,2.22454e-06,"17",0.000464493,66368927,"ukb-d-K04","rs139554167","G","C",0.0325615," || id:ukb-d-K04",TRUE,"reported","igd"
0.00238702,361194,7.9442e-07,"18",0.000483514,46539434,"ukb-d-K04","rs117906380","T","C",0.0280653," || id:ukb-d-K04",TRUE,"reported","igd"
0.00386127,361194,3.15588e-06,"20",0.000828513,40559105,"ukb-d-K04","rs75764790","T","G",0.00986755," || id:ukb-d-K04",TRUE,"reported","igd"
