"se.exposure","beta.exposure","samplesize.exposure","pval.exposure","chr.exposure","pos.exposure","id.exposure","SNP","effect_allele.exposure","other_allele.exposure","eaf.exposure","exposure","mr_keep.exposure","pval_origin.exposure","data_source.exposure"
0.000571666,0.00263662,461242,4e-06,"1",117876795,"ukb-b-8810","rs1707117","G","A",0.863113," || id:ukb-b-8810",TRUE,"reported","igd"
0.000461551,-0.00240988,461242,1.79999e-07,"2",39361370,"ukb-b-8810","rs13005167","A","T",0.248779," || id:ukb-b-8810",TRUE,"reported","igd"
0.00105003,0.00491919,461242,2.80001e-06,"2",238076769,"ukb-b-8810","rs34058654","T","C",0.036638," || id:ukb-b-8810",TRUE,"reported","igd"
0.000473481,-0.00219137,461242,3.69999e-06,"2",2294845,"ukb-b-8810","rs72769257","A","T",0.257593," || id:ukb-b-8810",TRUE,"reported","igd"
0.000529895,-0.00264269,461242,6.1e-07,"3",73965562,"ukb-b-8810","rs3856590","C","T",0.826777," || id:ukb-b-8810",TRUE,"reported","igd"
0.000822889,0.00380349,461242,3.79997e-06,"3",84427509,"ukb-b-8810","rs78233406","G","A",0.06355," || id:ukb-b-8810",TRUE,"reported","igd"
0.000424155,-0.00211163,461242,6.4e-07,"5",43110754,"ukb-b-8810","rs6451674","T","C",0.684133," || id:ukb-b-8810",TRUE,"reported","igd"
0.000849132,-0.00390083,461242,4.39997e-06,"6",159777178,"ukb-b-8810","rs11754823","C","A",0.057657," || id:ukb-b-8810",TRUE,"reported","igd"
0.000512185,-0.00242671,461242,2.19999e-06,"8",79879912,"ukb-b-8810","rs12550475","A","T",0.180205," || id:ukb-b-8810",TRUE,"reported","igd"
0.00064553,0.00301633,461242,2.99999e-06,"11",65493206,"ukb-b-8810","rs72941069","C","T",0.103971," || id:ukb-b-8810",TRUE,"reported","igd"
0.000697154,0.00434781,461242,4.49997e-10,"11",69819139,"ukb-b-8810","rs111412755","T","C",0.088097," || id:ukb-b-8810",TRUE,"reported","igd"
0.000843242,0.00388302,461242,4.09996e-06,"12",49312540,"ukb-b-8810","rs78877829","T","C",0.057579," || id:ukb-b-8810",TRUE,"reported","igd"
0.00100707,-0.00511921,461242,3.69999e-07,"12",72571902,"ukb-b-8810","rs73135440","G","A",0.044105," || id:ukb-b-8810",TRUE,"reported","igd"
0.000679965,0.00342828,461242,4.60002e-07,"12",110281053,"ukb-b-8810","rs112866013","A","C",0.0925," || id:ukb-b-8810",TRUE,"reported","igd"
0.00134741,0.00649724,461242,1.40001e-06,"14",68278128,"ukb-b-8810","rs72723194","T","A",0.021866," || id:ukb-b-8810",TRUE,"reported","igd"
0.000555069,0.00269288,461242,1.2e-06,"20",15081965,"ukb-b-8810","rs62202811","T","C",0.147674," || id:ukb-b-8810",TRUE,"reported","igd"
