"chr.exposure","beta.exposure","samplesize.exposure","pval.exposure","se.exposure","pos.exposure","id.exposure","SNP","effect_allele.exposure","other_allele.exposure","eaf.exposure","exposure","mr_keep.exposure","pval_origin.exposure","data_source.exposure"
"1",0.00888238,89866,6.43028e-07,0.00178426,47290446,"ukb-d-22601_41233254","rs115031278","C","T",0.0608295," || id:ukb-d-22601_41233254",TRUE,"reported","igd"
"2",-0.00427888,89866,8.98856e-07,0.000870944,206806002,"ukb-d-22601_41233254","rs4673340","G","A",0.551233," || id:ukb-d-22601_41233254",TRUE,"reported","igd"
"3",-0.0145749,89866,2.53367e-06,0.00309729,94530827,"ukb-d-22601_41233254","rs55891913","T","G",0.0204577," || id:ukb-d-22601_41233254",TRUE,"reported","igd"
"4",-0.00592335,89866,3.10056e-07,0.00115744,174141759,"ukb-d-22601_41233254","rs7681286","A","G",0.162077," || id:ukb-d-22601_41233254",TRUE,"reported","igd"
"6",0.0168339,89866,1.44901e-06,0.00349362,99866338,"ukb-d-22601_41233254","rs189513286","C","A",0.0157482," || id:ukb-d-22601_41233254",TRUE,"reported","igd"
"8",0.0215635,89866,4.05779e-06,0.00467889,20075197,"ukb-d-22601_41233254","rs150162271","G","C",0.00968294," || id:ukb-d-22601_41233254",TRUE,"reported","igd"
"9",0.00966048,89866,2.00503e-08,0.00172137,139943864,"ukb-d-22601_41233254","rs117662508","G","C",0.0659979," || id:ukb-d-22601_41233254",TRUE,"reported","igd"
"10",0.0226,89866,7.47274e-08,0.00420086,1213731,"ukb-d-22601_41233254","rs144800467","C","A",0.0106652," || id:ukb-d-22601_41233254",TRUE,"reported","igd"
"12",0.00753707,89866,2.80498e-06,0.0016088,30199373,"ukb-d-22601_41233254","rs7314705","C","T",0.0756738," || id:ukb-d-22601_41233254",TRUE,"reported","igd"
"15",0.0163403,89866,2.55205e-06,0.00347354,96560797,"ukb-d-22601_41233254","rs75070627","C","T",0.0157142," || id:ukb-d-22601_41233254",TRUE,"reported","igd"
"19",0.0109915,89866,2.89701e-06,0.00234947,57886439,"ukb-d-22601_41233254","rs111871875","T","C",0.0359534," || id:ukb-d-22601_41233254",TRUE,"reported","igd"
"20",0.00448572,89866,2.9803e-06,0.000960032,11533337,"ukb-d-22601_41233254","rs6040760","G","A",0.273577," || id:ukb-d-22601_41233254",TRUE,"reported","igd"
"22",-0.00890135,89866,1.26789e-07,0.00168463,21404365,"ukb-d-22601_41233254","rs396659","G","A",0.931438," || id:ukb-d-22601_41233254",TRUE,"reported","igd"
