"samplesize.exposure","se.exposure","pos.exposure","pval.exposure","beta.exposure","chr.exposure","id.exposure","SNP","effect_allele.exposure","other_allele.exposure","eaf.exposure","exposure","mr_keep.exposure","pval_origin.exposure","data_source.exposure"
91149,0.00137529,236668555,3.51172e-07,0.0070058,"1","ukb-d-22617_4215","rs112801931","A","G",0.210739," || id:ukb-d-22617_4215",TRUE,"reported","igd"
91149,0.0040194,98465876,3.78573e-08,-0.0221109,"2","ukb-d-22617_4215","rs150605352","G","C",0.0189426," || id:ukb-d-22617_4215",TRUE,"reported","igd"
91149,0.0075557,125803120,4.39511e-06,0.0346961,"3","ukb-d-22617_4215","rs558582548","T","C",0.00603552," || id:ukb-d-22617_4215",TRUE,"reported","igd"
91149,0.00114319,18128034,2.21467e-06,-0.0054108,"5","ukb-d-22617_4215","rs6869735","T","C",0.348319," || id:ukb-d-22617_4215",TRUE,"reported","igd"
91149,0.00116531,33153528,1.88339e-06,0.00555372,"6","ukb-d-22617_4215","rs9277934","T","C",0.311523," || id:ukb-d-22617_4215",TRUE,"reported","igd"
91149,0.00389466,81361042,4.32195e-06,-0.0178981,"8","ukb-d-22617_4215","rs111455855","G","T",0.0215059," || id:ukb-d-22617_4215",TRUE,"reported","igd"
91149,0.00401892,66828689,6.34191e-07,0.0200177,"10","ukb-d-22617_4215","rs72794173","A","G",0.0203232," || id:ukb-d-22617_4215",TRUE,"reported","igd"
91149,0.00811562,37599171,3.1408e-06,0.0378324,"13","ukb-d-22617_4215","rs113102109","A","G",0.00466605," || id:ukb-d-22617_4215",TRUE,"reported","igd"
91149,0.00113501,5884820,1.97142e-07,-0.00590477,"16","ukb-d-22617_4215","rs11643481","C","T",0.485452," || id:ukb-d-22617_4215",TRUE,"reported","igd"
91149,0.00134945,13408098,4.71509e-06,0.00617692,"17","ukb-d-22617_4215","rs1860068","G","T",0.200013," || id:ukb-d-22617_4215",TRUE,"reported","igd"
91149,0.00725675,41415295,1.91593e-07,0.0377911,"18","ukb-d-22617_4215","rs117661270","C","G",0.00646847," || id:ukb-d-22617_4215",TRUE,"reported","igd"
91149,0.00543992,23170968,4.1758e-06,0.0250384,"20","ukb-d-22617_4215","rs185927889","A","C",0.0108129," || id:ukb-d-22617_4215",TRUE,"reported","igd"
91149,0.00195812,46542124,2.95835e-06,0.00915222,"20","ukb-d-22617_4215","rs7269833","G","A",0.0899226," || id:ukb-d-22617_4215",TRUE,"reported","igd"
