"beta.exposure","pval.exposure","pos.exposure","chr.exposure","se.exposure","samplesize.exposure","id.exposure","SNP","effect_allele.exposure","other_allele.exposure","eaf.exposure","exposure","mr_keep.exposure","pval_origin.exposure","data_source.exposure"
0.00137368,1.6e-06,247455049,"1",0.000286395,462933,"ukb-b-175","rs78541047","A","G",0.145856," || id:ukb-b-175",TRUE,"reported","igd"
-0.00140239,3.09999e-07,22462111,"1",0.000274191,462933,"ukb-b-175","rs12037376","A","G",0.155793," || id:ukb-b-175",TRUE,"reported","igd"
-0.0010017,4.30002e-06,56108333,"2",0.000217965,462933,"ukb-b-175","rs1346786","T","C",0.292176," || id:ukb-b-175",TRUE,"reported","igd"
0.0015524,1.5e-06,106745194,"3",0.000322366,462933,"ukb-b-175","rs7636578","G","A",0.107167," || id:ukb-b-175",TRUE,"reported","igd"
0.00115502,3.40001e-06,62634585,"3",0.000248527,462933,"ukb-b-175","rs62242512","A","G",0.208411," || id:ukb-b-175",TRUE,"reported","igd"
0.00134298,6.59994e-08,126951752,"4",0.000248596,462933,"ukb-b-175","rs4373172","G","A",0.198091," || id:ukb-b-175",TRUE,"reported","igd"
0.00133669,1.7e-06,119085182,"6",0.000279253,462933,"ukb-b-175","rs9374749","T","G",0.148572," || id:ukb-b-175",TRUE,"reported","igd"
-0.00105208,4.49997e-06,129629655,"7",0.000229337,462933,"ukb-b-175","rs73725710","G","A",0.247425," || id:ukb-b-175",TRUE,"reported","igd"
-0.000958659,2.5e-06,16837404,"7",0.000203466,462933,"ukb-b-175","rs819010","T","C",0.58205," || id:ukb-b-175",TRUE,"reported","igd"
-0.00111993,1.79999e-06,97017858,"9",0.000234596,462933,"ukb-b-175","rs11789548","G","A",0.238004," || id:ukb-b-175",TRUE,"reported","igd"
0.000940976,2.39999e-06,87155910,"12",0.000199675,462933,"ukb-b-175","rs7960441","C","T",0.438717," || id:ukb-b-175",TRUE,"reported","igd"
-0.00124224,4e-10,114673421,"12",0.000198649,462933,"ukb-b-175","rs1247943","A","G",0.534104," || id:ukb-b-175",TRUE,"reported","igd"
-0.00112893,9.80009e-07,101928108,"14",0.000230605,462933,"ukb-b-175","rs1889366","C","T",0.749028," || id:ukb-b-175",TRUE,"reported","igd"
0.000957928,1.89998e-06,46863304,"15",0.000201218,462933,"ukb-b-175","rs557823","A","G",0.492279," || id:ukb-b-175",TRUE,"reported","igd"
