"pval.exposure","pos.exposure","beta.exposure","samplesize.exposure","chr.exposure","se.exposure","id.exposure","SNP","effect_allele.exposure","other_allele.exposure","eaf.exposure","exposure","mr_keep.exposure","pval_origin.exposure","data_source.exposure"
9.80009e-08,36822239,0.00170908,455503,"1",0.000320654,"ukb-b-5954","rs4652908","G","T",0.582828," || id:ukb-b-5954",TRUE,"reported","igd"
1.6e-06,190734051,-0.00151026,455503,"1",0.000315047,"ukb-b-5954","rs567695","A","G",0.473871," || id:ukb-b-5954",TRUE,"reported","igd"
3.79997e-06,39043907,0.00394101,455503,"2",0.000852911,"ukb-b-5954","rs77441647","T","C",0.034994," || id:ukb-b-5954",TRUE,"reported","igd"
2.90001e-06,174822669,0.00420166,455503,"4",0.000898104,"ukb-b-5954","rs146477477","A","G",0.035478," || id:ukb-b-5954",TRUE,"reported","igd"
8.79995e-07,72828747,0.00359131,455503,"5",0.000730381,"ukb-b-5954","rs60326831","G","A",0.049219," || id:ukb-b-5954",TRUE,"reported","igd"
4.09996e-09,30378559,-0.00194038,455503,"11",0.0003301,"ukb-b-5954","rs1765142","A","C",0.646949," || id:ukb-b-5954",TRUE,"reported","igd"
4.90004e-06,30643977,-0.00264686,455503,"11",0.000579408,"ukb-b-5954","rs72892862","A","C",0.08404," || id:ukb-b-5954",TRUE,"reported","igd"
1.2e-06,102721053,-0.00156565,455503,"14",0.000322103,"ukb-b-5954","rs56177917","A","C",0.398321," || id:ukb-b-5954",TRUE,"reported","igd"
1.2e-06,82306600,0.00196739,455503,"14",0.0004052,"ukb-b-5954","rs17653970","G","A",0.187751," || id:ukb-b-5954",TRUE,"reported","igd"
1.29999e-06,68249135,-0.00160609,455503,"15",0.000331961,"ukb-b-5954","rs428022","G","A",0.65715," || id:ukb-b-5954",TRUE,"reported","igd"
4.79999e-06,31762449,-0.00175071,455503,"17",0.000382902,"ukb-b-5954","rs62068469","G","A",0.215946," || id:ukb-b-5954",TRUE,"reported","igd"
4.20001e-06,53609534,-0.00145375,455503,"19",0.000315783,"ukb-b-5954","rs8113629","T","G",0.46644," || id:ukb-b-5954",TRUE,"reported","igd"
