"pval.exposure","samplesize.exposure","pos.exposure","chr.exposure","beta.exposure","se.exposure","id.exposure","SNP","effect_allele.exposure","other_allele.exposure","eaf.exposure","exposure","mr_keep.exposure","pval_origin.exposure","data_source.exposure"
3.2e-06,83387,120199079,"1",0.056332,0.0120951,"ukb-b-4526","rs77789548","C","G",0.044083," || id:ukb-b-4526",TRUE,"reported","igd"
4.30002e-06,83387,32843295,"2",0.0258654,0.0056255,"ukb-b-4526","rs1043463","T","A",0.633388," || id:ukb-b-4526",TRUE,"reported","igd"
1.6e-06,83387,22570515,"2",-0.0261726,0.00546141,"ukb-b-4526","rs1463978","T","C",0.704331," || id:ukb-b-4526",TRUE,"reported","igd"
4.09996e-06,83387,109263671,"4",0.0230541,0.00500289,"ukb-b-4526","rs13138626","A","G",0.424889," || id:ukb-b-4526",TRUE,"reported","igd"
2.99999e-06,83387,17472535,"4",-0.0239865,0.00513208,"ukb-b-4526","rs11731688","C","G",0.623186," || id:ukb-b-4526",TRUE,"reported","igd"
3.29997e-06,83387,170256322,"5",0.134429,0.0288943,"ukb-b-4526","rs188513803","G","A",0.00779," || id:ukb-b-4526",TRUE,"reported","igd"
2.1e-06,83387,169629715,"5",0.115712,0.0243865,"ukb-b-4526","rs139328884","G","A",0.010999," || id:ukb-b-4526",TRUE,"reported","igd"
3.29997e-06,83387,157704585,"6",-0.0685307,0.014736,"ukb-b-4526","rs9379322","A","G",0.029234," || id:ukb-b-4526",TRUE,"reported","igd"
3.59998e-06,83387,75241283,"8",-0.102867,0.0222053,"ukb-b-4526","rs188940708","G","A",0.013626," || id:ukb-b-4526",TRUE,"reported","igd"
2.90001e-06,83387,126890656,"10",0.0261676,0.00559822,"ukb-b-4526","rs61869209","T","C",0.256677," || id:ukb-b-4526",TRUE,"reported","igd"
4.70002e-08,83387,31285284,"11",0.0630146,0.0115339,"ukb-b-4526","rs11602582","A","G",0.04716," || id:ukb-b-4526",TRUE,"reported","igd"
4.90004e-07,83387,107658054,"13",-0.0453717,0.00901674,"ukb-b-4526","rs17427554","T","C",0.083072," || id:ukb-b-4526",TRUE,"reported","igd"
2.1e-06,83387,57062618,"15",-0.0246214,0.00519179,"ukb-b-4526","rs28575268","T","G",0.337573," || id:ukb-b-4526",TRUE,"reported","igd"
2e-06,83387,77441179,"16",-0.0243936,0.00512957,"ukb-b-4526","rs10781983","A","G",0.641498," || id:ukb-b-4526",TRUE,"reported","igd"
3.89996e-06,83387,12829954,"18",-0.0595134,0.0128844,"ukb-b-4526","rs73950681","C","G",0.037829," || id:ukb-b-4526",TRUE,"reported","igd"
4.20001e-06,83387,37910395,"22",-0.0228452,0.004963,"ukb-b-4526","rs8140025","G","A",0.4221," || id:ukb-b-4526",TRUE,"reported","igd"
