"pval.exposure","samplesize.exposure","chr.exposure","pos.exposure","se.exposure","beta.exposure","id.exposure","SNP","effect_allele.exposure","other_allele.exposure","eaf.exposure","exposure","mr_keep.exposure","pval_origin.exposure","data_source.exposure"
2.19999e-06,64949,"2",81003902,0.0183379,0.0867769,"ukb-b-1338","rs145990591","A","G",0.009502," || id:ukb-b-1338",TRUE,"reported","igd"
3.2e-06,64949,"3",171464768,0.0183524,0.085468,"ukb-b-1338","rs114565016","A","C",0.009131," || id:ukb-b-1338",TRUE,"reported","igd"
2.80001e-06,64949,"4",128591757,0.0146489,0.0686796,"ukb-b-1338","rs11936086","C","G",0.013625," || id:ukb-b-1338",TRUE,"reported","igd"
3.59998e-06,64949,"5",82256128,0.0111357,0.0515675,"ukb-b-1338","rs78115985","T","G",0.023822," || id:ukb-b-1338",TRUE,"reported","igd"
1.79999e-06,64949,"5",2240531,0.0167203,0.0797698,"ukb-b-1338","rs141134342","T","C",0.010666," || id:ukb-b-1338",TRUE,"reported","igd"
1.40001e-06,64949,"5",179693613,0.00454019,-0.0218794,"ukb-b-1338","rs78234354","T","C",0.169085," || id:ukb-b-1338",TRUE,"reported","igd"
5.60003e-07,64949,"8",134515400,0.0215224,0.107726,"ukb-b-1338","rs138306370","C","T",0.007002," || id:ukb-b-1338",TRUE,"reported","igd"
1.29999e-06,64949,"11",47566232,0.00573663,0.0277523,"ukb-b-1338","rs72907976","A","G",0.096938," || id:ukb-b-1338",TRUE,"reported","igd"
4e-06,64949,"11",343881,0.00360359,0.0166123,"ukb-b-1338","rs12270786","G","A",0.39905," || id:ukb-b-1338",TRUE,"reported","igd"
2.90001e-06,64949,"12",116992511,0.00443796,0.0207445,"ukb-b-1338","rs11068069","T","C",0.177108," || id:ukb-b-1338",TRUE,"reported","igd"
4.60045e-18,64949,"12",11024367,0.00390673,-0.0338414,"ukb-b-1338","rs61914781","A","G",0.253001," || id:ukb-b-1338",TRUE,"reported","igd"
2.39999e-06,64949,"14",64769150,0.0215951,0.10188,"ukb-b-1338","rs138900734","A","C",0.007499," || id:ukb-b-1338",TRUE,"reported","igd"
1.89998e-06,64949,"18",45223767,0.0182361,0.0868514,"ukb-b-1338","rs140774793","A","G",0.008949," || id:ukb-b-1338",TRUE,"reported","igd"
3.69999e-06,64949,"18",3449286,0.00387652,-0.0179481,"ukb-b-1338","rs238134","C","G",0.257109," || id:ukb-b-1338",TRUE,"reported","igd"
