"se.exposure","chr.exposure","pos.exposure","beta.exposure","samplesize.exposure","pval.exposure","id.exposure","SNP","effect_allele.exposure","other_allele.exposure","eaf.exposure","exposure","mr_keep.exposure","pval_origin.exposure","data_source.exposure"
0.00251537,"1",177864136,-0.0116896,56571,3.37124e-06,"ukb-d-20536_1","rs1336780","A","T",0.731738," || id:ukb-d-20536_1",TRUE,"reported","igd"
0.0122712,"1",225937666,-0.056648,56571,3.91435e-06,"ukb-d-20536_1","rs17504957","A","G",0.00868307," || id:ukb-d-20536_1",TRUE,"reported","igd"
0.00817521,"1",96468325,0.0379071,56571,3.54568e-06,"ukb-d-20536_1","rs114875897","A","C",0.0187994," || id:ukb-d-20536_1",TRUE,"reported","igd"
0.00223499,"2",63514651,-0.010487,56571,2.70938e-06,"ukb-d-20536_1","rs13431584","G","A",0.527135," || id:ukb-d-20536_1",TRUE,"reported","igd"
0.0104071,"2",33489303,0.0489453,56571,2.5688e-06,"ukb-d-20536_1","rs185806435","G","A",0.0127598," || id:ukb-d-20536_1",TRUE,"reported","igd"
0.00402232,"3",3081825,-0.0187125,56571,3.29208e-06,"ukb-d-20536_1","rs339285","C","T",0.917157," || id:ukb-d-20536_1",TRUE,"reported","igd"
0.00304737,"6",108050222,-0.0162915,56571,9.02236e-08,"ukb-d-20536_1","rs4945787","T","G",0.842269," || id:ukb-d-20536_1",TRUE,"reported","igd"
0.00366872,"8",118884379,0.0177395,56571,1.33266e-06,"ukb-d-20536_1","rs72673947","G","A",0.104094," || id:ukb-d-20536_1",TRUE,"reported","igd"
0.00252675,"8",16737672,-0.0117151,56571,3.55238e-06,"ukb-d-20536_1","rs9325801","G","T",0.272344," || id:ukb-d-20536_1",TRUE,"reported","igd"
0.0101374,"10",122466884,0.0463536,56571,4.8287e-06,"ukb-d-20536_1","rs191526928","A","C",0.012455," || id:ukb-d-20536_1",TRUE,"reported","igd"
0.00223326,"15",61686695,-0.0104987,56571,2.5943e-06,"ukb-d-20536_1","rs7182746","C","T",0.519539," || id:ukb-d-20536_1",TRUE,"reported","igd"
0.0022615,"16",53830055,0.0137231,56571,1.30236e-09,"ukb-d-20536_1","rs62033413","G","C",0.412988," || id:ukb-d-20536_1",TRUE,"reported","igd"
0.00293605,"17",39642561,0.0135948,56571,3.65957e-06,"ukb-d-20536_1","rs2071602","A","T",0.17415," || id:ukb-d-20536_1",TRUE,"reported","igd"
0.0069355,"18",32450214,0.0364405,56571,1.49211e-07,"ukb-d-20536_1","rs117848474","T","A",0.0279246," || id:ukb-d-20536_1",TRUE,"reported","igd"
0.00272488,"18",57811982,0.0142249,56571,1.79205e-07,"ukb-d-20536_1","rs17700144","A","G",0.216452," || id:ukb-d-20536_1",TRUE,"reported","igd"
