"se.exposure","beta.exposure","pos.exposure","samplesize.exposure","pval.exposure","chr.exposure","id.exposure","SNP","effect_allele.exposure","other_allele.exposure","eaf.exposure","exposure","mr_keep.exposure","pval_origin.exposure","data_source.exposure"
0.00156638,0.0080392,27958245,89866,2.86768e-07,"1","ukb-d-22601_23113399","rs12726763","G","A",0.0703455," || id:ukb-d-22601_23113399",TRUE,"reported","igd"
0.00375622,0.0180226,21817262,89866,1.6045e-06,"3","ukb-d-22601_23113399","rs112432394","T","A",0.0128834," || id:ukb-d-22601_23113399",TRUE,"reported","igd"
0.00236435,0.0133426,107430034,89866,1.67375e-08,"5","ukb-d-22601_23113399","rs72798157","C","T",0.0290043," || id:ukb-d-22601_23113399",TRUE,"reported","igd"
0.0033769,0.0155948,2515778,89866,3.87864e-06,"8","ukb-d-22601_23113399","rs141864288","C","T",0.0156397," || id:ukb-d-22601_23113399",TRUE,"reported","igd"
0.00270373,0.0136198,2150614,89866,4.72759e-07,"9","ukb-d-22601_23113399","rs77559848","C","A",0.023285," || id:ukb-d-22601_23113399",TRUE,"reported","igd"
0.000878146,-0.0040705,116705516,89866,3.5687e-06,"11","ukb-d-22601_23113399","rs525028","A","G",0.709908," || id:ukb-d-22601_23113399",TRUE,"reported","igd"
0.00188942,0.00864014,69225813,89866,4.81626e-06,"11","ukb-d-22601_23113399","rs112515851","T","C",0.0479754," || id:ukb-d-22601_23113399",TRUE,"reported","igd"
0.00231397,-0.0108078,59445291,89866,3.00635e-06,"11","ukb-d-22601_23113399","rs35146239","T","G",0.0312104," || id:ukb-d-22601_23113399",TRUE,"reported","igd"
0.00282181,0.0131325,85984363,89866,3.26122e-06,"12","ukb-d-22601_23113399","rs73167876","G","A",0.0202635," || id:ukb-d-22601_23113399",TRUE,"reported","igd"
0.00250905,0.0115115,43178526,89866,4.48167e-06,"22","ukb-d-22601_23113399","rs552455424","C","A",0.0265208," || id:ukb-d-22601_23113399",TRUE,"reported","igd"
