"se.exposure","samplesize.exposure","beta.exposure","pos.exposure","chr.exposure","pval.exposure","id.exposure","SNP","effect_allele.exposure","other_allele.exposure","eaf.exposure","exposure","mr_keep.exposure","pval_origin.exposure","data_source.exposure"
0.00181409,456380,-0.00874257,184117292,"2",1.40001e-06,"ukb-b-18959","rs114726309","T","A",0.054722," || id:ukb-b-18959",TRUE,"reported","igd"
0.00423594,456380,0.0196718,4578804,"3",3.40001e-06,"ukb-b-18959","rs150045737","T","C",0.009079," || id:ukb-b-18959",TRUE,"reported","igd"
0.002473,456380,-0.0119961,114289062,"4",1.2e-06,"ukb-b-18959","rs114788911","A","G",0.026072," || id:ukb-b-18959",TRUE,"reported","igd"
0.00242509,456380,0.0124293,47912547,"4",2.99999e-07,"ukb-b-18959","rs114767061","T","C",0.028017," || id:ukb-b-18959",TRUE,"reported","igd"
0.00281093,456380,0.0131199,169823196,"5",2.99999e-06,"ukb-b-18959","rs314120","T","C",0.021265," || id:ukb-b-18959",TRUE,"reported","igd"
0.00137746,456380,-0.00735223,157567099,"5",9.40005e-08,"ukb-b-18959","rs1540944","C","T",0.907326," || id:ukb-b-18959",TRUE,"reported","igd"
0.000867726,456380,-0.00406106,90835945,"7",2.90001e-06,"ukb-b-18959","rs4320483","C","T",0.303269," || id:ukb-b-18959",TRUE,"reported","igd"
0.00363524,456380,0.0168031,124355763,"9",3.79997e-06,"ukb-b-18959","rs148553076","T","C",0.012326," || id:ukb-b-18959",TRUE,"reported","igd"
0.00187822,456380,0.00922367,3019385,"9",9.09997e-07,"ukb-b-18959","rs62533953","C","G",0.047312," || id:ukb-b-18959",TRUE,"reported","igd"
0.00126499,456380,0.00613487,83397793,"12",1.2e-06,"ukb-b-18959","rs1796205","T","C",0.89101," || id:ukb-b-18959",TRUE,"reported","igd"
0.00196211,456380,0.00902161,79000161,"14",4.30002e-06,"ukb-b-18959","rs77487624","T","C",0.045196," || id:ukb-b-18959",TRUE,"reported","igd"
0.00193385,456380,0.00896877,64213237,"14",3.50002e-06,"ukb-b-18959","rs28799951","T","C",0.04386," || id:ukb-b-18959",TRUE,"reported","igd"
0.000874321,456380,0.00400652,11365500,"16",4.60002e-06,"ukb-b-18959","rs367569","T","C",0.282812," || id:ukb-b-18959",TRUE,"reported","igd"
0.00519322,456380,0.0287454,482735,"18",3.09999e-08,"ukb-b-18959","rs73358562","A","C",0.006282," || id:ukb-b-18959",TRUE,"reported","igd"
0.00436761,456380,0.0204634,13777751,"19",2.80001e-06,"ukb-b-18959","rs140336445","A","G",0.008511," || id:ukb-b-18959",TRUE,"reported","igd"
