"beta.exposure","se.exposure","samplesize.exposure","chr.exposure","pval.exposure","pos.exposure","id.exposure","SNP","effect_allele.exposure","other_allele.exposure","eaf.exposure","exposure","mr_keep.exposure","pval_origin.exposure","data_source.exposure"
0.00498653,0.00105572,361194,"1",2.32071e-06,193770391,"ukb-d-M79","rs61833285","T","C",0.0260627," || id:ukb-d-M79",TRUE,"reported","igd"
-0.00810074,0.00110244,361194,"1",2.01604e-13,169519049,"ukb-d-M79","rs6025","C","T",0.977059," || id:ukb-d-M79",TRUE,"reported","igd"
0.00156688,0.000333248,361194,"1",2.57911e-06,60023941,"ukb-d-M79","rs1440575","T","C",0.4536," || id:ukb-d-M79",TRUE,"reported","igd"
0.00387143,0.000831976,361194,"1",3.26783e-06,37425583,"ukb-d-M79","rs200720620","A","G",0.0462284," || id:ukb-d-M79",TRUE,"reported","igd"
0.00165099,0.000343177,361194,"2",1.50318e-06,43514036,"ukb-d-M79","rs11900952","A","G",0.361862," || id:ukb-d-M79",TRUE,"reported","igd"
-0.00159696,0.000344337,361194,"3",3.52265e-06,184312106,"ukb-d-M79","rs4582031","A","C",0.64286," || id:ukb-d-M79",TRUE,"reported","igd"
-0.00284432,0.000531915,361194,"4",8.93182e-08,90033240,"ukb-d-M79","rs12647095","A","C",0.892389," || id:ukb-d-M79",TRUE,"reported","igd"
0.00671611,0.00137735,361194,"5",1.08243e-06,124909028,"ukb-d-M79","rs77569574","C","G",0.0145587," || id:ukb-d-M79",TRUE,"reported","igd"
-0.00158495,0.000345757,361194,"7",4.563e-06,111180544,"ukb-d-M79","rs2613590","A","C",0.647291," || id:ukb-d-M79",TRUE,"reported","igd"
0.00336481,0.000708398,361194,"9",2.0361e-06,22945351,"ukb-d-M79","rs4422853","T","G",0.0595003," || id:ukb-d-M79",TRUE,"reported","igd"
-0.00253334,0.000539134,361194,"9",2.61644e-06,75794462,"ukb-d-M79","rs72737048","G","A",0.106572," || id:ukb-d-M79",TRUE,"reported","igd"
0.00256708,0.000523081,361194,"9",9.22274e-07,25999871,"ukb-d-M79","rs186755758","C","T",0.112275," || id:ukb-d-M79",TRUE,"reported","igd"
0.00282952,0.000556292,361194,"12",3.65107e-07,113502191,"ukb-d-M79","rs60013451","A","G",0.0974948," || id:ukb-d-M79",TRUE,"reported","igd"
-0.00206119,0.000418546,361194,"15",8.45493e-07,66879176,"ukb-d-M79","rs12901976","G","C",0.192092," || id:ukb-d-M79",TRUE,"reported","igd"
-0.00164573,0.000336512,361194,"17",1.00589e-06,32543769,"ukb-d-M79","rs8075337","C","T",0.412568," || id:ukb-d-M79",TRUE,"reported","igd"
0.00265994,0.00056494,361194,"18",2.49822e-06,10282648,"ukb-d-M79","rs199772515","A","G",0.0981832," || id:ukb-d-M79",TRUE,"reported","igd"
