"se.exposure","chr.exposure","pval.exposure","samplesize.exposure","pos.exposure","beta.exposure","id.exposure","SNP","effect_allele.exposure","other_allele.exposure","eaf.exposure","exposure","mr_keep.exposure","pval_origin.exposure","data_source.exposure"
0.00306206,"5",9.40005e-09,64949,160155731,-0.017578,"ukb-b-17673","rs67568068","C","T",0.212774," || id:ukb-b-17673",TRUE,"reported","igd"
0.00715469,"6",3.59998e-06,64949,12803116,0.0331341,"ukb-b-17673","rs72835681","G","A",0.031887," || id:ukb-b-17673",TRUE,"reported","igd"
0.00254636,"8",7.10003e-07,64949,51375321,-0.0126266,"ukb-b-17673","rs11785209","A","G",0.571422," || id:ukb-b-17673",TRUE,"reported","igd"
0.00901702,"10",4.49997e-06,64949,111723454,0.0413576,"ukb-b-17673","rs113393516","T","C",0.021052," || id:ukb-b-17673",TRUE,"reported","igd"
0.00926586,"10",4.60002e-06,64949,93989410,-0.0424423,"ukb-b-17673","rs190027885","A","G",0.019698," || id:ukb-b-17673",TRUE,"reported","igd"
0.00440159,"12",4.60002e-06,64949,5158015,-0.0201742,"ukb-b-17673","rs12822595","T","C",0.093715," || id:ukb-b-17673",TRUE,"reported","igd"
0.00462399,"13",3.50002e-06,64949,27651466,0.0214524,"ukb-b-17673","rs9512536","C","G",0.919344," || id:ukb-b-17673",TRUE,"reported","igd"
0.00951589,"13",8.30004e-08,64949,114760745,0.0510194,"ukb-b-17673","rs72659526","G","A",0.021056," || id:ukb-b-17673",TRUE,"reported","igd"
0.00360527,"18",1.79999e-06,64949,33856166,-0.0171973,"ukb-b-17673","rs17649715","G","A",0.141737," || id:ukb-b-17673",TRUE,"reported","igd"
0.0035872,"18",1.5e-07,64949,5559266,0.0188266,"ukb-b-17673","rs1719958","A","C",0.145709," || id:ukb-b-17673",TRUE,"reported","igd"
0.00610461,"20",1.6e-06,64949,21210785,-0.0292836,"ukb-b-17673","rs77108478","G","C",0.044342," || id:ukb-b-17673",TRUE,"reported","igd"
0.00280835,"20",3.29997e-06,64949,48387717,0.0130631,"ukb-b-17673","rs679376","C","T",0.722504," || id:ukb-b-17673",TRUE,"reported","igd"
