"se.exposure","pval.exposure","chr.exposure","pos.exposure","samplesize.exposure","beta.exposure","id.exposure","SNP","effect_allele.exposure","other_allele.exposure","eaf.exposure","exposure","mr_keep.exposure","pval_origin.exposure","data_source.exposure"
0.000631077,4.59018e-06,"1",43400016,89866,0.00289221,"ukb-d-22601_24113277","rs841857","T","C",0.208262," || id:ukb-d-22601_24113277",TRUE,"reported","igd"
0.00207756,2.68999e-07,"1",189137037,89866,0.0106877,"ukb-d-22601_24113277","rs116102913","C","G",0.0161036," || id:ukb-d-22601_24113277",TRUE,"reported","igd"
0.00116424,1.73744e-06,"1",231289143,89866,0.00556753,"ukb-d-22601_24113277","rs111525221","A","C",0.0515953," || id:ukb-d-22601_24113277",TRUE,"reported","igd"
0.000516135,2.64235e-06,"2",1706932,89866,-0.00242435,"ukb-d-22601_24113277","rs113816320","A","G",0.508243," || id:ukb-d-22601_24113277",TRUE,"reported","igd"
0.00225015,2.00097e-06,"2",28198644,89866,0.0106964,"ukb-d-22601_24113277","rs62140388","G","A",0.0140336," || id:ukb-d-22601_24113277",TRUE,"reported","igd"
0.000919011,5.43713e-09,"3",9117664,89866,0.0053613,"ukb-d-22601_24113277","rs73015434","C","T",0.086034," || id:ukb-d-22601_24113277",TRUE,"reported","igd"
0.00211197,8.89959e-07,"3",115222730,89866,0.0103801,"ukb-d-22601_24113277","rs1553210","G","A",0.0150154," || id:ukb-d-22601_24113277",TRUE,"reported","igd"
0.0024462,3.48706e-06,"6",111202014,89866,0.0113506,"ukb-d-22601_24113277","rs141635257","C","T",0.0125834," || id:ukb-d-22601_24113277",TRUE,"reported","igd"
0.000596535,2.71694e-06,"10",56751980,89866,0.0027986,"ukb-d-22601_24113277","rs10763161","C","T",0.744158," || id:ukb-d-22601_24113277",TRUE,"reported","igd"
0.00115663,1.93206e-06,"19",31111092,89866,0.00550641,"ukb-d-22601_24113277","rs2217661","A","G",0.0536284," || id:ukb-d-22601_24113277",TRUE,"reported","igd"
0.000545992,4.62083e-06,"20",20241694,89866,-0.00250151,"ukb-d-22601_24113277","rs996570","T","C",0.335339," || id:ukb-d-22601_24113277",TRUE,"reported","igd"
