"pval.exposure","samplesize.exposure","pos.exposure","se.exposure","chr.exposure","beta.exposure","id.exposure","SNP","effect_allele.exposure","other_allele.exposure","eaf.exposure","exposure","mr_keep.exposure","pval_origin.exposure","data_source.exposure"
4.40261e-06,360291,216245008,0.00030161,"1",0.00138483,"ukb-d-1428_2","rs75274845","G","A",0.0893819," || id:ukb-d-1428_2",TRUE,"reported","igd"
4.24297e-06,360291,183817659,0.000344785,"4",0.00158573,"ukb-d-1428_2","rs6834019","A","C",0.0667298," || id:ukb-d-1428_2",TRUE,"reported","igd"
1.20873e-06,360291,85984487,0.000583978,"5",-0.00283479,"ukb-d-1428_2","rs62374168","A","G",0.976974," || id:ukb-d-1428_2",TRUE,"reported","igd"
3.19066e-06,360291,100265819,0.000177276,"6",-0.000825792,"ukb-d-1428_2","rs10085280","C","T",0.623651," || id:ukb-d-1428_2",TRUE,"reported","igd"
3.8384e-06,360291,161777042,0.00019054,"6",0.0008803,"ukb-d-1428_2","rs9456663","C","T",0.294862," || id:ukb-d-1428_2",TRUE,"reported","igd"
3.59609e-07,360291,136680294,0.000173041,"8",0.000880653,"ukb-d-1428_2","rs4909299","G","A",0.533462," || id:ukb-d-1428_2",TRUE,"reported","igd"
1.36389e-06,360291,70854781,0.000200381,"10",0.000967898,"ukb-d-1428_2","rs111812011","T","C",0.253125," || id:ukb-d-1428_2",TRUE,"reported","igd"
1.43718e-07,360291,96528463,0.000426577,"11",0.00224403,"ukb-d-1428_2","rs1371353","A","T",0.0431227," || id:ukb-d-1428_2",TRUE,"reported","igd"
2.94151e-06,360291,34199698,0.000854529,"11",0.00399487,"ukb-d-1428_2","rs139105722","A","C",0.0107118," || id:ukb-d-1428_2",TRUE,"reported","igd"
2.83818e-06,360291,74998858,0.000191904,"11",0.000898549,"ukb-d-1428_2","rs547173","G","A",0.278845," || id:ukb-d-1428_2",TRUE,"reported","igd"
3.66185e-06,360291,25241224,0.000172931,"12",-0.000800633,"ukb-d-1428_2","rs859154","A","G",0.536515," || id:ukb-d-1428_2",TRUE,"reported","igd"
3.68137e-06,360291,87069353,0.000357059,"15",0.00165271,"ukb-d-1428_2","rs1072287","A","G",0.0620688," || id:ukb-d-1428_2",TRUE,"reported","igd"
4.24229e-08,360291,10233743,0.000529922,"16",0.00290428,"ukb-d-1428_2","rs60832975","A","G",0.0275324," || id:ukb-d-1428_2",TRUE,"reported","igd"
4.14916e-06,360291,25649349,0.000503021,"21",0.00231583,"ukb-d-1428_2","rs62215850","T","C",0.0342495," || id:ukb-d-1428_2",TRUE,"reported","igd"
