"pos.exposure","chr.exposure","se.exposure","pval.exposure","samplesize.exposure","beta.exposure","id.exposure","SNP","effect_allele.exposure","other_allele.exposure","eaf.exposure","exposure","mr_keep.exposure","pval_origin.exposure","data_source.exposure"
117227513,"1",0.000110138,8.50002e-07,463010,-0.000542164,"ukb-b-12381","rs668224","G","A",0.432844," || id:ukb-b-12381",TRUE,"reported","igd"
216762158,"1",0.000113921,3.2e-06,463010,0.00053093,"ukb-b-12381","rs1857401","C","T",0.360429," || id:ukb-b-12381",TRUE,"reported","igd"
23783753,"2",0.00011959,2e-08,463010,-0.000670632,"ukb-b-12381","rs1709339","G","A",0.700801," || id:ukb-b-12381",TRUE,"reported","igd"
166319297,"2",0.000116193,2.5e-06,463010,-0.000546608,"ukb-b-12381","rs11687370","G","A",0.671622," || id:ukb-b-12381",TRUE,"reported","igd"
147277162,"2",0.000109468,5.19996e-08,463010,-0.00059599,"ukb-b-12381","rs6734362","C","T",0.474452," || id:ukb-b-12381",TRUE,"reported","igd"
27568298,"3",0.00011911,4.90004e-06,463010,0.000544305,"ukb-b-12381","rs931581","G","A",0.30232," || id:ukb-b-12381",TRUE,"reported","igd"
91462674,"4",0.000118248,2.39999e-06,463010,0.000557358,"ukb-b-12381","rs11943760","T","C",0.310578," || id:ukb-b-12381",TRUE,"reported","igd"
45795895,"4",0.0001097,2.5e-07,463010,-0.000565509,"ukb-b-12381","rs1492839","A","G",0.48429," || id:ukb-b-12381",TRUE,"reported","igd"
161283809,"4",0.000114468,2.1e-06,463010,-0.000542837,"ukb-b-12381","rs6854481","C","G",0.363494," || id:ukb-b-12381",TRUE,"reported","igd"
31134317,"7",0.000110669,3.29997e-06,463010,-0.000514756,"ukb-b-12381","rs2267732","A","C",0.581288," || id:ukb-b-12381",TRUE,"reported","igd"
5119966,"7",0.000109512,2.39999e-06,463010,-0.00051636,"ukb-b-12381","rs6960061","C","G",0.493605," || id:ukb-b-12381",TRUE,"reported","igd"
20290956,"10",0.000109404,2.19999e-06,463010,-0.000517583,"ukb-b-12381","rs1409344","A","T",0.518519," || id:ukb-b-12381",TRUE,"reported","igd"
10502574,"19",0.00011862,2.30001e-07,463010,0.000614064,"ukb-b-12381","rs11878501","G","A",0.305311," || id:ukb-b-12381",TRUE,"reported","igd"
51930030,"19",0.000112048,1.79999e-06,463010,-0.000534647,"ukb-b-12381","rs7253435","A","T",0.398368," || id:ukb-b-12381",TRUE,"reported","igd"
