"pval.exposure","chr.exposure","beta.exposure","pos.exposure","samplesize.exposure","se.exposure","id.exposure","SNP","effect_allele.exposure","other_allele.exposure","eaf.exposure","exposure","mr_keep.exposure","pval_origin.exposure","data_source.exposure"
2.5e-07,"2",0.033521,37207251,48080,0.00650299,"ukb-b-16872","rs11684340","C","A",0.218199," || id:ukb-b-16872",TRUE,"reported","igd"
1.5e-06,"3",0.108995,40097824,48080,0.0226458,"ukb-b-16872","rs72871458","C","T",0.014185," || id:ukb-b-16872",TRUE,"reported","igd"
4.30002e-06,"3",0.0255738,171294189,48080,0.00556579,"ukb-b-16872","rs431789","T","G",0.631964," || id:ukb-b-16872",TRUE,"reported","igd"
8.99995e-07,"5",-0.026291,140255792,48080,0.00535188,"ukb-b-16872","rs251377","A","C",0.479305," || id:ukb-b-16872",TRUE,"reported","igd"
1.2e-06,"8",-0.0382009,34094503,48080,0.00787767,"ukb-b-16872","rs13280222","T","C",0.133713," || id:ukb-b-16872",TRUE,"reported","igd"
3.2e-06,"9",0.0249023,11313596,48080,0.00534481,"ukb-b-16872","rs1577433","C","G",0.518," || id:ukb-b-16872",TRUE,"reported","igd"
2.5e-08,"10",-0.0380155,130486725,48080,0.00682122,"ukb-b-16872","rs3824758","C","A",0.206544," || id:ukb-b-16872",TRUE,"reported","igd"
4.90004e-06,"12",-0.0828216,14932884,48080,0.0181284,"ukb-b-16872","rs143062625","A","G",0.023966," || id:ukb-b-16872",TRUE,"reported","igd"
2.19999e-06,"12",-0.0258407,6848956,48080,0.00546317,"ukb-b-16872","rs10774444","A","G",0.593641," || id:ukb-b-16872",TRUE,"reported","igd"
5.49997e-07,"13",-0.0955814,27455361,48080,0.0190829,"ukb-b-16872","rs12864355","G","A",0.019988," || id:ukb-b-16872",TRUE,"reported","igd"
1.89998e-06,"14",-0.108979,100729710,48080,0.0228519,"ukb-b-16872","rs752559","T","A",0.013929," || id:ukb-b-16872",TRUE,"reported","igd"
5.30005e-07,"16",0.140036,3944115,48080,0.0279198,"ukb-b-16872","rs2526692","C","T",0.990274," || id:ukb-b-16872",TRUE,"reported","igd"
7.00003e-07,"18",-0.0286183,26046122,48080,0.00576894,"ukb-b-16872","rs9965288","A","T",0.675284," || id:ukb-b-16872",TRUE,"reported","igd"
1.6e-06,"18",0.0975046,36649859,48080,0.0202986,"ukb-b-16872","rs79940245","C","T",0.017772," || id:ukb-b-16872",TRUE,"reported","igd"
