"pos.exposure","se.exposure","samplesize.exposure","pval.exposure","beta.exposure","chr.exposure","id.exposure","SNP","effect_allele.exposure","other_allele.exposure","eaf.exposure","exposure","mr_keep.exposure","pval_origin.exposure","data_source.exposure"
56297981,0.00237404,461565,1.2e-07,-0.0125538,"1","ukb-b-7007","rs78655112","A","G",0.024361," || id:ukb-b-7007",TRUE,"reported","igd"
181557022,0.00174084,461565,4.49997e-06,0.00798237,"1","ukb-b-7007","rs35106981","G","A",0.050186," || id:ukb-b-7007",TRUE,"reported","igd"
174924678,0.000913319,461565,3.50002e-06,-0.00423654,"2","ukb-b-7007","rs79121913","T","C",0.203699," || id:ukb-b-7007",TRUE,"reported","igd"
32805286,0.000782732,461565,2.69998e-07,-0.00402452,"2","ukb-b-7007","rs2754525","G","T",0.673155," || id:ukb-b-7007",TRUE,"reported","igd"
131125613,0.00217619,461565,2.90001e-06,0.0101799,"3","ukb-b-7007","rs73220550","A","G",0.029891," || id:ukb-b-7007",TRUE,"reported","igd"
43226220,0.0009684,461565,1.2e-06,0.0047063,"3","ukb-b-7007","rs17075283","G","A",0.172417," || id:ukb-b-7007",TRUE,"reported","igd"
193537838,0.000740172,461565,3.2e-07,-0.00378432,"3","ukb-b-7007","rs1165641","A","C",0.429988," || id:ukb-b-7007",TRUE,"reported","igd"
96828109,0.00107397,461565,4.20001e-06,0.00494336,"4","ukb-b-7007","rs6532586","A","G",0.865971," || id:ukb-b-7007",TRUE,"reported","igd"
92346424,0.000736297,461565,2.69998e-06,0.00345686,"5","ukb-b-7007","rs345911","A","C",0.550147," || id:ukb-b-7007",TRUE,"reported","igd"
17977249,0.00106993,461565,1.09999e-06,-0.0052104,"6","ukb-b-7007","rs6942390","G","C",0.135722," || id:ukb-b-7007",TRUE,"reported","igd"
31344916,0.00181614,461565,4.49987e-19,0.0162076,"6","ukb-b-7007","rs116488202","T","C",0.042506," || id:ukb-b-7007",TRUE,"reported","igd"
32649126,0.00120449,461565,1.6e-07,0.00630959,"6","ukb-b-7007","rs9275097","G","A",0.103098," || id:ukb-b-7007",TRUE,"reported","igd"
107695848,0.000743809,461565,1.6e-06,-0.00356723,"9","ukb-b-7007","rs2472493","A","G",0.557891," || id:ukb-b-7007",TRUE,"reported","igd"
79157133,0.000797609,461565,2.80001e-06,0.00373798,"10","ukb-b-7007","rs10824539","C","A",0.309573," || id:ukb-b-7007",TRUE,"reported","igd"
54211300,0.00083088,461565,1.40001e-06,-0.0040126,"15","ukb-b-7007","rs8031935","T","C",0.266253," || id:ukb-b-7007",TRUE,"reported","igd"
1210265,0.00219842,461565,9.80009e-07,-0.0107642,"17","ukb-b-7007","rs113813976","T","G",0.028642," || id:ukb-b-7007",TRUE,"reported","igd"
