"chr.exposure","pval.exposure","se.exposure","beta.exposure","pos.exposure","samplesize.exposure","id.exposure","SNP","effect_allele.exposure","other_allele.exposure","eaf.exposure","exposure","mr_keep.exposure","pval_origin.exposure","data_source.exposure"
"1",3.2e-06,0.000355124,-0.00165403,239128572,462933,"ukb-b-3005","rs6656982","A","G",0.756066," || id:ukb-b-3005",TRUE,"reported","igd"
"4",2.1e-06,0.000306523,-0.00145427,95708987,462933,"ukb-b-3005","rs2036758","C","A",0.441368," || id:ukb-b-3005",TRUE,"reported","igd"
"4",2.80001e-06,0.000319182,0.00149567,129536175,462933,"ukb-b-3005","rs13109247","A","G",0.350565," || id:ukb-b-3005",TRUE,"reported","igd"
"5",4.20001e-06,0.000304139,-0.00139927,157474368,462933,"ukb-b-3005","rs1957564","T","C",0.53177," || id:ukb-b-3005",TRUE,"reported","igd"
"6",2.1e-06,0.000307136,0.00145822,31313972,462933,"ukb-b-3005","rs2854004","A","G",0.421365," || id:ukb-b-3005",TRUE,"reported","igd"
"8",2.1e-06,0.000424877,0.00201408,128486844,462933,"ukb-b-3005","rs72714537","C","T",0.156297," || id:ukb-b-3005",TRUE,"reported","igd"
"10",3.40001e-06,0.00030414,-0.00141272,94446635,462933,"ukb-b-3005","rs10786052","C","T",0.520082," || id:ukb-b-3005",TRUE,"reported","igd"
"12",1.29999e-06,0.000828065,0.00400544,26524413,462933,"ukb-b-3005","rs76666698","T","C",0.034726," || id:ukb-b-3005",TRUE,"reported","igd"
"12",8.09991e-07,0.000351421,0.00173358,5453777,462933,"ukb-b-3005","rs12825233","C","A",0.251553," || id:ukb-b-3005",TRUE,"reported","igd"
"13",3.09999e-06,0.000358936,-0.00167514,49981121,462933,"ukb-b-3005","rs9535232","C","G",0.237367," || id:ukb-b-3005",TRUE,"reported","igd"
"20",2.49977e-11,0.000315017,-0.00210261,33894463,462933,"ukb-b-3005","rs878639","G","A",0.371176," || id:ukb-b-3005",TRUE,"reported","igd"
"20",4.79999e-06,0.000352952,0.00161489,6066724,462933,"ukb-b-3005","rs6085392","A","G",0.247106," || id:ukb-b-3005",TRUE,"reported","igd"
