"beta.exposure","chr.exposure","pval.exposure","samplesize.exposure","se.exposure","pos.exposure","id.exposure","SNP","effect_allele.exposure","other_allele.exposure","eaf.exposure","exposure","mr_keep.exposure","pval_origin.exposure","data_source.exposure"
0.00122189,"1",4.5525e-06,361194,0.000266528,222965036,"ukb-d-R59","rs17163498","G","C",0.0591663," || id:ukb-d-R59",TRUE,"reported","igd"
0.00271904,"1",3.09763e-06,361194,0.000582946,242544538,"ukb-d-R59","rs149348393","G","A",0.0126852," || id:ukb-d-R59",TRUE,"reported","igd"
0.0030536,"3",3.04642e-08,361194,0.000551304,195337180,"ukb-d-R59","rs111975419","G","A",0.0131913," || id:ukb-d-R59",TRUE,"reported","igd"
0.00246833,"4",4.09581e-06,361194,0.000535833,78154515,"ukb-d-R59","rs115788120","A","G",0.0144338," || id:ukb-d-R59",TRUE,"reported","igd"
-0.000730132,"6",2.37181e-06,361194,0.000154724,106911986,"ukb-d-R59","rs964134","T","A",0.790204," || id:ukb-d-R59",TRUE,"reported","igd"
0.00150814,"7",1.7378e-07,361194,0.000288612,157232193,"ukb-d-R59","rs73509363","T","G",0.049843," || id:ukb-d-R59",TRUE,"reported","igd"
0.000616703,"7",4.35131e-06,361194,0.000134243,32218044,"ukb-d-R59","rs6972452","G","T",0.670321," || id:ukb-d-R59",TRUE,"reported","igd"
0.00221994,"10",2.31281e-06,361194,0.000469923,8702460,"ukb-d-R59","rs117582747","C","T",0.0190121," || id:ukb-d-R59",TRUE,"reported","igd"
0.00237228,"10",1.84451e-06,361194,0.000497352,123923659,"ukb-d-R59","rs142734080","T","G",0.0173872," || id:ukb-d-R59",TRUE,"reported","igd"
0.00158043,"14",6.87812e-07,361194,0.000318322,101936825,"ukb-d-R59","rs113265326","T","C",0.0451391," || id:ukb-d-R59",TRUE,"reported","igd"
-0.00060847,"15",3.36767e-06,361194,0.000130936,101796466,"ukb-d-R59","rs12900538","A","G",0.640832," || id:ukb-d-R59",TRUE,"reported","igd"
0.00165867,"16",5.57327e-08,361194,0.000305346,85643029,"ukb-d-R59","rs76385022","T","G",0.0512018," || id:ukb-d-R59",TRUE,"reported","igd"
0.000626459,"16",9.03441e-07,361194,0.000127545,11004328,"ukb-d-R59","rs4780335","C","G",0.552936," || id:ukb-d-R59",TRUE,"reported","igd"
0.00059875,"19",4.53127e-06,361194,0.000130576,4325115,"ukb-d-R59","rs2002349","A","G",0.361488," || id:ukb-d-R59",TRUE,"reported","igd"
0.000638653,"21",2.50086e-06,361194,0.000135649,33467805,"ukb-d-R59","rs2833651","C","A",0.321096," || id:ukb-d-R59",TRUE,"reported","igd"
