"pval.exposure","se.exposure","pos.exposure","samplesize.exposure","beta.exposure","chr.exposure","id.exposure","SNP","effect_allele.exposure","other_allele.exposure","eaf.exposure","exposure","mr_keep.exposure","pval_origin.exposure","data_source.exposure"
4.6579e-06,0.0123323,240686248,117862,0.0564802,"1","ukb-d-20530","rs138286542","T","C",0.00390019," || id:ukb-d-20530",TRUE,"reported","igd"
1.14078e-06,0.00415888,43530992,117862,-0.0202368,"1","ukb-d-20530","rs16830254","A","G",0.0290579," || id:ukb-d-20530",TRUE,"reported","igd"
4.48601e-06,0.00140828,214898529,117862,0.00646076,"2","ukb-d-20530","rs72935939","T","C",0.434944," || id:ukb-d-20530",TRUE,"reported","igd"
1.30716e-06,0.00570555,117556061,117862,0.0276087,"3","ukb-d-20530","rs144327881","T","C",0.0163156," || id:ukb-d-20530",TRUE,"reported","igd"
2.46485e-06,0.00269407,65342052,117862,0.0126924,"5","ukb-d-20530","rs74502439","G","T",0.075928," || id:ukb-d-20530",TRUE,"reported","igd"
3.65393e-10,0.00205321,134802630,117862,0.0128709,"5","ukb-d-20530","rs251568","C","A",0.132548," || id:ukb-d-20530",TRUE,"reported","igd"
2.06571e-07,0.00173517,81540437,117862,0.00901182,"6","ukb-d-20530","rs62423489","A","C",0.20417," || id:ukb-d-20530",TRUE,"reported","igd"
1.40825e-06,0.00241946,13826509,117862,-0.0116717,"7","ukb-d-20530","rs12699550","A","G",0.0967866," || id:ukb-d-20530",TRUE,"reported","igd"
1.08873e-06,0.00197534,83761062,117862,0.00963006,"13","ukb-d-20530","rs9546318","A","G",0.150204," || id:ukb-d-20530",TRUE,"reported","igd"
2.40027e-06,0.00224149,90046899,117862,-0.0105723,"14","ukb-d-20530","rs44812","A","G",0.891087," || id:ukb-d-20530",TRUE,"reported","igd"
3.9014e-06,0.00258162,77969116,117862,-0.0119188,"16","ukb-d-20530","rs17637402","C","T",0.0787786," || id:ukb-d-20530",TRUE,"reported","igd"
6.94097e-07,0.00141305,30729488,117862,0.00701335,"20","ukb-d-20530","rs6089193","C","T",0.422064," || id:ukb-d-20530",TRUE,"reported","igd"
4.43149e-06,0.00144945,25309448,117862,0.00665337,"22","ukb-d-20530","rs139766","A","G",0.358767," || id:ukb-d-20530",TRUE,"reported","igd"
