"pval.exposure","se.exposure","pos.exposure","beta.exposure","samplesize.exposure","chr.exposure","id.exposure","SNP","effect_allele.exposure","other_allele.exposure","eaf.exposure","exposure","mr_keep.exposure","pval_origin.exposure","data_source.exposure"
3.38112e-06,0.000791001,203189093,0.00367521,337199,"1","ukb-a-554","rs76499133","T","C",0.0464325," || id:ukb-a-554",TRUE,"reported","igd"
1.88699e-06,0.00098167,143265855,0.0046779,337199,"5","ukb-a-554","rs7725270","A","G",0.0298815," || id:ukb-a-554",TRUE,"reported","igd"
3.9121e-06,0.00140146,25933204,-0.00646925,337199,"5","ukb-a-554","rs140293981","A","G",0.015264," || id:ukb-a-554",TRUE,"reported","igd"
8.07198e-07,0.00069127,141406070,0.00341053,337199,"6","ukb-a-554","rs112686341","C","T",0.0647392," || id:ukb-a-554",TRUE,"reported","igd"
3.83248e-07,0.00489827,93315999,0.0248695,337199,"6","ukb-a-554","rs56687272","C","G",0.00117883," || id:ukb-a-554",TRUE,"reported","igd"
2.62706e-06,0.000373404,78504796,0.00175428,337199,"8","ukb-a-554","rs452375","A","G",0.276796," || id:ukb-a-554",TRUE,"reported","igd"
2.28034e-06,0.0017094,4562404,-0.00808023,337199,"10","ukb-a-554","rs116088882","T","G",0.00981913," || id:ukb-a-554",TRUE,"reported","igd"
9.54355e-09,0.00145519,118632963,0.00835103,337199,"10","ukb-a-554","rs117371715","C","T",0.0132815," || id:ukb-a-554",TRUE,"reported","igd"
3.56025e-06,0.000338741,112923466,0.00157027,337199,"11","ukb-a-554","rs7102704","T","A",0.414868," || id:ukb-a-554",TRUE,"reported","igd"
2.68862e-06,0.000427169,72317829,-0.00200486,337199,"12","ukb-a-554","rs4457797","C","T",0.188519," || id:ukb-a-554",TRUE,"reported","igd"
2.04094e-06,0.000414981,25711096,-0.00197092,337199,"13","ukb-a-554","rs875911","A","C",0.797087," || id:ukb-a-554",TRUE,"reported","igd"
3.42105e-06,0.000341349,101095827,-0.00158517,337199,"13","ukb-a-554","rs1407761","G","A",0.585364," || id:ukb-a-554",TRUE,"reported","igd"
5.63625e-07,0.000699199,58178227,0.00349836,337199,"20","ukb-a-554","rs6026992","G","C",0.0606719," || id:ukb-a-554",TRUE,"reported","igd"
