"se.exposure","beta.exposure","samplesize.exposure","chr.exposure","pos.exposure","pval.exposure","id.exposure","SNP","effect_allele.exposure","other_allele.exposure","eaf.exposure","exposure","mr_keep.exposure","pval_origin.exposure","data_source.exposure"
0.000159777,-0.000782042,361194,"1",58248372,9.85576e-07,"ukb-d-T85","rs72664663","C","T",0.39102," || id:ukb-d-T85",TRUE,"reported","igd"
0.000467934,0.00217886,361194,"1",190202367,3.21996e-06,"ukb-d-T85","rs114149950","T","C",0.0288306," || id:ukb-d-T85",TRUE,"reported","igd"
0.000591353,0.00272576,361194,"3",1937159,4.04027e-06,"ukb-d-T85","rs114999578","A","G",0.0174243," || id:ukb-d-T85",TRUE,"reported","igd"
0.000606841,0.00279424,361194,"4",15749000,4.13447e-06,"ukb-d-T85","rs111791674","T","C",0.0165839," || id:ukb-d-T85",TRUE,"reported","igd"
0.000538722,0.00262719,361194,"4",9536082,1.07917e-06,"ukb-d-T85","rs144217847","A","G",0.0251564," || id:ukb-d-T85",TRUE,"reported","igd"
0.000576868,0.00277191,361194,"7",12126488,1.54736e-06,"ukb-d-T85","rs144900329","G","A",0.0187217," || id:ukb-d-T85",TRUE,"reported","igd"
0.000434386,0.0020587,361194,"8",3949267,2.14516e-06,"ukb-d-T85","rs79563094","C","T",0.0326916," || id:ukb-d-T85",TRUE,"reported","igd"
0.000218933,0.00103151,361194,"9",22931804,2.4598e-06,"ukb-d-T85","rs721702","C","T",0.849613," || id:ukb-d-T85",TRUE,"reported","igd"
0.000164592,-0.000808452,361194,"11",84135406,9.0261e-07,"ukb-d-T85","rs486052","G","T",0.347224," || id:ukb-d-T85",TRUE,"reported","igd"
0.000872284,0.0043157,361194,"11",125793975,7.51744e-07,"ukb-d-T85","rs192546111","T","C",0.00944455," || id:ukb-d-T85",TRUE,"reported","igd"
0.00035176,0.00161279,361194,"11",72079538,4.54318e-06,"ukb-d-T85","rs12290276","G","C",0.0510543," || id:ukb-d-T85",TRUE,"reported","igd"
0.000602417,0.0034724,361194,"16",62124555,8.21524e-09,"ukb-d-T85","rs115478953","T","A",0.0188654," || id:ukb-d-T85",TRUE,"reported","igd"
0.000683866,0.00369188,361194,"16",7050838,6.72233e-08,"ukb-d-T85","rs142363716","A","T",0.0133564," || id:ukb-d-T85",TRUE,"reported","igd"
0.000901014,0.00435496,361194,"19",41430601,1.34273e-06,"ukb-d-T85","rs112298484","G","A",0.0092076," || id:ukb-d-T85",TRUE,"reported","igd"
