"se.exposure","beta.exposure","chr.exposure","pval.exposure","pos.exposure","samplesize.exposure","id.exposure","SNP","effect_allele.exposure","other_allele.exposure","eaf.exposure","exposure","mr_keep.exposure","pval_origin.exposure","data_source.exposure"
0.00185817,-0.00942645,"1",3.92916e-07,81566178,54601,"ukb-d-6072_6","rs485493","G","A",0.58492," || id:ukb-d-6072_6",TRUE,"reported","igd"
0.00272979,0.0129831,"2",1.97902e-06,224993156,54601,"ukb-d-6072_6","rs4102100","A","G",0.871195," || id:ukb-d-6072_6",TRUE,"reported","igd"
0.0104695,0.0480072,"2",4.54067e-06,146744133,54601,"ukb-d-6072_6","rs144430684","A","G",0.00793313," || id:ukb-d-6072_6",TRUE,"reported","igd"
0.00430066,0.0212419,"2",7.86683e-07,215539170,54601,"ukb-d-6072_6","rs6727011","T","G",0.0474013," || id:ukb-d-6072_6",TRUE,"reported","igd"
0.00215068,0.0118672,"3",3.44691e-08,24787223,54601,"ukb-d-6072_6","rs73035600","C","T",0.236298," || id:ukb-d-6072_6",TRUE,"reported","igd"
0.00876002,0.0416399,"4",2.00535e-06,174504391,54601,"ukb-d-6072_6","rs377514885","A","G",0.0120021," || id:ukb-d-6072_6",TRUE,"reported","igd"
0.0036054,-0.0177711,"8",8.288e-07,17354463,54601,"ukb-d-6072_6","rs2517153","C","T",0.929955," || id:ukb-d-6072_6",TRUE,"reported","igd"
0.00712031,0.0329182,"13",3.78852e-06,26944000,54601,"ukb-d-6072_6","rs118069118","T","C",0.0178025," || id:ukb-d-6072_6",TRUE,"reported","igd"
0.00185989,0.00867073,"14",3.13964e-06,96062955,54601,"ukb-d-6072_6","rs8005795","A","G",0.42596," || id:ukb-d-6072_6",TRUE,"reported","igd"
0.00249668,-0.0114962,"16",4.14238e-06,2084722,54601,"ukb-d-6072_6","rs377328961","A","C",0.185805," || id:ukb-d-6072_6",TRUE,"reported","igd"
0.00267997,-0.0131696,"16",8.94582e-07,13292985,54601,"ukb-d-6072_6","rs75033753","T","A",0.136816," || id:ukb-d-6072_6",TRUE,"reported","igd"
0.00704271,0.0376389,"17",9.10857e-08,26722359,54601,"ukb-d-6072_6","rs117397871","C","G",0.016996," || id:ukb-d-6072_6",TRUE,"reported","igd"
0.00190361,-0.00902853,"22",2.11266e-06,49680263,54601,"ukb-d-6072_6","rs9616549","G","A",0.356321," || id:ukb-d-6072_6",TRUE,"reported","igd"
