"se.exposure","pval.exposure","beta.exposure","pos.exposure","samplesize.exposure","chr.exposure","id.exposure","SNP","effect_allele.exposure","other_allele.exposure","eaf.exposure","exposure","mr_keep.exposure","pval_origin.exposure","data_source.exposure"
0.000603742,4.53451e-08,-0.00330189,100798137,108817,"1","ukb-a-425","rs7534479","A","G",0.372364," || id:ukb-a-425",TRUE,"reported","igd"
0.00211768,3.3056e-06,0.00984955,220763901,108817,"1","ukb-a-425","rs2184936","T","C",0.0193372," || id:ukb-a-425",TRUE,"reported","igd"
0.00156552,3.9564e-06,0.00722313,33262127,108817,"2","ukb-a-425","rs75263017","T","C",0.0364755," || id:ukb-a-425",TRUE,"reported","igd"
0.000574718,7.43772e-07,0.00284477,120833583,108817,"2","ukb-a-425","rs4849816","T","G",0.494405," || id:ukb-a-425",TRUE,"reported","igd"
0.00132259,3.00933e-06,0.00617705,16171398,108817,"2","ukb-a-425","rs13018520","G","A",0.0496042," || id:ukb-a-425",TRUE,"reported","igd"
0.00101016,3.10463e-06,0.00471142,63661117,108817,"3","ukb-a-425","rs73113205","T","G",0.0896933," || id:ukb-a-425",TRUE,"reported","igd"
0.000974441,4.46046e-06,-0.00447163,108983704,108817,"4","ukb-a-425","rs6847336","A","C",0.902859," || id:ukb-a-425",TRUE,"reported","igd"
0.00307147,1.10701e-06,0.0149638,95378879,108817,"7","ukb-a-425","rs116946737","G","A",0.0091059," || id:ukb-a-425",TRUE,"reported","igd"
0.00293707,1.23231e-06,0.0142467,5814743,108817,"8","ukb-a-425","rs74461032","A","T",0.00975982," || id:ukb-a-425",TRUE,"reported","igd"
0.000906234,7.00019e-07,-0.00449642,75001952,108817,"9","ukb-a-425","rs139517009","A","T",0.114441," || id:ukb-a-425",TRUE,"reported","igd"
0.00114053,2.44326e-06,0.00537541,25371079,108817,"9","ukb-a-425","rs113455699","T","A",0.0703546," || id:ukb-a-425",TRUE,"reported","igd"
0.000606222,3.56878e-07,-0.00308624,8411848,108817,"9","ukb-a-425","rs7856797","C","T",0.342553," || id:ukb-a-425",TRUE,"reported","igd"
0.000618479,6.50474e-07,0.00307748,63590396,108817,"10","ukb-a-425","rs2675645","C","T",0.680737," || id:ukb-a-425",TRUE,"reported","igd"
0.001121,1.43288e-06,-0.00540392,6826291,108817,"12","ukb-a-425","rs117445213","T","C",0.0828561," || id:ukb-a-425",TRUE,"reported","igd"
0.00090822,1.08555e-06,-0.00442824,101691107,108817,"15","ukb-a-425","rs2045159","C","T",0.868368," || id:ukb-a-425",TRUE,"reported","igd"
0.000710199,1.55998e-06,-0.00341155,1066917,108817,"19","ukb-a-425","rs905149","A","G",0.782702," || id:ukb-a-425",TRUE,"reported","igd"
