"se.exposure","pos.exposure","beta.exposure","samplesize.exposure","chr.exposure","pval.exposure","id.exposure","SNP","effect_allele.exposure","other_allele.exposure","eaf.exposure","exposure","mr_keep.exposure","pval_origin.exposure","data_source.exposure"
0.0027613,22136992,-0.014241,155045,"3",2.5079e-07,"ukb-a-305","rs4624584","G","T",0.110797," || id:ukb-a-305",TRUE,"reported","igd"
0.0038185,165227877,0.0175251,155045,"3",4.44601e-06,"ukb-a-305","rs74388249","T","C",0.0542588," || id:ukb-a-305",TRUE,"reported","igd"
0.00177766,81807074,0.00842808,155045,"5",2.1274e-06,"ukb-a-305","rs6872917","C","T",0.622758," || id:ukb-a-305",TRUE,"reported","igd"
0.00216076,115069242,0.0101083,155045,"6",2.89788e-06,"ukb-a-305","rs6903598","C","T",0.198006," || id:ukb-a-305",TRUE,"reported","igd"
0.00527,74722344,-0.025037,155045,"6",2.0274e-06,"ukb-a-305","rs62438977","T","G",0.0290896," || id:ukb-a-305",TRUE,"reported","igd"
0.00202844,131550503,0.00963841,155045,"7",2.01967e-06,"ukb-a-305","rs62468101","C","T",0.239096," || id:ukb-a-305",TRUE,"reported","igd"
0.00684626,1633423,-0.032961,155045,"8",1.47747e-06,"ukb-a-305","rs73672929","C","G",0.0161047," || id:ukb-a-305",TRUE,"reported","igd"
0.00276185,15525227,-0.0156657,155045,"8",1.41244e-08,"ukb-a-305","rs73195194","G","A",0.10885," || id:ukb-a-305",TRUE,"reported","igd"
0.00703114,2570329,0.034352,155045,"10",1.03162e-06,"ukb-a-305","rs111374333","T","C",0.0153129," || id:ukb-a-305",TRUE,"reported","igd"
0.00506923,20035823,0.02315,155045,"11",4.9569e-06,"ukb-a-305","rs76942399","G","A",0.0299363," || id:ukb-a-305",TRUE,"reported","igd"
0.00184247,33345361,0.0085857,155045,"12",3.16636e-06,"ukb-a-305","rs1982549","C","T",0.321304," || id:ukb-a-305",TRUE,"reported","igd"
0.00192815,58498926,0.00895738,155045,"12",3.39399e-06,"ukb-a-305","rs10877071","T","C",0.276361," || id:ukb-a-305",TRUE,"reported","igd"
0.0023021,59945276,-0.0105349,155045,"12",4.73805e-06,"ukb-a-305","rs276043","G","A",0.179046," || id:ukb-a-305",TRUE,"reported","igd"
0.0018244,92893923,0.00961652,155045,"13",1.35822e-07,"ukb-a-305","rs1556344","A","T",0.336996," || id:ukb-a-305",TRUE,"reported","igd"
0.0100552,49975471,-0.0465316,155045,"14",3.70169e-06,"ukb-a-305","rs147439748","T","C",0.00808128," || id:ukb-a-305",TRUE,"reported","igd"
0.00317436,78412194,0.0151703,155045,"14",1.76315e-06,"ukb-a-305","rs4020132","C","T",0.919893," || id:ukb-a-305",TRUE,"reported","igd"
