"beta.exposure","pval.exposure","samplesize.exposure","pos.exposure","chr.exposure","se.exposure","id.exposure","SNP","effect_allele.exposure","other_allele.exposure","eaf.exposure","exposure","mr_keep.exposure","pval_origin.exposure","data_source.exposure"
0.00266374,1.6e-06,463010,36532316,"1",0.000554751,"ukb-b-13743","rs491603","C","T",0.833832," || id:ukb-b-13743",TRUE,"reported","igd"
0.00245448,1.79999e-06,463010,204553757,"2",0.00051443,"ukb-b-13743","rs3116482","A","T",0.204978," || id:ukb-b-13743",TRUE,"reported","igd"
-0.00707098,2.99999e-06,463010,239928972,"2",0.00151382,"ukb-b-13743","rs76545983","T","C",0.018997," || id:ukb-b-13743",TRUE,"reported","igd"
-0.00228405,1.89998e-06,463010,53556658,"3",0.000479861,"ukb-b-13743","rs3774424","T","G",0.25846," || id:ukb-b-13743",TRUE,"reported","igd"
0.00479881,4.90004e-06,463010,26452154,"4",0.00105075,"ukb-b-13743","rs28651022","A","G",0.04071," || id:ukb-b-13743",TRUE,"reported","igd"
0.00568181,1.09999e-06,463010,82474400,"9",0.00116764,"ukb-b-13743","rs76717768","G","T",0.03293," || id:ukb-b-13743",TRUE,"reported","igd"
0.00193459,2.90001e-06,463010,36724049,"9",0.000413604,"ukb-b-13743","rs10814432","C","T",0.488623," || id:ukb-b-13743",TRUE,"reported","igd"
0.00473133,1.40001e-06,463010,119525904,"12",0.000981588,"ukb-b-13743","rs4766925","G","A",0.047856," || id:ukb-b-13743",TRUE,"reported","igd"
0.00551562,3.69999e-08,463010,47413627,"14",0.00100226,"ukb-b-13743","rs76429748","A","G",0.045557," || id:ukb-b-13743",TRUE,"reported","igd"
0.00530944,2.39999e-06,463010,82547873,"14",0.00112561,"ukb-b-13743","rs59687546","A","G",0.035684," || id:ukb-b-13743",TRUE,"reported","igd"
0.00232677,1.5e-06,463010,54593301,"16",0.000483389,"ukb-b-13743","rs16953672","C","T",0.242361," || id:ukb-b-13743",TRUE,"reported","igd"
0.00203582,1.40001e-06,463010,17762174,"19",0.000422021,"ukb-b-13743","rs11671424","C","A",0.588045," || id:ukb-b-13743",TRUE,"reported","igd"
