"beta.exposure","se.exposure","chr.exposure","pos.exposure","pval.exposure","samplesize.exposure","id.exposure","SNP","effect_allele.exposure","other_allele.exposure","eaf.exposure","exposure","mr_keep.exposure","pval_origin.exposure","data_source.exposure"
-0.00269174,0.000573689,"1",231946461,2.69998e-06,463010,"ukb-b-11484","rs79219493","A","G",0.058571," || id:ukb-b-11484",TRUE,"reported","igd"
-0.00160507,0.000346169,"1",92675386,3.50002e-06,463010,"ukb-b-11484","rs3131817","A","G",0.182764," || id:ukb-b-11484",TRUE,"reported","igd"
0.00299673,0.000558538,"2",54010876,8.09991e-08,463010,"ukb-b-11484","rs80051433","A","C",0.061222," || id:ukb-b-11484",TRUE,"reported","igd"
-0.0013457,0.000269073,"4",167875284,5.69994e-07,463010,"ukb-b-11484","rs11727904","C","G",0.432313," || id:ukb-b-11484",TRUE,"reported","igd"
0.00168074,0.000359262,"5",158162545,2.90001e-06,463010,"ukb-b-11484","rs7714346","C","T",0.164626," || id:ukb-b-11484",TRUE,"reported","igd"
0.00135676,0.00028593,"6",32431927,2.1e-06,463010,"ukb-b-11484","rs9268893","T","C",0.507413," || id:ukb-b-11484",TRUE,"reported","igd"
0.00185048,0.00040432,"6",4397942,4.70002e-06,463010,"ukb-b-11484","rs9378866","T","C",0.123338," || id:ukb-b-11484",TRUE,"reported","igd"
0.00166333,0.000316518,"6",396321,1.5e-07,463010,"ukb-b-11484","rs12203592","T","C",0.219631," || id:ukb-b-11484",TRUE,"reported","igd"
-0.00246329,0.000520221,"9",103462842,2.19999e-06,463010,"ukb-b-11484","rs35534200","T","C",0.071175," || id:ukb-b-11484",TRUE,"reported","igd"
-0.00249806,0.000531777,"9",120609716,2.59998e-06,463010,"ukb-b-11484","rs526671","G","A",0.066994," || id:ukb-b-11484",TRUE,"reported","igd"
0.00175947,0.000311278,"16",52599188,1.6e-08,463010,"ukb-b-11484","rs4784227","T","C",0.240212," || id:ukb-b-11484",TRUE,"reported","igd"
0.0016297,0.000344072,"16",12955085,2.19999e-06,463010,"ukb-b-11484","rs11639543","A","G",0.184049," || id:ukb-b-11484",TRUE,"reported","igd"
-0.00279189,0.000585683,"20",11732234,1.89998e-06,463010,"ukb-b-11484","rs114560837","A","G",0.054554," || id:ukb-b-11484",TRUE,"reported","igd"
