"chr.exposure","samplesize.exposure","pval.exposure","pos.exposure","beta.exposure","se.exposure","id.exposure","SNP","effect_allele.exposure","other_allele.exposure","eaf.exposure","exposure","mr_keep.exposure","pval_origin.exposure","data_source.exposure"
"1",91149,1.45838e-08,161261870,0.00987959,0.00174339,"ukb-d-22617_3113","rs12025700","T","C",0.0208557," || id:ukb-d-22617_3113",TRUE,"reported","igd"
"2",91149,1.42348e-06,234087906,0.00649369,0.00134668,"ukb-d-22617_3113","rs76190789","T","C",0.0352999," || id:ukb-d-22617_3113",TRUE,"reported","igd"
"6",91149,1.4647e-06,80195677,0.00574466,0.00119275,"ukb-d-22617_3113","rs1057174","G","T",0.0465789," || id:ukb-d-22617_3113",TRUE,"reported","igd"
"6",91149,7.70158e-08,38209815,0.00854811,0.00159052,"ukb-d-22617_3113","rs10484933","C","T",0.0248414," || id:ukb-d-22617_3113",TRUE,"reported","igd"
"7",91149,1.37749e-06,12904135,0.00804316,0.00166575,"ukb-d-22617_3113","rs34607295","A","G",0.0233964," || id:ukb-d-22617_3113",TRUE,"reported","igd"
"10",91149,3.79769e-07,130842249,0.00291946,0.000574788,"ukb-d-22617_3113","rs10829556","G","A",0.26456," || id:ukb-d-22617_3113",TRUE,"reported","igd"
"14",91149,5.54651e-07,77006737,0.00458173,0.000915115,"ukb-d-22617_3113","rs56320808","G","C",0.0841993," || id:ukb-d-22617_3113",TRUE,"reported","igd"
"17",91149,3.73551e-06,73772590,0.00603177,0.00130392,"ukb-d-22617_3113","rs3687","C","T",0.0391845," || id:ukb-d-22617_3113",TRUE,"reported","igd"
"18",91149,2.63045e-07,65754802,0.00787127,0.00152883,"ukb-d-22617_3113","rs117996190","A","G",0.0273529," || id:ukb-d-22617_3113",TRUE,"reported","igd"
"19",91149,3.18838e-07,11998179,0.00994969,0.00194621,"ukb-d-22617_3113","rs10408418","G","A",0.016614," || id:ukb-d-22617_3113",TRUE,"reported","igd"
