"beta.exposure","pval.exposure","se.exposure","samplesize.exposure","chr.exposure","pos.exposure","id.exposure","SNP","effect_allele.exposure","other_allele.exposure","eaf.exposure","exposure","mr_keep.exposure","pval_origin.exposure","data_source.exposure"
0.000685872,6.59994e-07,0.000137956,463010,"2",183875464,"ukb-b-5550","rs10803963","A","C",0.53705," || id:ukb-b-5550",TRUE,"reported","igd"
0.000815058,3.89996e-06,0.000176635,463010,"2",137812019,"ukb-b-5550","rs9287459","A","G",0.18491," || id:ukb-b-5550",TRUE,"reported","igd"
-0.000817849,1.09999e-07,0.000153865,463010,"3",177954991,"ukb-b-5550","rs10755132","C","G",0.723659," || id:ukb-b-5550",TRUE,"reported","igd"
0.00081379,4.20001e-06,0.00017695,463010,"6",31330195,"ukb-b-5550","rs9266314","C","T",0.182375," || id:ukb-b-5550",TRUE,"reported","igd"
-0.000676697,3.79997e-06,0.000146408,463010,"6",5154847,"ukb-b-5550","rs2746236","A","G",0.389807," || id:ukb-b-5550",TRUE,"reported","igd"
0.000655963,2.19999e-06,0.000138642,463010,"6",156969532,"ukb-b-5550","rs1246183","G","A",0.508477," || id:ukb-b-5550",TRUE,"reported","igd"
-0.000661827,1.7e-06,0.000138352,463010,"6",132902908,"ukb-b-5550","rs11154686","C","A",0.562709," || id:ukb-b-5550",TRUE,"reported","igd"
0.000791004,1.89998e-06,0.000165931,463010,"8",99184897,"ukb-b-5550","rs16896735","A","G",0.227128," || id:ukb-b-5550",TRUE,"reported","igd"
0.000652676,1.79999e-06,0.000136734,463010,"9",71801694,"ukb-b-5550","rs2993819","T","C",0.499115," || id:ukb-b-5550",TRUE,"reported","igd"
-0.000773504,4.70002e-06,0.000168902,463010,"11",95776274,"ukb-b-5550","rs7951485","G","A",0.210524," || id:ukb-b-5550",TRUE,"reported","igd"
0.000953563,8.70001e-08,0.000178185,463010,"11",134122296,"ukb-b-5550","rs12278812","C","A",0.184029," || id:ukb-b-5550",TRUE,"reported","igd"
-0.000860471,3.59998e-08,0.000156229,463010,"15",83299461,"ukb-b-5550","rs8033106","T","C",0.739443," || id:ukb-b-5550",TRUE,"reported","igd"
0.000743258,4.09996e-06,0.000161343,463010,"20",49813237,"ukb-b-5550","rs35799600","G","A",0.239234," || id:ukb-b-5550",TRUE,"reported","igd"
