"chr.exposure","se.exposure","pval.exposure","samplesize.exposure","beta.exposure","pos.exposure","id.exposure","SNP","effect_allele.exposure","other_allele.exposure","eaf.exposure","exposure","mr_keep.exposure","pval_origin.exposure","data_source.exposure"
"2",0.00512602,9.69996e-07,114431,-0.0251067,215634232,"ukb-b-7138","rs6733785","G","A",0.803342," || id:ukb-b-7138",TRUE,"reported","igd"
"3",0.00572752,1.5e-06,114431,0.0275675,33790126,"ukb-b-7138","rs4528890","A","G",0.148518," || id:ukb-b-7138",TRUE,"reported","igd"
"4",0.0061754,1.7e-06,114431,-0.0295241,16634978,"ukb-b-7138","rs4698499","T","G",0.871806," || id:ukb-b-7138",TRUE,"reported","igd"
"7",0.00435725,2.99999e-06,114431,-0.0203668,127268806,"ukb-b-7138","rs806188","C","T",0.678177," || id:ukb-b-7138",TRUE,"reported","igd"
"9",0.0041248,2.1e-06,114431,0.0195834,138427861,"ukb-b-7138","rs210078","A","G",0.533179," || id:ukb-b-7138",TRUE,"reported","igd"
"9",0.00408858,5.89997e-07,114431,0.0204191,92205987,"ukb-b-7138","rs1888072","C","T",0.505399," || id:ukb-b-7138",TRUE,"reported","igd"
"9",0.00410648,1.09999e-07,114431,0.0218359,136478442,"ukb-b-7138","rs1029372","A","G",0.544944," || id:ukb-b-7138",TRUE,"reported","igd"
"9",0.00894181,6.1e-08,114431,0.0484221,127145687,"ukb-b-7138","rs77214542","C","T",0.056797," || id:ukb-b-7138",TRUE,"reported","igd"
"11",0.00444703,3.2e-06,114431,0.0207019,112530868,"ukb-b-7138","rs2513316","C","T",0.2993," || id:ukb-b-7138",TRUE,"reported","igd"
"12",0.0220678,4.09996e-06,114431,0.101661,132392147,"ukb-b-7138","rs149474729","T","C",0.009886," || id:ukb-b-7138",TRUE,"reported","igd"
"13",0.00907273,2.80001e-06,114431,-0.0425129,112102805,"ukb-b-7138","rs72657746","C","A",0.052735," || id:ukb-b-7138",TRUE,"reported","igd"
"14",0.0135949,4.30002e-06,114431,-0.0625147,24942556,"ukb-b-7138","rs112410718","A","C",0.023083," || id:ukb-b-7138",TRUE,"reported","igd"
"18",0.00590464,2.5e-06,114431,0.027808,3383220,"ukb-b-7138","rs12604814","A","G",0.142086," || id:ukb-b-7138",TRUE,"reported","igd"
"19",0.00412094,3.19963e-11,114431,-0.0273599,41353107,"ukb-b-7138","rs56113850","C","T",0.581171," || id:ukb-b-7138",TRUE,"reported","igd"
"21",0.00513562,2.19999e-06,114431,0.0243136,21797408,"ukb-b-7138","rs7277454","C","G",0.200566," || id:ukb-b-7138",TRUE,"reported","igd"
