"samplesize.exposure","chr.exposure","beta.exposure","se.exposure","pval.exposure","pos.exposure","id.exposure","SNP","effect_allele.exposure","other_allele.exposure","eaf.exposure","exposure","mr_keep.exposure","pval_origin.exposure","data_source.exposure"
337199,"2",0.00537173,0.00116695,4.16121e-06,19023841,"ukb-a-575","rs140283509","G","T",0.008882," || id:ukb-a-575",TRUE,"reported","igd"
337199,"4",0.00261326,0.000551604,2.16386e-06,22800070,"ukb-a-575","rs77551654","G","A",0.0411463," || id:ukb-a-575",TRUE,"reported","igd"
337199,"4",0.00644964,0.00126516,3.43645e-07,7257193,"ukb-a-575","rs141585287","A","G",0.00853057," || id:ukb-a-575",TRUE,"reported","igd"
337199,"4",0.00409844,0.000839707,1.05709e-06,163628595,"ukb-a-575","rs191390453","T","A",0.0196279," || id:ukb-a-575",TRUE,"reported","igd"
337199,"4",0.00506017,0.00104547,1.29831e-06,57340853,"ukb-a-575","rs114974085","A","G",0.0111003," || id:ukb-a-575",TRUE,"reported","igd"
337199,"6",0.00338259,0.000739092,4.72563e-06,109221042,"ukb-a-575","rs9486974","T","A",0.0230873," || id:ukb-a-575",TRUE,"reported","igd"
337199,"9",0.00263879,0.000572021,3.96844e-06,125865636,"ukb-a-575","rs12376606","T","C",0.0401128," || id:ukb-a-575",TRUE,"reported","igd"
337199,"9",0.00101634,0.000220993,4.24776e-06,128784665,"ukb-a-575","rs10081624","G","A",0.550568," || id:ukb-a-575",TRUE,"reported","igd"
337199,"10",-0.0010278,0.000224066,4.49738e-06,120255616,"ukb-a-575","rs7079463","G","A",0.598876," || id:ukb-a-575",TRUE,"reported","igd"
337199,"10",0.00377293,0.000635579,2.91978e-09,22581581,"ukb-a-575","rs116940348","A","G",0.0304909," || id:ukb-a-575",TRUE,"reported","igd"
337199,"13",-0.00338094,0.000724165,3.03159e-06,99044078,"ukb-a-575","rs9582226","C","T",0.0237946," || id:ukb-a-575",TRUE,"reported","igd"
337199,"21",0.0021574,0.000453303,1.94361e-06,22455156,"ukb-a-575","rs11909376","T","C",0.0635693," || id:ukb-a-575",TRUE,"reported","igd"
