"chr.exposure","samplesize.exposure","se.exposure","pos.exposure","pval.exposure","beta.exposure","id.exposure","SNP","effect_allele.exposure","other_allele.exposure","eaf.exposure","exposure","mr_keep.exposure","pval_origin.exposure","data_source.exposure"
"1",461218,0.000418081,150534368,1.2e-07,0.00221355,"ukb-b-8938","rs12116492","C","T",0.560081," || id:ukb-b-8938",TRUE,"reported","igd"
"2",461218,0.000633275,119707931,3.79997e-06,0.00292856,"ukb-b-8938","rs12619212","T","C",0.123172," || id:ukb-b-8938",TRUE,"reported","igd"
"2",461218,0.000464577,202170655,1.5e-06,-0.00223275,"ukb-b-8938","rs10200279","C","T",0.72075," || id:ukb-b-8938",TRUE,"reported","igd"
"4",461218,0.000574904,57497037,3.09999e-07,0.00294199,"ukb-b-8938","rs73240569","T","G",0.167101," || id:ukb-b-8938",TRUE,"reported","igd"
"5",461218,0.000635771,97247756,2.80001e-06,0.00297753,"ukb-b-8938","rs1423315","C","T",0.120623," || id:ukb-b-8938",TRUE,"reported","igd"
"6",461218,0.000419176,43490947,4.09996e-06,-0.00193006,"ukb-b-8938","rs11077","G","T",0.425411," || id:ukb-b-8938",TRUE,"reported","igd"
"6",461218,0.00143162,61907467,3.69999e-07,0.00727742,"ukb-b-8938","rs12205866","C","G",0.022013," || id:ukb-b-8938",TRUE,"reported","igd"
"8",461218,0.000554522,65989486,2.30001e-06,0.00261927,"ukb-b-8938","rs2956319","T","C",0.173138," || id:ukb-b-8938",TRUE,"reported","igd"
"8",461218,0.000475923,105075942,2.1e-06,0.00225764,"ukb-b-8938","rs4734086","C","G",0.253067," || id:ukb-b-8938",TRUE,"reported","igd"
"10",461218,0.000519286,115133208,1.2e-06,0.00252456,"ukb-b-8938","rs521196","A","C",0.201127," || id:ukb-b-8938",TRUE,"reported","igd"
"11",461218,0.000442214,26525618,1.89998e-06,0.00210441,"ukb-b-8938","rs10834994","A","T",0.671149," || id:ukb-b-8938",TRUE,"reported","igd"
"11",461218,0.00042061,6344991,2.90001e-06,-0.00196693,"ukb-b-8938","rs2931828","C","T",0.567699," || id:ukb-b-8938",TRUE,"reported","igd"
"12",461218,0.000447205,58124534,3.59998e-06,-0.00207133,"ukb-b-8938","rs2301551","G","C",0.314111," || id:ukb-b-8938",TRUE,"reported","igd"
"12",461218,0.000434806,116450006,2.90001e-06,-0.00203456,"ukb-b-8938","rs7962636","C","T",0.648274," || id:ukb-b-8938",TRUE,"reported","igd"
"16",461218,0.00069296,89781756,3.2e-10,0.00435683,"ukb-b-8938","rs34714188","A","T",0.099655," || id:ukb-b-8938",TRUE,"reported","igd"
"16",461218,0.000736825,89977745,9.59997e-07,0.00360974,"ukb-b-8938","rs11538871","T","C",0.086182," || id:ukb-b-8938",TRUE,"reported","igd"
