"pos.exposure","chr.exposure","beta.exposure","pval.exposure","se.exposure","samplesize.exposure","id.exposure","SNP","effect_allele.exposure","other_allele.exposure","eaf.exposure","exposure","mr_keep.exposure","pval_origin.exposure","data_source.exposure"
174918532,"2",-0.00110955,1.40001e-06,0.000230173,463010,"ukb-b-3725","rs72918795","A","G",0.162867," || id:ukb-b-3725",TRUE,"reported","igd"
162043556,"3",0.000964493,1.29999e-06,0.000199156,463010,"ukb-b-3725","rs112765481","T","C",0.200855," || id:ukb-b-3725",TRUE,"reported","igd"
96145415,"4",0.000777123,2.69998e-06,0.000165711,463010,"ukb-b-3725","rs62319060","C","T",0.36077," || id:ukb-b-3725",TRUE,"reported","igd"
139716020,"8",-0.00106178,4.39997e-06,0.000231288,463010,"ukb-b-3725","rs4467972","G","T",0.860326," || id:ukb-b-3725",TRUE,"reported","igd"
133551181,"8",-0.000780793,4.09996e-06,0.000169505,463010,"ukb-b-3725","rs6471077","C","T",0.663743," || id:ukb-b-3725",TRUE,"reported","igd"
93071368,"9",0.000805986,4.90004e-06,0.00017647,463010,"ukb-b-3725","rs729009","T","C",0.28773," || id:ukb-b-3725",TRUE,"reported","igd"
22102165,"9",0.00134312,3.19963e-17,0.000159144,463010,"ukb-b-3725","rs7859727","T","C",0.491423," || id:ukb-b-3725",TRUE,"reported","igd"
52663491,"13",0.000859369,4.39997e-07,0.000170102,463010,"ukb-b-3725","rs9535861","G","A",0.676696," || id:ukb-b-3725",TRUE,"reported","igd"
54334781,"14",0.00101412,2.39999e-06,0.000215015,463010,"ukb-b-3725","rs11627356","A","G",0.164076," || id:ukb-b-3725",TRUE,"reported","igd"
98502302,"14",0.000826938,1.40001e-06,0.000171151,463010,"ukb-b-3725","rs8015552","T","A",0.3218," || id:ukb-b-3725",TRUE,"reported","igd"
31510896,"15",-0.00107437,5.80003e-07,0.000214902,463010,"ukb-b-3725","rs930334","A","C",0.834415," || id:ukb-b-3725",TRUE,"reported","igd"
79075746,"15",-0.000766933,1.79999e-06,0.00016075,463010,"ukb-b-3725","rs12050525","C","T",0.437599," || id:ukb-b-3725",TRUE,"reported","igd"
