"pos.exposure","chr.exposure","se.exposure","beta.exposure","samplesize.exposure","pval.exposure","id.exposure","SNP","effect_allele.exposure","other_allele.exposure","eaf.exposure","exposure","mr_keep.exposure","pval_origin.exposure","data_source.exposure"
189980756,"1",0.000680583,0.00352948,360088,2.15016e-07,"ukb-d-670_2","rs6681404","A","G",0.604685," || id:ukb-d-670_2",TRUE,"reported","igd"
75056577,"2",0.00214071,0.0105344,360088,8.6141e-07,"ukb-d-670_2","rs669258","A","C",0.0264541," || id:ukb-d-670_2",TRUE,"reported","igd"
25943874,"4",0.000749053,0.0038954,360088,1.9893e-07,"ukb-d-670_2","rs34033339","G","A",0.269792," || id:ukb-d-670_2",TRUE,"reported","igd"
135038439,"5",0.000998304,-0.00475253,360088,1.93086e-06,"ukb-d-670_2","rs78426765","G","A",0.129706," || id:ukb-d-670_2",TRUE,"reported","igd"
40849693,"6",0.00210664,-0.01025,360088,1.14159e-06,"ukb-d-670_2","rs75139876","A","T",0.0262705," || id:ukb-d-670_2",TRUE,"reported","igd"
104941112,"10",0.000693701,0.00344904,360088,6.63178e-07,"ukb-d-670_2","rs35525740","T","A",0.374364," || id:ukb-d-670_2",TRUE,"reported","igd"
42505991,"11",0.00312236,0.0148309,360088,2.03592e-06,"ukb-d-670_2","rs144994090","T","C",0.0117567," || id:ukb-d-670_2",TRUE,"reported","igd"
15230890,"12",0.00346845,0.0169238,360088,1.06473e-06,"ukb-d-670_2","rs138496495","T","C",0.00925737," || id:ukb-d-670_2",TRUE,"reported","igd"
58976065,"12",0.00307771,0.014063,360088,4.89497e-06,"ukb-d-670_2","rs142373238","G","C",0.0127714," || id:ukb-d-670_2",TRUE,"reported","igd"
31472120,"13",0.000989461,0.00472958,360088,1.75408e-06,"ukb-d-670_2","rs35858501","T","C",0.132408," || id:ukb-d-670_2",TRUE,"reported","igd"
98788944,"14",0.000668535,0.00346215,360088,2.23548e-07,"ukb-d-670_2","rs2199155","C","A",0.441989," || id:ukb-d-670_2",TRUE,"reported","igd"
10188545,"16",0.000665824,0.00338171,360088,3.79647e-07,"ukb-d-670_2","rs12917652","T","G",0.487661," || id:ukb-d-670_2",TRUE,"reported","igd"
52245005,"16",0.000801693,0.00389263,360088,1.2013e-06,"ukb-d-670_2","rs12921318","G","T",0.219683," || id:ukb-d-670_2",TRUE,"reported","igd"
45320688,"17",0.000958914,0.0044112,360088,4.22211e-06,"ukb-d-670_2","rs8080989","G","A",0.13931," || id:ukb-d-670_2",TRUE,"reported","igd"
30433152,"18",0.00318333,-0.0154903,360088,1.13878e-06,"ukb-d-670_2","rs1941268","G","A",0.988987," || id:ukb-d-670_2",TRUE,"reported","igd"
