"pos.exposure","se.exposure","samplesize.exposure","beta.exposure","pval.exposure","chr.exposure","id.exposure","SNP","effect_allele.exposure","other_allele.exposure","eaf.exposure","exposure","mr_keep.exposure","pval_origin.exposure","data_source.exposure"
62731193,0.00421118,113988,-0.0193958,4.09996e-06,"1","ukb-b-18765","rs114922063","T","C",0.041978," || id:ukb-b-18765",TRUE,"reported","igd"
9494240,0.00320805,113988,0.0148135,3.89996e-06,"1","ukb-b-18765","rs72864356","A","G",0.07377," || id:ukb-b-18765",TRUE,"reported","igd"
564091,0.00663382,113988,0.03157,1.89998e-06,"3","ukb-b-18765","rs114068320","T","C",0.016578," || id:ukb-b-18765",TRUE,"reported","igd"
118545387,0.00177847,113988,-0.0089993,4.20001e-07,"4","ukb-b-18765","rs1948223","C","T",0.34027," || id:ukb-b-18765",TRUE,"reported","igd"
98344031,0.00173001,113988,-0.00820201,2.1e-06,"6","ukb-b-18765","rs9372625","A","G",0.382712," || id:ukb-b-18765",TRUE,"reported","igd"
1137941,0.00258291,113988,0.0120234,3.2e-06,"6","ukb-b-18765","rs35625646","T","C",0.121255," || id:ukb-b-18765",TRUE,"reported","igd"
27715470,0.00190775,113988,0.00996966,1.7e-07,"6","ukb-b-18765","rs9283883","A","T",0.25955," || id:ukb-b-18765",TRUE,"reported","igd"
73517114,0.00178489,113988,0.00837572,2.69998e-06,"7","ukb-b-18765","rs2855726","A","G",0.329956," || id:ukb-b-18765",TRUE,"reported","igd"
94802272,0.00187045,113988,0.00886181,2.19999e-06,"10","ukb-b-18765","rs10786067","T","C",0.279306," || id:ukb-b-18765",TRUE,"reported","igd"
73296259,0.00318517,113988,-0.0149112,2.80001e-06,"10","ukb-b-18765","rs4747163","T","G",0.075198," || id:ukb-b-18765",TRUE,"reported","igd"
117425009,0.00204075,113988,0.0119197,5.19996e-09,"11","ukb-b-18765","rs579239","C","T",0.217682," || id:ukb-b-18765",TRUE,"reported","igd"
24738218,0.00169113,113988,0.00816679,1.40001e-06,"13","ukb-b-18765","rs9511098","G","T",0.527828," || id:ukb-b-18765",TRUE,"reported","igd"
2125457,0.00288198,113988,0.0154219,8.70001e-08,"17","ukb-b-18765","rs72819503","A","G",0.093517," || id:ukb-b-18765",TRUE,"reported","igd"
5323289,0.00171223,113988,-0.0080187,2.80001e-06,"18","ukb-b-18765","rs1940954","A","G",0.599015," || id:ukb-b-18765",TRUE,"reported","igd"
46845315,0.00615531,113988,0.0287854,2.90001e-06,"20","ukb-b-18765","rs77855311","A","C",0.019393," || id:ukb-b-18765",TRUE,"reported","igd"
43252335,0.00328103,113988,0.0159035,1.29999e-06,"22","ukb-b-18765","rs5758991","A","C",0.926418," || id:ukb-b-18765",TRUE,"reported","igd"
