"se.exposure","chr.exposure","pos.exposure","samplesize.exposure","beta.exposure","pval.exposure","id.exposure","SNP","effect_allele.exposure","other_allele.exposure","eaf.exposure","exposure","mr_keep.exposure","pval_origin.exposure","data_source.exposure"
0.00190497,"1",36685738,90145,0.00874807,4.39097e-06,"ukb-d-22607_0","rs500555","G","A",0.716722," || id:ukb-d-22607_0",TRUE,"reported","igd"
0.00179005,"2",183210447,90145,0.00845489,2.32429e-06,"ukb-d-22607_0","rs864417","A","T",0.332643," || id:ukb-d-22607_0",TRUE,"reported","igd"
0.00257809,"3",16838519,90145,0.0119241,3.74809e-06,"ukb-d-22607_0","rs59977751","G","A",0.124414," || id:ukb-d-22607_0",TRUE,"reported","igd"
0.00254995,"4",67643253,90145,0.0122289,1.62323e-06,"ukb-d-22607_0","rs10009285","T","C",0.142934," || id:ukb-d-22607_0",TRUE,"reported","igd"
0.00177372,"4",178038726,90145,0.0085124,1.59577e-06,"ukb-d-22607_0","rs2583180","T","C",0.654984," || id:ukb-d-22607_0",TRUE,"reported","igd"
0.00755546,"6",80079820,90145,-0.0411229,5.25824e-08,"ukb-d-22607_0","rs12202259","T","C",0.0133671," || id:ukb-d-22607_0",TRUE,"reported","igd"
0.00574003,"6",37737730,90145,-0.0273731,1.85601e-06,"ukb-d-22607_0","rs55990849","T","G",0.0224076," || id:ukb-d-22607_0",TRUE,"reported","igd"
0.0057004,"7",101291495,90145,-0.0263566,3.7759e-06,"ukb-d-22607_0","rs555693216","A","C",0.0270891," || id:ukb-d-22607_0",TRUE,"reported","igd"
0.00368818,"8",61997669,90145,0.0169139,4.5247e-06,"ukb-d-22607_0","rs56707741","C","G",0.0547093," || id:ukb-d-22607_0",TRUE,"reported","igd"
0.00243302,"18",44644530,90145,-0.0113442,3.12694e-06,"ukb-d-22607_0","rs11876448","A","G",0.139206," || id:ukb-d-22607_0",TRUE,"reported","igd"
0.00170477,"19",10599132,90145,0.00842061,7.84874e-07,"ukb-d-22607_0","rs12985305","T","A",0.554502," || id:ukb-d-22607_0",TRUE,"reported","igd"
0.00536935,"19",28480592,90145,-0.0248897,3.5655e-06,"ukb-d-22607_0","rs4805009","G","C",0.0257891," || id:ukb-d-22607_0",TRUE,"reported","igd"
