"pos.exposure","pval.exposure","beta.exposure","se.exposure","samplesize.exposure","chr.exposure","id.exposure","SNP","effect_allele.exposure","other_allele.exposure","eaf.exposure","exposure","mr_keep.exposure","pval_origin.exposure","data_source.exposure"
33419453,3.50002e-06,0.054406,0.0117237,64949,"2","ukb-b-5382","rs141791743","A","G",0.005953," || id:ukb-b-5382",TRUE,"reported","igd"
189101077,1.79999e-06,0.0222151,0.00465511,64949,"3","ukb-b-5382","rs9879100","G","A",0.037539," || id:ukb-b-5382",TRUE,"reported","igd"
160322930,8.19993e-07,0.0467791,0.00948974,64949,"4","ukb-b-5382","rs189796822","G","A",0.008786," || id:ukb-b-5382",TRUE,"reported","igd"
156659069,1.89998e-06,0.0316921,0.00665484,64949,"4","ukb-b-5382","rs115683945","T","C",0.017796," || id:ukb-b-5382",TRUE,"reported","igd"
73900266,2.90001e-07,0.0502938,0.00980534,64949,"6","ukb-b-5382","rs147079572","G","A",0.008902," || id:ukb-b-5382",TRUE,"reported","igd"
71945995,4e-07,0.0296994,0.00586001,64949,"6","ukb-b-5382","rs117640186","A","G",0.023615," || id:ukb-b-5382",TRUE,"reported","igd"
5994118,1.29999e-06,0.0315473,0.00651193,64949,"6","ukb-b-5382","rs114267116","T","A",0.020512," || id:ukb-b-5382",TRUE,"reported","igd"
156629383,4.49997e-06,0.0296416,0.00646434,64949,"7","ukb-b-5382","rs112216864","C","G",0.018699," || id:ukb-b-5382",TRUE,"reported","igd"
80206199,2.59998e-06,0.0154603,0.00328922,64949,"8","ukb-b-5382","rs78158001","C","T",0.076953," || id:ukb-b-5382",TRUE,"reported","igd"
13319984,3.09999e-06,0.0346144,0.00742373,64949,"9","ukb-b-5382","rs77685294","T","A",0.014345," || id:ukb-b-5382",TRUE,"reported","igd"
62441556,4.30002e-07,0.0114442,0.00226333,64949,"10","ukb-b-5382","rs920644","T","C",0.184641," || id:ukb-b-5382",TRUE,"reported","igd"
65899208,4.39997e-06,0.0317843,0.00692184,64949,"16","ukb-b-5382","rs72796468","G","C",0.017983," || id:ukb-b-5382",TRUE,"reported","igd"
9199612,6.49995e-07,0.032565,0.00654578,64949,"20","ukb-b-5382","rs9974017","A","T",0.018766," || id:ukb-b-5382",TRUE,"reported","igd"
44988985,4.20001e-08,0.0599092,0.0109286,64949,"22","ukb-b-5382","rs11913788","G","C",0.00708," || id:ukb-b-5382",TRUE,"reported","igd"
47874082,3.59998e-07,0.0307089,0.00603168,64949,"22","ukb-b-5382","rs73174714","A","G",0.021609," || id:ukb-b-5382",TRUE,"reported","igd"
