"pval.exposure","chr.exposure","pos.exposure","beta.exposure","se.exposure","samplesize.exposure","id.exposure","SNP","effect_allele.exposure","other_allele.exposure","eaf.exposure","exposure","mr_keep.exposure","pval_origin.exposure","data_source.exposure"
1.92975e-06,"1",215186121,0.0138079,0.00290026,98990,"ukb-d-20550_1","rs2841614","C","T",0.0718103," || id:ukb-d-20550_1",TRUE,"reported","igd"
2.00295e-06,"1",226919910,0.00749847,0.00157749,98990,"ukb-d-20550_1","rs10916031","C","A",0.456605," || id:ukb-d-20550_1",TRUE,"reported","igd"
4.0465e-06,"3",2912462,-0.00924578,0.00200592,98990,"ukb-d-20550_1","rs12638824","A","T",0.180256," || id:ukb-d-20550_1",TRUE,"reported","igd"
2.47959e-06,"5",38377216,-0.00853083,0.00181119,98990,"ukb-d-20550_1","rs2366982","G","A",0.2236," || id:ukb-d-20550_1",TRUE,"reported","igd"
2.68405e-08,"7",12250378,0.00846014,0.00152124,98990,"ukb-d-20550_1","rs3807866","A","G",0.408385," || id:ukb-d-20550_1",TRUE,"reported","igd"
4.70533e-06,"9",13922791,-0.00752764,0.00164439,98990,"ukb-d-20550_1","rs35854080","G","C",0.293798," || id:ukb-d-20550_1",TRUE,"reported","igd"
1.59401e-06,"9",11396014,-0.00871717,0.00181632,98990,"ukb-d-20550_1","rs10959761","T","G",0.218453," || id:ukb-d-20550_1",TRUE,"reported","igd"
1.13094e-06,"10",12159854,-0.0078297,0.00160851,98990,"ukb-d-20550_1","rs560732738","T","C",0.495792," || id:ukb-d-20550_1",TRUE,"reported","igd"
2.04338e-06,"10",68727101,0.0267759,0.00563778,98990,"ukb-d-20550_1","rs57904273","G","T",0.0201954," || id:ukb-d-20550_1",TRUE,"reported","igd"
1.78772e-06,"11",31812582,-0.00891368,0.00186622,98990,"ukb-d-20550_1","rs2071754","T","C",0.798106," || id:ukb-d-20550_1",TRUE,"reported","igd"
3.45621e-06,"15",83627652,0.0122252,0.00263365,98990,"ukb-d-20550_1","rs72755940","C","G",0.0905049," || id:ukb-d-20550_1",TRUE,"reported","igd"
3.21855e-06,"18",50226797,-0.0114081,0.00244987,98990,"ukb-d-20550_1","rs56871666","G","A",0.105625," || id:ukb-d-20550_1",TRUE,"reported","igd"
4.42782e-06,"21",28372763,-0.0100715,0.00219399,98990,"ukb-d-20550_1","rs73187832","A","C",0.136432," || id:ukb-d-20550_1",TRUE,"reported","igd"
