"se.exposure","beta.exposure","pval.exposure","chr.exposure","samplesize.exposure","pos.exposure","id.exposure","SNP","effect_allele.exposure","other_allele.exposure","eaf.exposure","exposure","mr_keep.exposure","pval_origin.exposure","data_source.exposure"
0.000519061,0.00288996,2.58363e-08,"1",361194,158215801,"ukb-d-N60","rs79413981","T","C",0.0174381," || id:ukb-d-N60",TRUE,"reported","igd"
0.000566949,0.00279307,8.37529e-07,"1",361194,229922363,"ukb-d-N60","rs182330451","A","G",0.0146053," || id:ukb-d-N60",TRUE,"reported","igd"
0.000487935,0.00252339,2.32252e-07,"2",361194,177505906,"ukb-d-N60","rs113182780","G","A",0.0215081," || id:ukb-d-N60",TRUE,"reported","igd"
0.000611397,0.00294664,1.43959e-06,"4",361194,7558124,"ukb-d-N60","rs113269937","A","G",0.01206," || id:ukb-d-N60",TRUE,"reported","igd"
0.000169692,0.000908429,8.63654e-08,"5",361194,158198312,"ukb-d-N60","rs3095890","C","T",0.19263," || id:ukb-d-N60",TRUE,"reported","igd"
0.000185341,0.000854395,4.03097e-06,"5",361194,90572562,"ukb-d-N60","rs10462343","A","T",0.845747," || id:ukb-d-N60",TRUE,"reported","igd"
0.00067234,0.00314908,2.81773e-06,"6",361194,11382053,"ukb-d-N60","rs146812895","A","T",0.0113757," || id:ukb-d-N60",TRUE,"reported","igd"
0.000560567,0.00277883,7.15583e-07,"8",361194,39392485,"ukb-d-N60","rs75073686","A","G",0.0149217," || id:ukb-d-N60",TRUE,"reported","igd"
0.000180604,0.000878562,1.14749e-06,"8",361194,139056723,"ukb-d-N60","rs374542626","G","A",0.205249," || id:ukb-d-N60",TRUE,"reported","igd"
0.000134542,0.00061478,4.89204e-06,"8",361194,95659642,"ukb-d-N60","rs7004872","G","A",0.560225," || id:ukb-d-N60",TRUE,"reported","igd"
0.000495997,0.0022691,4.7676e-06,"11",361194,12261592,"ukb-d-N60","rs141903306","C","G",0.0214206," || id:ukb-d-N60",TRUE,"reported","igd"
0.000311389,0.00158517,3.57026e-07,"11",361194,76401042,"ukb-d-N60","rs11602379","C","G",0.0511649," || id:ukb-d-N60",TRUE,"reported","igd"
0.000565643,0.00269107,1.96047e-06,"15",361194,60178149,"ukb-d-N60","rs142374330","C","T",0.0156245," || id:ukb-d-N60",TRUE,"reported","igd"
0.000472513,0.00221358,2.80472e-06,"22",361194,50676684,"ukb-d-N60","rs140522351","A","G",0.0214186," || id:ukb-d-N60",TRUE,"reported","igd"
