"se.exposure","samplesize.exposure","pos.exposure","beta.exposure","pval.exposure","chr.exposure","id.exposure","SNP","effect_allele.exposure","other_allele.exposure","eaf.exposure","exposure","mr_keep.exposure","pval_origin.exposure","data_source.exposure"
0.000178522,463010,187942559,-0.000890503,6.1e-07,"1","ukb-b-19779","rs77367647","A","T",0.202752," || id:ukb-b-19779",TRUE,"reported","igd"
0.000171875,463010,205598912,0.000904779,1.40001e-07,"1","ukb-b-19779","rs72750910","C","T",0.228628," || id:ukb-b-19779",TRUE,"reported","igd"
0.000143613,463010,43117579,-0.000665371,3.59998e-06,"3","ukb-b-19779","rs584233","A","G",0.42553," || id:ukb-b-19779",TRUE,"reported","igd"
0.000145239,463010,184652047,-0.00070449,1.2e-06,"3","ukb-b-19779","rs11719840","T","C",0.60219," || id:ukb-b-19779",TRUE,"reported","igd"
0.00018824,463010,82475476,0.00112495,2.30001e-09,"4","ukb-b-19779","rs55905560","T","C",0.180724," || id:ukb-b-19779",TRUE,"reported","igd"
0.000142428,463010,174838873,-0.000651531,4.79999e-06,"5","ukb-b-19779","rs265985","G","T",0.535228," || id:ukb-b-19779",TRUE,"reported","igd"
0.000148548,463010,65730895,0.000678655,4.90004e-06,"5","ukb-b-19779","rs3111632","T","C",0.625646," || id:ukb-b-19779",TRUE,"reported","igd"
0.000145261,463010,178758909,-0.000724406,6.1e-07,"5","ukb-b-19779","rs340419","C","T",0.581826," || id:ukb-b-19779",TRUE,"reported","igd"
0.000187125,463010,21352116,0.000907314,1.2e-06,"6","ukb-b-19779","rs8180660","A","G",0.174721," || id:ukb-b-19779",TRUE,"reported","igd"
0.000148323,463010,96679065,0.000711512,1.6e-06,"15","ukb-b-19779","rs8027612","G","A",0.362666," || id:ukb-b-19779",TRUE,"reported","igd"
0.000147148,463010,64951931,-0.000736429,5.60003e-07,"17","ukb-b-19779","rs7208998","C","T",0.432548," || id:ukb-b-19779",TRUE,"reported","igd"
0.00019049,463010,56080373,0.000881087,3.69999e-06,"20","ukb-b-19779","rs4811866","G","A",0.824042," || id:ukb-b-19779",TRUE,"reported","igd"
