"chr.exposure","pos.exposure","se.exposure","beta.exposure","pval.exposure","samplesize.exposure","id.exposure","SNP","effect_allele.exposure","other_allele.exposure","eaf.exposure","exposure","mr_keep.exposure","pval_origin.exposure","data_source.exposure"
"2",9937035,0.000161262,-0.000783552,1.2e-06,463010,"ukb-b-2703","rs4669466","G","A",0.712214," || id:ukb-b-2703",TRUE,"reported","igd"
"3",142376128,0.000144572,0.000727871,4.79999e-07,463010,"ukb-b-2703","rs4683691","T","A",0.603397," || id:ukb-b-2703",TRUE,"reported","igd"
"4",6411593,0.000158939,0.000886372,2.5e-08,463010,"ukb-b-2703","rs4282260","T","C",0.277296," || id:ukb-b-2703",TRUE,"reported","igd"
"4",83156375,0.000149316,-0.00069796,2.90001e-06,463010,"ukb-b-2703","rs13136688","A","G",0.34178," || id:ukb-b-2703",TRUE,"reported","igd"
"5",175204808,0.00017631,-0.000819488,3.40001e-06,463010,"ukb-b-2703","rs7710660","A","G",0.286597," || id:ukb-b-2703",TRUE,"reported","igd"
"7",11535481,0.000168249,0.000791115,2.59998e-06,463010,"ukb-b-2703","rs1156673","G","A",0.759374," || id:ukb-b-2703",TRUE,"reported","igd"
"9",84000195,0.000154245,-0.000712194,3.89996e-06,463010,"ukb-b-2703","rs1962281","C","T",0.694195," || id:ukb-b-2703",TRUE,"reported","igd"
"10",129292237,0.000161859,0.000769844,2e-06,463010,"ukb-b-2703","rs10830104","A","T",0.263898," || id:ukb-b-2703",TRUE,"reported","igd"
"12",49012011,0.000157968,0.000797524,4.39997e-07,463010,"ukb-b-2703","rs10875848","C","T",0.303696," || id:ukb-b-2703",TRUE,"reported","igd"
"13",105092246,0.000169854,0.000912977,7.69999e-08,463010,"ukb-b-2703","rs9582866","G","A",0.226405," || id:ukb-b-2703",TRUE,"reported","igd"
"17",31306153,0.000182958,0.000854216,2.99999e-06,463010,"ukb-b-2703","rs7359655","A","G",0.815927," || id:ukb-b-2703",TRUE,"reported","igd"
"20",55441530,0.000146035,-0.0006673,4.90004e-06,463010,"ukb-b-2703","rs11904903","T","C",0.592192," || id:ukb-b-2703",TRUE,"reported","igd"
"21",41071319,0.000142802,-0.000657632,4.09996e-06,463010,"ukb-b-2703","rs2837125","T","C",0.54659," || id:ukb-b-2703",TRUE,"reported","igd"
"22",18994024,0.00015026,0.000733533,1.09999e-06,463010,"ukb-b-2703","rs7285905","C","A",0.384097," || id:ukb-b-2703",TRUE,"reported","igd"
