"pos.exposure","pval.exposure","se.exposure","beta.exposure","samplesize.exposure","chr.exposure","id.exposure","SNP","effect_allele.exposure","other_allele.exposure","eaf.exposure","exposure","mr_keep.exposure","pval_origin.exposure","data_source.exposure"
75585192,6.91497e-07,0.000293487,0.00145682,335546,"2","ukb-a-438","rs55815542","C","A",0.395738," || id:ukb-a-438",TRUE,"reported","igd"
76630037,3.57207e-06,0.000654653,0.00303427,335546,"3","ukb-a-438","rs10511049","C","T",0.051007," || id:ukb-a-438",TRUE,"reported","igd"
11039309,4.75817e-07,0.00032469,-0.00163511,335546,"3","ukb-a-438","rs1728814","T","A",0.277126," || id:ukb-a-438",TRUE,"reported","igd"
108783059,3.88419e-06,0.000716877,-0.00331022,335546,"5","ukb-a-438","rs10080180","T","C",0.0417513," || id:ukb-a-438",TRUE,"reported","igd"
129057004,1.38723e-06,0.00125826,-0.00607352,335546,"5","ukb-a-438","rs74547157","A","G",0.0138746," || id:ukb-a-438",TRUE,"reported","igd"
169780779,2.24115e-06,0.00045519,0.00215325,335546,"5","ukb-a-438","rs17648802","A","C",0.111986," || id:ukb-a-438",TRUE,"reported","igd"
80052966,1.08019e-06,0.000480941,0.00234532,335546,"6","ukb-a-438","rs75256095","T","C",0.0986925," || id:ukb-a-438",TRUE,"reported","igd"
120954908,3.9473e-12,0.000295175,-0.00204831,335546,"7","ukb-a-438","rs2707518","T","G",0.393624," || id:ukb-a-438",TRUE,"reported","igd"
9002169,1.20754e-06,0.000286698,-0.00139177,335546,"10","ukb-a-438","rs827620","T","A",0.486466," || id:ukb-a-438",TRUE,"reported","igd"
109124714,1.44115e-06,0.000291485,-0.00140476,335546,"12","ukb-a-438","rs11114042","G","A",0.410287," || id:ukb-a-438",TRUE,"reported","igd"
77255111,4.64077e-06,0.0010929,0.00500602,335546,"16","ukb-a-438","rs11647132","T","C",0.017549," || id:ukb-a-438",TRUE,"reported","igd"
54216546,2.29932e-06,0.000632782,0.00299005,335546,"16","ukb-a-438","rs79852733","A","G",0.054536," || id:ukb-a-438",TRUE,"reported","igd"
4339339,1.42138e-07,0.000334941,-0.00176265,335546,"17","ukb-a-438","rs34217155","G","C",0.251357," || id:ukb-a-438",TRUE,"reported","igd"
57302410,3.25342e-06,0.0014719,0.00685052,335546,"18","ukb-a-438","rs76451228","T","C",0.0101083," || id:ukb-a-438",TRUE,"reported","igd"
49448061,8.80278e-07,0.00104043,0.00511556,335546,"18","ukb-a-438","rs113609311","T","C",0.0194989," || id:ukb-a-438",TRUE,"reported","igd"
54935659,2.84951e-06,0.00144952,0.00678586,335546,"19","ukb-a-438","rs117873601","T","C",0.010264," || id:ukb-a-438",TRUE,"reported","igd"
