"pval.exposure","beta.exposure","chr.exposure","se.exposure","pos.exposure","samplesize.exposure","id.exposure","SNP","effect_allele.exposure","other_allele.exposure","eaf.exposure","exposure","mr_keep.exposure","pval_origin.exposure","data_source.exposure"
4.19276e-08,0.00495857,"3",0.000904409,24826036,335591,"ukb-a-462","rs62228397","G","C",0.0710428," || id:ukb-a-462",TRUE,"reported","igd"
3.07242e-06,-0.00301727,"4",0.000646651,42100066,335591,"ukb-a-462","rs13108759","G","A",0.150737," || id:ukb-a-462",TRUE,"reported","igd"
8.35545e-07,0.0077044,"4",0.00156372,155591976,335591,"ukb-a-462","rs11737732","C","T",0.0255368," || id:ukb-a-462",TRUE,"reported","igd"
1.41795e-06,0.00592131,"5",0.00122784,23859307,335591,"ukb-a-462","rs148501785","C","T",0.0370034," || id:ukb-a-462",TRUE,"reported","igd"
2.92826e-07,0.0053888,"5",0.00105083,97756310,335591,"ukb-a-462","rs17656896","T","C",0.0511805," || id:ukb-a-462",TRUE,"reported","igd"
9.66118e-07,0.00553924,"6",0.0011308,24371270,335591,"ukb-a-462","rs147571037","A","G",0.0439192," || id:ukb-a-462",TRUE,"reported","igd"
4.89937e-06,0.00446855,"7",0.000977988,75558960,335591,"ukb-a-462","rs34980601","T","C",0.0591046," || id:ukb-a-462",TRUE,"reported","igd"
2.23224e-06,0.00839083,"8",0.00177349,144682004,335591,"ukb-a-462","rs111956838","T","C",0.0172509," || id:ukb-a-462",TRUE,"reported","igd"
1.1779e-06,0.00609474,"11",0.00125421,62917575,335591,"ukb-a-462","rs11821616","A","T",0.0352329," || id:ukb-a-462",TRUE,"reported","igd"
2.28591e-06,-0.00731045,"11",0.00154672,102383815,335591,"ukb-a-462","rs74545146","A","G",0.0230532," || id:ukb-a-462",TRUE,"reported","igd"
4.23243e-06,0.00556744,"20",0.00121039,54735682,335591,"ukb-a-462","rs78513116","C","T",0.0375031," || id:ukb-a-462",TRUE,"reported","igd"
1.54198e-06,0.00241911,"20",0.000503372,14798976,335591,"ukb-a-462","rs1040744","C","T",0.307925," || id:ukb-a-462",TRUE,"reported","igd"
2.26418e-06,0.00730389,"20",0.0015447,30204866,335591,"ukb-a-462","rs150782617","A","G",0.0244262," || id:ukb-a-462",TRUE,"reported","igd"
