"chr.exposure","beta.exposure","pos.exposure","samplesize.exposure","pval.exposure","se.exposure","id.exposure","SNP","effect_allele.exposure","other_allele.exposure","eaf.exposure","exposure","mr_keep.exposure","pval_origin.exposure","data_source.exposure"
"2",0.00317198,141291498,337199,3.96242e-06,0.000687555,"ukb-a-587","rs16844175","C","A",0.0290022," || id:ukb-a-587",TRUE,"reported","igd"
"2",0.00117067,127845823,337199,6.76332e-07,0.000235636,"ukb-a-587","rs4662705","T","G",0.602471," || id:ukb-a-587",TRUE,"reported","igd"
"2",0.00205993,13247998,337199,3.73293e-06,0.000445312,"ukb-a-587","rs79258000","G","A",0.0792366," || id:ukb-a-587",TRUE,"reported","igd"
"2",-0.00111629,185198135,337199,1.65348e-06,0.000232958,"ukb-a-587","rs12465214","A","C",0.444," || id:ukb-a-587",TRUE,"reported","igd"
"3",0.00831318,197061511,337199,4.48239e-06,0.00181204,"ukb-a-587","rs1011704","T","C",0.00424378," || id:ukb-a-587",TRUE,"reported","igd"
"6",0.00137946,22568257,337199,3.25185e-08,0.000249565,"ukb-a-587","rs7766457","G","A",0.316138," || id:ukb-a-587",TRUE,"reported","igd"
"6",0.00117536,22891608,337199,1.16966e-06,0.000241804,"ukb-a-587","rs6915422","T","C",0.650396," || id:ukb-a-587",TRUE,"reported","igd"
"8",0.00457914,85581245,337199,4.96352e-06,0.00100279,"ukb-a-587","rs117757754","T","C",0.0145241," || id:ukb-a-587",TRUE,"reported","igd"
"11",-0.00134005,101847350,337199,2.87105e-06,0.000286342,"ukb-a-587","rs12797831","T","G",0.204566," || id:ukb-a-587",TRUE,"reported","igd"
"12",-0.00309568,126978701,337199,3.70459e-06,0.000668991,"ukb-a-587","rs79495375","T","C",0.0306066," || id:ukb-a-587",TRUE,"reported","igd"
"15",-0.00108506,71717044,337199,4.39602e-06,0.000236304,"ukb-a-587","rs6494924","A","C",0.590322," || id:ukb-a-587",TRUE,"reported","igd"
"16",0.00115671,60666399,337199,4.74963e-06,0.000252798,"ukb-a-587","rs7200432","A","G",0.299598," || id:ukb-a-587",TRUE,"reported","igd"
"16",0.00152169,3744719,337199,2.32306e-07,0.000294244,"ukb-a-587","rs11862646","C","T",0.193202," || id:ukb-a-587",TRUE,"reported","igd"
"22",0.00119753,38859060,337199,7.18241e-07,0.000241609,"ukb-a-587","rs138411","C","T",0.361583," || id:ukb-a-587",TRUE,"reported","igd"
"22",-0.00111365,23358608,337199,2.00336e-06,0.000234297,"ukb-a-587","rs9612207","C","T",0.423775," || id:ukb-a-587",TRUE,"reported","igd"
