"chr.exposure","se.exposure","beta.exposure","pos.exposure","samplesize.exposure","pval.exposure","id.exposure","SNP","effect_allele.exposure","other_allele.exposure","eaf.exposure","exposure","mr_keep.exposure","pval_origin.exposure","data_source.exposure"
"3",0.0009195,-0.0044617,181662150,117880,1.22191e-06,"ukb-d-20405_1","rs4855062","C","T",0.672494," || id:ukb-d-20405_1",TRUE,"reported","igd"
"4",0.00284452,0.021776,100239319,117880,1.94133e-14,"ukb-d-20405_1","rs1229984","C","T",0.976455," || id:ukb-d-20405_1",TRUE,"reported","igd"
"4",0.0019033,0.00887303,16930432,117880,3.13617e-06,"ukb-d-20405_1","rs34193521","G","T",0.0552571," || id:ukb-d-20405_1",TRUE,"reported","igd"
"5",0.00170602,0.00802441,166468864,117880,2.55912e-06,"ukb-d-20405_1","rs1393151","G","C",0.0685909," || id:ukb-d-20405_1",TRUE,"reported","igd"
"6",0.00781417,0.0383015,11702666,117880,9.52094e-07,"ukb-d-20405_1","rs75247082","A","G",0.00311239," || id:ukb-d-20405_1",TRUE,"reported","igd"
"6",0.00269674,0.0124729,101876824,117880,3.74662e-06,"ukb-d-20405_1","rs79731121","A","T",0.0281067," || id:ukb-d-20405_1",TRUE,"reported","igd"
"7",0.00119087,-0.0055683,157945632,117880,2.93083e-06,"ukb-d-20405_1","rs6950107","C","T",0.844893," || id:ukb-d-20405_1",TRUE,"reported","igd"
"13",0.00324467,0.0161691,91126869,117880,6.26008e-07,"ukb-d-20405_1","rs11619126","T","C",0.0179208," || id:ukb-d-20405_1",TRUE,"reported","igd"
"13",0.00388677,0.018939,33647443,117880,1.10238e-06,"ukb-d-20405_1","rs77649743","A","G",0.012394," || id:ukb-d-20405_1",TRUE,"reported","igd"
"16",0.00443595,0.0211274,86841608,117880,1.91179e-06,"ukb-d-20405_1","rs117691263","C","A",0.0109369," || id:ukb-d-20405_1",TRUE,"reported","igd"
