"se.exposure","pos.exposure","samplesize.exposure","beta.exposure","pval.exposure","chr.exposure","id.exposure","SNP","effect_allele.exposure","other_allele.exposure","eaf.exposure","exposure","mr_keep.exposure","pval_origin.exposure","data_source.exposure"
0.000175734,117442259,463010,0.00080733,4.30002e-06,"4","ukb-b-6666","rs1469260","T","C",0.345697," || id:ukb-b-6666",TRUE,"reported","igd"
0.000184261,56704132,463010,0.000869275,2.39999e-06,"5","ukb-b-6666","rs960702","T","C",0.715464," || id:ukb-b-6666",TRUE,"reported","igd"
0.000182231,113604806,463010,-0.000860852,2.30001e-06,"5","ukb-b-6666","rs4582264","A","G",0.677222," || id:ukb-b-6666",TRUE,"reported","igd"
0.000191922,2271034,463010,0.000884359,4.09996e-06,"6","ukb-b-6666","rs11754567","C","T",0.248133," || id:ukb-b-6666",TRUE,"reported","igd"
0.000232259,32627958,463010,-0.00132922,1e-08,"6","ukb-b-6666","rs7656","C","T",0.827," || id:ukb-b-6666",TRUE,"reported","igd"
0.000167747,82376952,463010,0.000792342,2.30001e-06,"7","ukb-b-6666","rs7780196","G","T",0.428259," || id:ukb-b-6666",TRUE,"reported","igd"
0.000202087,44306882,463010,-0.000926666,4.49997e-06,"11","ukb-b-6666","rs4755240","T","C",0.779924," || id:ukb-b-6666",TRUE,"reported","igd"
0.00016795,91424226,463010,-0.000783852,3.09999e-06,"11","ukb-b-6666","rs12271985","A","G",0.580436," || id:ukb-b-6666",TRUE,"reported","igd"
0.000237125,129560574,463010,0.00109734,3.69999e-06,"12","ukb-b-6666","rs11060119","G","A",0.142632," || id:ukb-b-6666",TRUE,"reported","igd"
0.000217135,25076373,463010,-0.00101126,3.2e-06,"15","ukb-b-6666","rs12437927","T","C",0.187507," || id:ukb-b-6666",TRUE,"reported","igd"
0.000166869,40719241,463010,0.000797154,1.79999e-06,"21","ukb-b-6666","rs2249666","T","C",0.468409," || id:ukb-b-6666",TRUE,"reported","igd"
