"pval.exposure","beta.exposure","pos.exposure","se.exposure","chr.exposure","samplesize.exposure","id.exposure","SNP","effect_allele.exposure","other_allele.exposure","eaf.exposure","exposure","mr_keep.exposure","pval_origin.exposure","data_source.exposure"
2.30001e-06,0.0177192,44101827,0.00374981,"2",64949,"ukb-b-12558","rs4953028","A","G",0.446598," || id:ukb-b-12558",TRUE,"reported","igd"
1.6e-06,0.0229274,119816159,0.00478052,"3",64949,"ukb-b-12558","rs6806460","G","A",0.169114," || id:ukb-b-12558",TRUE,"reported","igd"
2.1e-07,0.0563417,123616845,0.0108487,"5",64949,"ukb-b-12558","rs6868319","A","G",0.029222," || id:ukb-b-12558",TRUE,"reported","igd"
1.5e-08,0.0978274,23008927,0.0172703,"5",64949,"ukb-b-12558","rs114776712","T","A",0.012534," || id:ukb-b-12558",TRUE,"reported","igd"
2.5e-06,0.0632726,151794125,0.0134299,"6",64949,"ukb-b-12558","rs144796532","T","C",0.019762," || id:ukb-b-12558",TRUE,"reported","igd"
3.29997e-06,0.0706366,130752963,0.0151915,"7",64949,"ukb-b-12558","rs117663632","T","C",0.01627," || id:ukb-b-12558",TRUE,"reported","igd"
2.39999e-06,0.0821473,101591863,0.0174112,"9",64949,"ukb-b-12558","rs144722208","C","A",0.012514," || id:ukb-b-12558",TRUE,"reported","igd"
2.80001e-06,0.0170397,71766081,0.00363968,"9",64949,"ukb-b-12558","rs7467352","A","G",0.412022," || id:ukb-b-12558",TRUE,"reported","igd"
4.30002e-07,0.058792,106934741,0.0116285,"10",64949,"ukb-b-12558","rs76521796","T","C",0.02508," || id:ukb-b-12558",TRUE,"reported","igd"
4.70002e-06,0.0172427,7343638,0.00376637,"11",64949,"ukb-b-12558","rs1017940","C","T",0.651992," || id:ukb-b-12558",TRUE,"reported","igd"
2.19999e-06,0.0199554,23552004,0.00421897,"13",64949,"ukb-b-12558","rs7991428","T","C",0.238208," || id:ukb-b-12558",TRUE,"reported","igd"
2.69998e-06,-0.0602124,89052419,0.0128388,"15",64949,"ukb-b-12558","rs79429958","T","G",0.020353," || id:ukb-b-12558",TRUE,"reported","igd"
1.29999e-06,0.0379347,1351612,0.00783471,"16",64949,"ukb-b-12558","rs114413799","A","C",0.055236," || id:ukb-b-12558",TRUE,"reported","igd"
3.89996e-06,0.0637094,22145476,0.0138003,"19",64949,"ukb-b-12558","rs12971678","C","A",0.017367," || id:ukb-b-12558",TRUE,"reported","igd"
