"chr.exposure","se.exposure","samplesize.exposure","pval.exposure","pos.exposure","beta.exposure","id.exposure","SNP","effect_allele.exposure","other_allele.exposure","eaf.exposure","exposure","mr_keep.exposure","pval_origin.exposure","data_source.exposure"
"1",0.00115718,91149,1.16458e-06,231289143,0.00562611,"ukb-d-22617_2411","rs111525221","A","C",0.0516017," || id:ukb-d-22617_2411",TRUE,"reported","igd"
"1",0.00196863,91149,4.55921e-07,189591299,0.00993049,"ukb-d-22617_2411","rs145017079","T","C",0.0171391," || id:ukb-d-22617_2411",TRUE,"reported","igd"
"2",0.00223857,91149,3.43194e-06,28198644,0.0103946,"ukb-d-22617_2411","rs62140388","G","A",0.0140072," || id:ukb-d-22617_2411",TRUE,"reported","igd"
"2",0.00248707,91149,3.98777e-07,168630830,0.0126092,"ukb-d-22617_2411","rs150204141","T","C",0.0116385," || id:ukb-d-22617_2411",TRUE,"reported","igd"
"2",0.00051242,91149,2.75283e-06,1706932,-0.00240261,"ukb-d-22617_2411","rs113816320","A","G",0.508027," || id:ukb-d-22617_2411",TRUE,"reported","igd"
"3",0.00209937,91149,7.00519e-07,115222730,0.0104162,"ukb-d-22617_2411","rs1553210","G","A",0.0150223," || id:ukb-d-22617_2411",TRUE,"reported","igd"
"3",0.000912531,91149,1.89195e-08,9117664,0.00513035,"ukb-d-22617_2411","rs73015434","C","T",0.0861013," || id:ukb-d-22617_2411",TRUE,"reported","igd"
"18",0.00053195,91149,3.55476e-06,68726105,0.00246619,"ukb-d-22617_2411","rs12606801","C","T",0.353596," || id:ukb-d-22617_2411",TRUE,"reported","igd"
"22",0.00161559,91149,2.51495e-06,33641971,0.00760491,"ukb-d-22617_2411","rs62224750","T","C",0.0266644," || id:ukb-d-22617_2411",TRUE,"reported","igd"
