"pval.exposure","pos.exposure","samplesize.exposure","se.exposure","beta.exposure","chr.exposure","id.exposure","SNP","effect_allele.exposure","other_allele.exposure","eaf.exposure","exposure","mr_keep.exposure","pval_origin.exposure","data_source.exposure"
1.52072e-06,23107832,361194,0.000216175,0.00103949,"1","ukb-d-K61","rs3738296","G","A",0.0993271," || id:ukb-d-K61",TRUE,"reported","igd"
5.39461e-07,85606958,361194,0.000279965,0.00140313,"1","ukb-d-K61","rs76629852","G","A",0.0583332," || id:ukb-d-K61",TRUE,"reported","igd"
4.86855e-06,7044865,361194,0.000482472,0.00220511,"2","ukb-d-K61","rs59293875","C","T",0.0219375," || id:ukb-d-K61",TRUE,"reported","igd"
4.64826e-06,12570943,361194,0.000612864,0.002807,"3","ukb-d-K61","rs147785705","C","T",0.0115218," || id:ukb-d-K61",TRUE,"reported","igd"
4.80242e-06,182402470,361194,0.000192823,-0.000881839,"4","ukb-d-K61","rs78442789","C","T",0.132888," || id:ukb-d-K61",TRUE,"reported","igd"
1.99931e-06,102831825,361194,0.000499284,0.00237338,"4","ukb-d-K61","rs181207021","G","T",0.0200382," || id:ukb-d-K61",TRUE,"reported","igd"
2.60819e-06,46567007,361194,0.000502527,0.00236165,"6","ukb-d-K61","rs9472788","C","G",0.0170076," || id:ukb-d-K61",TRUE,"reported","igd"
1.41081e-06,105789654,361194,0.000159406,0.000768902,"7","ukb-d-K61","rs56266015","A","G",0.2147," || id:ukb-d-K61",TRUE,"reported","igd"
7.84332e-07,3338538,361194,0.000520141,0.00256914,"8","ukb-d-K61","rs113026590","T","C",0.015988," || id:ukb-d-K61",TRUE,"reported","igd"
1.19141e-06,62409428,361194,0.000183167,-0.000889668,"8","ukb-d-K61","rs903027","T","G",0.85366," || id:ukb-d-K61",TRUE,"reported","igd"
2.51507e-06,43563609,361194,0.000138941,-0.000653991,"17","ukb-d-K61","rs28665346","A","T",0.656566," || id:ukb-d-K61",TRUE,"reported","igd"
1.87577e-08,60347567,361194,0.000550384,0.00309493,"18","ukb-d-K61","rs188342070","C","T",0.0143723," || id:ukb-d-K61",TRUE,"reported","igd"
3.31589e-06,6956111,361194,0.000442587,0.00205816,"18","ukb-d-K61","rs28569884","C","T",0.0216684," || id:ukb-d-K61",TRUE,"reported","igd"
1.87258e-06,30282122,361194,0.000416299,0.00198441,"18","ukb-d-K61","rs72948149","T","C",0.0248038," || id:ukb-d-K61",TRUE,"reported","igd"
1.87284e-07,16077650,361194,0.000404245,0.00210678,"19","ukb-d-K61","rs75071304","T","A",0.0277657," || id:ukb-d-K61",TRUE,"reported","igd"
