"chr.exposure","pos.exposure","samplesize.exposure","beta.exposure","pval.exposure","se.exposure","id.exposure","SNP","effect_allele.exposure","other_allele.exposure","eaf.exposure","exposure","mr_keep.exposure","pval_origin.exposure","data_source.exposure"
"1",85891709,422464,0.00145168,3.40001e-06,0.000312443,"ukb-b-6548","rs12129013","C","A",0.271037," || id:ukb-b-6548",TRUE,"reported","igd"
"2",132301755,422464,0.00204498,4.20001e-06,0.000444335,"ukb-b-6548","rs60011031","C","T",0.107448," || id:ukb-b-6548",TRUE,"reported","igd"
"3",77558099,422464,0.00216649,2.1e-06,0.000457,"ukb-b-6548","rs62251087","A","G",0.103665," || id:ukb-b-6548",TRUE,"reported","igd"
"6",121862901,422464,-0.00129107,4.09996e-06,0.000280296,"ukb-b-6548","rs9490320","G","T",0.439723," || id:ukb-b-6548",TRUE,"reported","igd"
"9",138107620,422464,-0.0016439,7.10003e-07,0.000331499,"ukb-b-6548","rs7042026","G","A",0.233693," || id:ukb-b-6548",TRUE,"reported","igd"
"11",19750100,422464,0.00217366,3.50002e-06,0.000468731,"ukb-b-6548","rs723978","T","C",0.097517," || id:ukb-b-6548",TRUE,"reported","igd"
"12",127877444,422464,-0.00130308,4.20001e-06,0.00028334,"ukb-b-6548","rs7309584","A","G",0.414631," || id:ukb-b-6548",TRUE,"reported","igd"
"13",75972342,422464,-0.00271597,2.5e-06,0.000577144,"ukb-b-6548","rs76738897","A","G",0.062277," || id:ukb-b-6548",TRUE,"reported","igd"
"16",17447826,422464,-0.00271203,4.20001e-06,0.00058965,"ukb-b-6548","rs72781544","A","G",0.060546," || id:ukb-b-6548",TRUE,"reported","igd"
"17",44345063,422464,-0.00263276,8.99912e-13,0.000368437,"ukb-b-6548","rs2732651","T","C",0.193172," || id:ukb-b-6548",TRUE,"reported","igd"
"21",43861534,422464,0.00142147,2.30001e-06,0.00030104,"ukb-b-6548","rs12627227","A","T",0.693087," || id:ukb-b-6548",TRUE,"reported","igd"
