"pval.exposure","se.exposure","beta.exposure","samplesize.exposure","pos.exposure","chr.exposure","id.exposure","SNP","effect_allele.exposure","other_allele.exposure","eaf.exposure","exposure","mr_keep.exposure","pval_origin.exposure","data_source.exposure"
1.81518e-06,0.000708074,0.00337968,361194,119733156,"1","ukb-d-K26","rs115788529","T","C",0.011254," || id:ukb-d-K26",TRUE,"reported","igd"
4.35121e-06,0.000204178,0.000937978,361194,227619774,"1","ukb-d-K26","rs72764709","A","G",0.15035," || id:ukb-d-K26",TRUE,"reported","igd"
4.75105e-06,0.000470728,0.00215384,361194,17153548,"2","ukb-d-K26","rs114049266","C","T",0.024365," || id:ukb-d-K26",TRUE,"reported","igd"
4.45441e-06,0.000159774,0.000733208,361194,24730749,"3","ukb-d-K26","rs73046436","C","A",0.301138," || id:ukb-d-K26",TRUE,"reported","igd"
2.11159e-06,0.000499042,0.00236672,361194,24806609,"4","ukb-d-K26","rs76834894","A","G",0.0215895," || id:ukb-d-K26",TRUE,"reported","igd"
1.62783e-06,0.000702433,0.00336813,361194,120758246,"5","ukb-d-K26","rs191466734","A","C",0.0110463," || id:ukb-d-K26",TRUE,"reported","igd"
4.25608e-06,0.000644886,0.00296553,361194,69598275,"6","ukb-d-K26","rs150638293","G","A",0.0133771," || id:ukb-d-K26",TRUE,"reported","igd"
4.4156e-07,0.000342919,0.00173181,361194,5170255,"8","ukb-d-K26","rs6991417","A","G",0.046756," || id:ukb-d-K26",TRUE,"reported","igd"
8.43335e-10,0.00014697,-0.000901913,361194,143778381,"8","ukb-d-K26","rs2585176","T","A",0.423894," || id:ukb-d-K26",TRUE,"reported","igd"
4.08037e-07,0.000515562,0.00261146,361194,116218205,"10","ukb-d-K26","rs61870074","T","C",0.0218964," || id:ukb-d-K26",TRUE,"reported","igd"
1.78435e-06,0.000711376,0.00339789,361194,2375492,"17","ukb-d-K26","rs143670554","T","C",0.0110597," || id:ukb-d-K26",TRUE,"reported","igd"
1.86844e-06,0.000156535,-0.000746237,361194,10367168,"18","ukb-d-K26","rs11660202","A","G",0.339703," || id:ukb-d-K26",TRUE,"reported","igd"
3.33004e-06,0.000438472,0.00203864,361194,62577161,"18","ukb-d-K26","rs79570973","T","G",0.0281082," || id:ukb-d-K26",TRUE,"reported","igd"
3.20479e-06,0.000436209,0.00203156,361194,14941418,"18","ukb-d-K26","rs72875645","A","G",0.0296517," || id:ukb-d-K26",TRUE,"reported","igd"
1.49218e-06,0.000619544,0.00298147,361194,33271085,"19","ukb-d-K26","rs192840934","A","G",0.0145736," || id:ukb-d-K26",TRUE,"reported","igd"
4.45595e-06,0.0002919,0.00133952,361194,46827113,"20","ukb-d-K26","rs73626381","T","C",0.0667133," || id:ukb-d-K26",TRUE,"reported","igd"
