"pval.exposure","beta.exposure","se.exposure","samplesize.exposure","pos.exposure","chr.exposure","id.exposure","SNP","effect_allele.exposure","other_allele.exposure","eaf.exposure","exposure","mr_keep.exposure","pval_origin.exposure","data_source.exposure"
4.39997e-06,-0.00308542,0.000671668,461491,177801569,"5","ukb-b-14525","rs72822848","A","G",0.062238," || id:ukb-b-14525",TRUE,"reported","igd"
3.09999e-06,-0.00373574,0.000801447,461491,174939464,"5","ukb-b-14525","rs2652191","T","C",0.958492," || id:ukb-b-14525",TRUE,"reported","igd"
4.60002e-06,0.00154238,0.00033647,461491,78389781,"7","ukb-b-14525","rs10255247","T","C",0.333007," || id:ukb-b-14525",TRUE,"reported","igd"
1.2e-07,-0.00283884,0.000536685,461491,140033084,"9","ukb-b-14525","rs11146020","C","G",0.098227," || id:ukb-b-14525",TRUE,"reported","igd"
2.39999e-06,0.00150059,0.000318375,461491,9363769,"9","ukb-b-14525","rs10759056","G","T",0.442127," || id:ukb-b-14525",TRUE,"reported","igd"
8.60003e-11,0.00205125,0.000316114,461491,22119195,"9","ukb-b-14525","rs1333045","C","T",0.516295," || id:ukb-b-14525",TRUE,"reported","igd"
1.40001e-06,0.00302197,0.000625787,461491,34315919,"11","ukb-b-14525","rs7124183","C","T",0.068064," || id:ukb-b-14525",TRUE,"reported","igd"
4.90004e-06,-0.00144003,0.000315316,461491,111904371,"12","ukb-b-14525","rs4766578","A","T",0.50423," || id:ukb-b-14525",TRUE,"reported","igd"
4.20001e-06,0.00179586,0.00039019,461491,59974439,"13","ukb-b-14525","rs11839321","C","A",0.206535," || id:ukb-b-14525",TRUE,"reported","igd"
8.60003e-07,-0.00185332,0.000376557,461491,12653862,"16","ukb-b-14525","rs11863694","G","A",0.772519," || id:ukb-b-14525",TRUE,"reported","igd"
3.50002e-06,0.00401141,0.0008647,461491,74000076,"17","ukb-b-14525","rs17878278","T","C",0.034698," || id:ukb-b-14525",TRUE,"reported","igd"
3.79997e-06,0.00206421,0.000446359,461491,31484288,"21","ukb-b-14525","rs2832629","C","T",0.147466," || id:ukb-b-14525",TRUE,"reported","igd"
