"chr.exposure","pos.exposure","pval.exposure","se.exposure","samplesize.exposure","beta.exposure","id.exposure","SNP","effect_allele.exposure","other_allele.exposure","eaf.exposure","exposure","mr_keep.exposure","pval_origin.exposure","data_source.exposure"
"2",223692030,8.40001e-08,0.00417277,64949,0.0223588,"ukb-b-14182","rs62187193","C","T",0.237659," || id:ukb-b-14182",TRUE,"reported","igd"
"7",127966666,3.29997e-06,0.00559405,64949,-0.0260107,"ukb-b-14182","rs71578258","C","T",0.132282," || id:ukb-b-14182",TRUE,"reported","igd"
"8",51241564,4.60002e-06,0.00697707,64949,-0.0319797,"ukb-b-14182","rs76261861","C","A",0.070949," || id:ukb-b-14182",TRUE,"reported","igd"
"9",136011495,2.19999e-09,0.0148066,64949,0.0885623,"ukb-b-14182","rs118089775","T","C",0.01493," || id:ukb-b-14182",TRUE,"reported","igd"
"10",2466352,3.29997e-07,0.0110767,64949,0.05658,"ukb-b-14182","rs58510658","A","T",0.026555," || id:ukb-b-14182",TRUE,"reported","igd"
"10",29979708,2.69998e-06,0.00507849,64949,0.0238486,"ukb-b-14182","rs4747673","A","C",0.145227," || id:ukb-b-14182",TRUE,"reported","igd"
"14",60251591,4.60002e-07,0.0105771,64949,0.0533167,"ukb-b-14182","rs80030728","C","T",0.028992," || id:ukb-b-14182",TRUE,"reported","igd"
"14",99492005,1.79999e-06,0.020492,64949,0.0978304,"ukb-b-14182","rs111701790","C","T",0.008644," || id:ukb-b-14182",TRUE,"reported","igd"
"17",40595059,1.09999e-06,0.0173318,64949,0.0845396,"ukb-b-14182","rs117853141","G","T",0.011137," || id:ukb-b-14182",TRUE,"reported","igd"
"19",49640835,4e-06,0.00735226,64949,0.0338932,"ukb-b-14182","rs7259991","T","C",0.062876," || id:ukb-b-14182",TRUE,"reported","igd"
"19",34295278,6.59994e-07,0.00493907,64949,0.0245555,"ukb-b-14182","rs73039061","G","T",0.152096," || id:ukb-b-14182",TRUE,"reported","igd"
"22",18519086,7.59994e-07,0.0261226,64949,0.129193,"ukb-b-14182","rs60122509","C","G",0.005399," || id:ukb-b-14182",TRUE,"reported","igd"
