"pval.exposure","beta.exposure","chr.exposure","pos.exposure","samplesize.exposure","se.exposure","id.exposure","SNP","effect_allele.exposure","other_allele.exposure","eaf.exposure","exposure","mr_keep.exposure","pval_origin.exposure","data_source.exposure"
1.70663e-06,0.0051551,"1",155164480,308780,0.00107724,"ukb-a-212","rs12411216","A","C",0.457061," || id:ukb-a-212",TRUE,"reported","igd"
3.05548e-06,-0.0146604,"4",152493176,308780,0.00314119,"ukb-a-212","rs77964690","G","A",0.0301499," || id:ukb-a-212",TRUE,"reported","igd"
4.45923e-07,-0.00584649,"4",38740776,308780,0.0011581,"ukb-a-212","rs12504547","C","T",0.332574," || id:ukb-a-212",TRUE,"reported","igd"
1.40456e-06,0.0362674,"5",22912972,308780,0.00751741,"ukb-a-212","rs187002514","T","G",0.00623667," || id:ukb-a-212",TRUE,"reported","igd"
2.97927e-07,0.00691095,"5",121640026,308780,0.00134851,"ukb-a-212","rs57730272","T","A",0.200067," || id:ukb-a-212",TRUE,"reported","igd"
8.13523e-07,-0.00764695,"5",44629545,308780,0.00155042,"ukb-a-212","rs75209549","G","A",0.143137," || id:ukb-a-212",TRUE,"reported","igd"
1.06152e-06,0.00534998,"10",80851257,308780,0.00109631,"ukb-a-212","rs719338","T","G",0.593761," || id:ukb-a-212",TRUE,"reported","igd"
9.06567e-09,-0.00629119,"10",123334930,308780,0.0010946,"ukb-a-212","rs11200014","A","G",0.404501," || id:ukb-a-212",TRUE,"reported","igd"
3.54658e-06,0.00502123,"11",113383394,308780,0.001083,"ukb-a-212","rs4479021","A","G",0.433603," || id:ukb-a-212",TRUE,"reported","igd"
7.43344e-07,-0.0103477,"11",69331418,308780,0.00209054,"ukb-a-212","rs78540526","T","C",0.0714639," || id:ukb-a-212",TRUE,"reported","igd"
1.96503e-06,0.00511234,"13",73834888,308780,0.00107468,"ukb-a-212","rs7985064","G","T",0.491314," || id:ukb-a-212",TRUE,"reported","igd"
4.46704e-06,0.00540562,"14",70344315,308780,0.00117809,"ukb-a-212","rs749397","A","C",0.697818," || id:ukb-a-212",TRUE,"reported","igd"
4.39866e-06,0.00496837,"18",35828418,308780,0.00108204,"ukb-a-212","rs12605861","A","G",0.557693," || id:ukb-a-212",TRUE,"reported","igd"
2.06087e-06,-0.00824323,"22",26470198,308780,0.00173635,"ukb-a-212","rs1569845","C","T",0.107251," || id:ukb-a-212",TRUE,"reported","igd"
