"se.exposure","pos.exposure","pval.exposure","chr.exposure","samplesize.exposure","beta.exposure","id.exposure","SNP","effect_allele.exposure","other_allele.exposure","eaf.exposure","exposure","mr_keep.exposure","pval_origin.exposure","data_source.exposure"
0.000198426,219744138,3.29997e-07,"1",463010,0.00101314,"ukb-b-898","rs2785988","A","C",0.297474," || id:ukb-b-898",TRUE,"reported","igd"
0.000229129,64166498,3.2e-07,"3",463010,0.00117049,"ukb-b-898","rs9713970","T","C",0.195926," || id:ukb-b-898",TRUE,"reported","igd"
0.000182276,138536190,3.79997e-07,"3",463010,-0.000925886,"ukb-b-898","rs6805253","C","A",0.462865," || id:ukb-b-898",TRUE,"reported","igd"
0.000183516,80368171,2.19999e-06,"5",463010,0.000868959,"ukb-b-898","rs252586","A","G",0.550372," || id:ukb-b-898",TRUE,"reported","igd"
0.000189153,45368797,1.40001e-07,"6",463010,0.000995013,"ukb-b-898","rs9296459","A","G",0.360005," || id:ukb-b-898",TRUE,"reported","igd"
0.000181882,26591585,3.59998e-06,"7",463010,-0.000842815,"ukb-b-898","rs10248571","T","G",0.498742," || id:ukb-b-898",TRUE,"reported","igd"
0.000186836,28481102,2.30001e-07,"7",463010,-0.000966623,"ukb-b-898","rs4722795","C","T",0.398072," || id:ukb-b-898",TRUE,"reported","igd"
0.000188741,11838986,3.79997e-06,"8",463010,0.000872269,"ukb-b-898","rs35629514","A","G",0.381217," || id:ukb-b-898",TRUE,"reported","igd"
0.000183739,117856912,2.19999e-06,"9",463010,-0.000870623,"ukb-b-898","rs1929395","T","A",0.424621," || id:ukb-b-898",TRUE,"reported","igd"
0.000200039,33431062,9.80009e-07,"10",463010,-0.000979291,"ukb-b-898","rs2750048","A","C",0.29222," || id:ukb-b-898",TRUE,"reported","igd"
0.000220522,121830780,2.59998e-06,"11",463010,0.00103567,"ukb-b-898","rs11600869","T","C",0.218489," || id:ukb-b-898",TRUE,"reported","igd"
0.000225063,28025196,8.40001e-09,"12",463010,0.00129643,"ukb-b-898","rs10843013","C","A",0.20442," || id:ukb-b-898",TRUE,"reported","igd"
0.000194253,36577877,1.09999e-06,"15",463010,-0.000945803,"ukb-b-898","rs12594703","C","T",0.674503," || id:ukb-b-898",TRUE,"reported","igd"
0.000190842,99106432,2.90001e-06,"15",463010,-0.000893302,"ukb-b-898","rs7497612","C","A",0.334234," || id:ukb-b-898",TRUE,"reported","igd"
0.000300262,54349271,4.79999e-06,"16",463010,-0.00137316,"ukb-b-898","rs12931220","T","C",0.101879," || id:ukb-b-898",TRUE,"reported","igd"
0.00018538,67495963,1.6e-06,"17",463010,0.000890676,"ukb-b-898","rs2716214","A","G",0.407567," || id:ukb-b-898",TRUE,"reported","igd"
