"chr.exposure","pos.exposure","se.exposure","beta.exposure","pval.exposure","samplesize.exposure","id.exposure","SNP","effect_allele.exposure","other_allele.exposure","eaf.exposure","exposure","mr_keep.exposure","pval_origin.exposure","data_source.exposure"
"2",141147239,0.000496665,0.00290217,5.1213e-09,361194,"ukb-d-R93","rs114759563","G","C",0.0235924," || id:ukb-d-R93",TRUE,"reported","igd"
"2",151316272,0.000738299,0.00341271,3.79463e-06,361194,"ukb-d-R93","rs144425541","A","G",0.0109906," || id:ukb-d-R93",TRUE,"reported","igd"
"2",82376606,0.000662344,0.00321636,1.19809e-06,361194,"ukb-d-R93","rs116384970","T","G",0.0121055," || id:ukb-d-R93",TRUE,"reported","igd"
"2",227971976,0.000536807,0.00254011,2.22531e-06,361194,"ukb-d-R93","rs114030251","G","A",0.0173826," || id:ukb-d-R93",TRUE,"reported","igd"
"4",41585564,0.000313094,0.00155781,6.50939e-07,361194,"ukb-d-R93","rs80125379","A","G",0.0521008," || id:ukb-d-R93",TRUE,"reported","igd"
"7",25473826,0.000253499,0.00122362,1.38727e-06,361194,"ukb-d-R93","rs62452196","G","A",0.0844823," || id:ukb-d-R93",TRUE,"reported","igd"
"9",80883774,0.000435395,-0.00202236,3.40369e-06,361194,"ukb-d-R93","rs12550938","A","G",0.0263064," || id:ukb-d-R93",TRUE,"reported","igd"
"9",118222168,0.000374019,0.00176201,2.46564e-06,361194,"ukb-d-R93","rs113125225","T","C",0.0363054," || id:ukb-d-R93",TRUE,"reported","igd"
"12",51536914,0.000167257,-0.000772818,3.82886e-06,361194,"ukb-d-R93","rs2640527","G","C",0.775841," || id:ukb-d-R93",TRUE,"reported","igd"
"14",62409427,0.000651382,0.00305987,2.63457e-06,361194,"ukb-d-R93","rs74925274","G","A",0.0123059," || id:ukb-d-R93",TRUE,"reported","igd"
"16",79297092,0.000485119,0.00231417,1.84001e-06,361194,"ukb-d-R93","rs76652854","A","G",0.0226583," || id:ukb-d-R93",TRUE,"reported","igd"
"20",58087134,0.000494404,0.00230058,3.26881e-06,361194,"ukb-d-R93","rs115315773","T","C",0.0202219," || id:ukb-d-R93",TRUE,"reported","igd"
"22",24189443,0.000342117,-0.00157183,4.3412e-06,361194,"ukb-d-R93","rs6003920","C","T",0.951711," || id:ukb-d-R93",TRUE,"reported","igd"
