"samplesize.exposure","beta.exposure","chr.exposure","se.exposure","pos.exposure","pval.exposure","id.exposure","SNP","effect_allele.exposure","other_allele.exposure","eaf.exposure","exposure","mr_keep.exposure","pval_origin.exposure","data_source.exposure"
91149,-0.00470493,"1",0.000991879,115042415,2.10431e-06,"ukb-d-22617_3561","rs11102802","T","C",0.26075," || id:ukb-d-22617_3561",TRUE,"reported","igd"
91149,0.00578847,"2",0.00120429,57829924,1.53801e-06,"ukb-d-22617_3561","rs72950067","C","G",0.154794," || id:ukb-d-22617_3561",TRUE,"reported","igd"
91149,-0.00399869,"2",0.000875837,73418424,4.98793e-06,"ukb-d-22617_3561","rs12467576","C","G",0.455834," || id:ukb-d-22617_3561",TRUE,"reported","igd"
91149,0.0144147,"5",0.00292142,107424535,8.06436e-07,"ukb-d-22617_3561","rs115728951","T","C",0.0228856," || id:ukb-d-22617_3561",TRUE,"reported","igd"
91149,-0.00443787,"5",0.000931673,169244934,1.90708e-06,"ukb-d-22617_3561","rs149700","C","A",0.326459," || id:ukb-d-22617_3561",TRUE,"reported","igd"
91149,0.0227271,"6",0.00405995,76847761,2.17621e-08,"ukb-d-22617_3561","rs184687736","T","C",0.013429," || id:ukb-d-22617_3561",TRUE,"reported","igd"
91149,0.00444167,"11",0.000913214,96601831,1.15356e-06,"ukb-d-22617_3561","rs3018629","T","C",0.633963," || id:ukb-d-22617_3561",TRUE,"reported","igd"
91149,0.0132037,"12",0.00268351,110085602,8.65526e-07,"ukb-d-22617_3561","rs111317171","T","A",0.030688," || id:ukb-d-22617_3561",TRUE,"reported","igd"
91149,0.01594,"15",0.00345256,92828379,3.90131e-06,"ukb-d-22617_3561","rs75548168","C","T",0.0179181," || id:ukb-d-22617_3561",TRUE,"reported","igd"
91149,0.00492264,"16",0.00100719,68226164,1.02308e-06,"ukb-d-22617_3561","rs543537776","A","G",0.29116," || id:ukb-d-22617_3561",TRUE,"reported","igd"
91149,0.0127437,"19",0.00249479,22336172,3.26009e-07,"ukb-d-22617_3561","rs200292993","G","A",0.0323685," || id:ukb-d-22617_3561",TRUE,"reported","igd"
91149,0.0109418,"19",0.00220947,35898189,7.35072e-07,"ukb-d-22617_3561","rs118172715","T","A",0.0473066," || id:ukb-d-22617_3561",TRUE,"reported","igd"
91149,-0.00955367,"21",0.00189144,43114842,4.40332e-07,"ukb-d-22617_3561","rs11702234","A","G",0.0566937," || id:ukb-d-22617_3561",TRUE,"reported","igd"
