"se.exposure","beta.exposure","pos.exposure","samplesize.exposure","pval.exposure","chr.exposure","id.exposure","SNP","effect_allele.exposure","other_allele.exposure","eaf.exposure","exposure","mr_keep.exposure","pval_origin.exposure","data_source.exposure"
0.000161763,0.000772199,204568610,463010,1.79999e-06,"1","ukb-b-10623","rs6594019","C","T",0.677402," || id:ukb-b-10623",TRUE,"reported","igd"
0.000174406,-0.000901272,169517436,463010,2.39999e-07,"3","ukb-b-10623","rs9876206","T","C",0.24845," || id:ukb-b-10623",TRUE,"reported","igd"
0.000153797,0.000730902,92036427,463010,2e-06,"9","ukb-b-10623","rs4132699","C","A",0.399067," || id:ukb-b-10623",TRUE,"reported","igd"
0.000152522,-0.000801408,84308948,463010,1.5e-07,"9","ukb-b-10623","rs2796441","A","G",0.418466," || id:ukb-b-10623",TRUE,"reported","igd"
0.000154462,0.000708653,101726631,463010,4.49997e-06,"10","ukb-b-10623","rs11190345","A","G",0.390838," || id:ukb-b-10623",TRUE,"reported","igd"
0.000154889,-0.000743124,98808394,463010,1.6e-06,"11","ukb-b-10623","rs10892541","T","G",0.405443," || id:ukb-b-10623",TRUE,"reported","igd"
0.000163624,0.000808161,111180390,463010,7.79992e-07,"11","ukb-b-10623","rs11213825","A","C",0.311982," || id:ukb-b-10623",TRUE,"reported","igd"
0.000169411,0.00079649,27791110,463010,2.59998e-06,"11","ukb-b-10623","rs17244217","T","G",0.273873," || id:ukb-b-10623",TRUE,"reported","igd"
0.000215754,0.00098717,124848482,463010,4.79999e-06,"12","ukb-b-10623","rs75164514","G","T",0.144012," || id:ukb-b-10623",TRUE,"reported","igd"
0.00016428,-0.000755237,80762611,463010,4.30002e-06,"13","ukb-b-10623","rs515283","C","G",0.693366," || id:ukb-b-10623",TRUE,"reported","igd"
0.000189103,0.00121903,33011851,463010,1.09999e-10,"15","ukb-b-10623","rs8034965","T","G",0.199769," || id:ukb-b-10623",TRUE,"reported","igd"
0.000150848,-0.000695628,46453463,463010,4e-06,"18","ukb-b-10623","rs4939827","C","T",0.477751," || id:ukb-b-10623",TRUE,"reported","igd"
0.000153739,0.000716531,61206323,463010,3.2e-06,"20","ukb-b-10623","rs28398212","T","C",0.576283," || id:ukb-b-10623",TRUE,"reported","igd"
