"pos.exposure","beta.exposure","samplesize.exposure","se.exposure","pval.exposure","chr.exposure","id.exposure","SNP","effect_allele.exposure","other_allele.exposure","eaf.exposure","exposure","mr_keep.exposure","pval_origin.exposure","data_source.exposure"
62124997,-0.138679,64979,0.0301895,4.39997e-06,"2","ukb-b-11349","rs57185514","G","A",0.008126," || id:ukb-b-11349",TRUE,"reported","igd"
34515489,0.0601471,64979,0.0131667,4.90004e-06,"2","ukb-b-11349","rs78074774","T","C",0.044671," || id:ukb-b-11349",TRUE,"reported","igd"
140739695,0.05368,64979,0.0116503,4.09996e-06,"2","ukb-b-11349","rs139588363","C","T",0.058137," || id:ukb-b-11349",TRUE,"reported","igd"
115406478,-0.0272574,64979,0.00552739,8.19993e-07,"3","ukb-b-11349","rs3772928","C","T",0.575413," || id:ukb-b-11349",TRUE,"reported","igd"
14144445,-0.0373906,64979,0.00670304,2.39999e-08,"7","ukb-b-11349","rs76630415","G","T",0.212036," || id:ukb-b-11349",TRUE,"reported","igd"
3463535,0.0252219,64979,0.00546681,4e-06,"8","ukb-b-11349","rs2449166","T","C",0.471417," || id:ukb-b-11349",TRUE,"reported","igd"
87848038,-0.051278,64979,0.0111147,4e-06,"10","ukb-b-11349","rs7074988","G","A",0.063705," || id:ukb-b-11349",TRUE,"reported","igd"
17929657,-0.140897,64979,0.0280515,5.1e-07,"16","ukb-b-11349","rs118164003","T","C",0.009484," || id:ukb-b-11349",TRUE,"reported","igd"
77060066,0.0258943,64979,0.00563529,4.30002e-06,"16","ukb-b-11349","rs1502443","G","C",0.630046," || id:ukb-b-11349",TRUE,"reported","igd"
7499349,-0.0792943,64979,0.017182,3.89996e-06,"17","ukb-b-11349","rs16956822","A","G",0.02616," || id:ukb-b-11349",TRUE,"reported","igd"
3016615,0.0278138,64979,0.00581169,1.7e-06,"18","ukb-b-11349","rs8085166","G","A",0.676915," || id:ukb-b-11349",TRUE,"reported","igd"
482310,0.104439,64979,0.0223794,3.09999e-06,"18","ukb-b-11349","rs148031795","T","C",0.015003," || id:ukb-b-11349",TRUE,"reported","igd"
13683165,0.0731991,64979,0.0156345,2.80001e-06,"20","ukb-b-11349","rs79975477","T","C",0.030964," || id:ukb-b-11349",TRUE,"reported","igd"
31013399,-0.0677158,64979,0.0147765,4.60002e-06,"22","ukb-b-11349","rs76802001","A","G",0.036193," || id:ukb-b-11349",TRUE,"reported","igd"
46147495,-0.0756746,64979,0.0164864,4.39997e-06,"22","ukb-b-11349","rs79748722","T","C",0.027963," || id:ukb-b-11349",TRUE,"reported","igd"
