"chr.exposure","pos.exposure","se.exposure","beta.exposure","samplesize.exposure","pval.exposure","id.exposure","SNP","effect_allele.exposure","other_allele.exposure","eaf.exposure","exposure","mr_keep.exposure","pval_origin.exposure","data_source.exposure"
"1",246814137,0.000976742,0.00455517,299898,3.10806e-06,"ukb-d-1468_1","rs3129559","A","G",0.556334," || id:ukb-d-1468_1",TRUE,"reported","igd"
"2",207843967,0.00111775,-0.00514109,299898,4.23692e-06,"ukb-d-1468_1","rs147186763","A","C",0.265078," || id:ukb-d-1468_1",TRUE,"reported","igd"
"2",77297972,0.00375671,-0.0176347,299898,2.67781e-06,"ukb-d-1468_1","rs144959869","C","G",0.0183738," || id:ukb-d-1468_1",TRUE,"reported","igd"
"2",25136866,0.000972473,0.00548136,299898,1.7368e-08,"ukb-d-1468_1","rs10203386","A","T",0.452443," || id:ukb-d-1468_1",TRUE,"reported","igd"
"6",100243033,0.00118323,0.00542324,299898,4.57615e-06,"ukb-d-1468_1","rs17236659","G","A",0.213308," || id:ukb-d-1468_1",TRUE,"reported","igd"
"6",149955366,0.00104796,0.00490944,299898,2.80427e-06,"ukb-d-1468_1","rs9322203","G","A",0.317429," || id:ukb-d-1468_1",TRUE,"reported","igd"
"7",51719529,0.000971903,-0.00457105,299898,2.56242e-06,"ukb-d-1468_1","rs6592945","A","T",0.523822," || id:ukb-d-1468_1",TRUE,"reported","igd"
"7",31001075,0.000998724,0.0053018,299898,1.10568e-07,"ukb-d-1468_1","rs10225302","T","C",0.41342," || id:ukb-d-1468_1",TRUE,"reported","igd"
"8",119265007,0.00637053,0.0302486,299898,2.05315e-06,"ukb-d-1468_1","rs11562791","T","C",0.0059004," || id:ukb-d-1468_1",TRUE,"reported","igd"
"8",31459960,0.00108928,-0.00530801,299898,1.10009e-06,"ukb-d-1468_1","rs13274406","C","T",0.284618," || id:ukb-d-1468_1",TRUE,"reported","igd"
"8",125865260,0.00400287,0.0192914,299898,1.44062e-06,"ukb-d-1468_1","rs145549010","A","G",0.0151364," || id:ukb-d-1468_1",TRUE,"reported","igd"
"12",24071751,0.00106816,0.00515704,299898,1.38016e-06,"ukb-d-1468_1","rs11047165","C","T",0.29039," || id:ukb-d-1468_1",TRUE,"reported","igd"
"14",63344922,0.0033502,0.0155877,299898,3.27665e-06,"ukb-d-1468_1","rs548159361","C","G",0.0249629," || id:ukb-d-1468_1",TRUE,"reported","igd"
"16",56733116,0.00236393,-0.0108268,299898,4.65168e-06,"ukb-d-1468_1","rs79741827","C","T",0.0448608," || id:ukb-d-1468_1",TRUE,"reported","igd"
"20",9774742,0.00273484,0.0125673,299898,4.32394e-06,"ukb-d-1468_1","rs6056882","A","G",0.0325189," || id:ukb-d-1468_1",TRUE,"reported","igd"
