"se.exposure","pos.exposure","beta.exposure","chr.exposure","samplesize.exposure","pval.exposure","id.exposure","SNP","effect_allele.exposure","other_allele.exposure","eaf.exposure","exposure","mr_keep.exposure","pval_origin.exposure","data_source.exposure"
0.00424432,215539170,0.0201285,"2",54608,2.1168e-06,"ukb-d-6070_6","rs6727011","T","G",0.0473769," || id:ukb-d-6070_6",TRUE,"reported","igd"
0.00269366,224993156,0.0132588,"2",54608,8.58124e-07,"ukb-d-6070_6","rs4102100","A","G",0.871211," || id:ukb-d-6070_6",TRUE,"reported","igd"
0.00516775,7031658,-0.024236,"2",54608,2.74069e-06,"ukb-d-6070_6","rs6748514","C","G",0.0318937," || id:ukb-d-6070_6",TRUE,"reported","igd"
0.0021429,24790391,0.0124733,"3",54608,5.89047e-09,"ukb-d-6070_6","rs73037416","C","G",0.230219," || id:ukb-d-6070_6",TRUE,"reported","igd"
0.00271755,109899276,0.0127734,"3",54608,2.60375e-06,"ukb-d-6070_6","rs11708958","C","A",0.131892," || id:ukb-d-6070_6",TRUE,"reported","igd"
0.0018663,2446499,0.00909986,"5",54608,1.08623e-06,"ukb-d-6070_6","rs34571508","C","T",0.501358," || id:ukb-d-6070_6",TRUE,"reported","igd"
0.00842406,27913334,0.0390387,"6",54608,3.59162e-06,"ukb-d-6070_6","rs146461712","C","T",0.0132136," || id:ukb-d-6070_6",TRUE,"reported","igd"
0.00438127,38438167,0.0204275,"8",54608,3.13206e-06,"ukb-d-6070_6","rs113791066","A","T",0.0443804," || id:ukb-d-6070_6",TRUE,"reported","igd"
0.00355773,17354463,-0.0183775,"8",54608,2.40625e-07,"ukb-d-6070_6","rs2517153","C","T",0.929955," || id:ukb-d-6070_6",TRUE,"reported","igd"
0.00180581,134181101,-0.00837486,"11",54608,3.53094e-06,"ukb-d-6070_6","rs1144218","C","T",0.481645," || id:ukb-d-6070_6",TRUE,"reported","igd"
0.00405221,27510454,0.0191372,"14",54608,2.33367e-06,"ukb-d-6070_6","rs72677213","A","G",0.0523," || id:ukb-d-6070_6",TRUE,"reported","igd"
0.00244317,2084723,-0.0115008,"16",54608,2.51617e-06,"ukb-d-6070_6","rs191406466","T","G",0.187469," || id:ukb-d-6070_6",TRUE,"reported","igd"
0.00694589,26722359,0.0344466,"17",54608,7.09676e-07,"ukb-d-6070_6","rs117397871","C","G",0.0170122," || id:ukb-d-6070_6",TRUE,"reported","igd"
0.0045264,33346430,0.0210498,"19",54608,3.31971e-06,"ukb-d-6070_6","rs111590167","T","C",0.042531," || id:ukb-d-6070_6",TRUE,"reported","igd"
