"samplesize.exposure","pos.exposure","se.exposure","pval.exposure","chr.exposure","beta.exposure","id.exposure","SNP","effect_allele.exposure","other_allele.exposure","eaf.exposure","exposure","mr_keep.exposure","pval_origin.exposure","data_source.exposure"
117922,104208153,0.00554746,7.83123e-07,"2",0.0274033,"ukb-d-20526","rs1839895","G","A",0.987196," || id:ukb-d-20526",TRUE,"reported","igd"
117922,120137604,0.00411616,2.32001e-06,"2",0.019443,"ukb-d-20526","rs114390626","C","G",0.0225018," || id:ukb-d-20526",TRUE,"reported","igd"
117922,133970507,0.0012239,3.50938e-06,"2",-0.00567732,"ukb-d-20526","rs6715953","C","A",0.534072," || id:ukb-d-20526",TRUE,"reported","igd"
117922,139745446,0.00383977,4.176e-07,"3",0.0194332,"ukb-d-20526","rs78467842","T","C",0.0266986," || id:ukb-d-20526",TRUE,"reported","igd"
117922,36882672,0.00170957,4.88619e-08,"4",-0.00932702,"ukb-d-20526","rs6837258","T","A",0.146577," || id:ukb-d-20526",TRUE,"reported","igd"
117922,189136166,0.00464781,2.92308e-06,"4",-0.0217349,"ukb-d-20526","rs116007920","T","G",0.017815," || id:ukb-d-20526",TRUE,"reported","igd"
117922,166290574,0.00147445,1.95506e-06,"5",-0.0070158,"ukb-d-20526","rs7719835","G","A",0.228465," || id:ukb-d-20526",TRUE,"reported","igd"
117922,151764250,0.00157338,3.1434e-06,"6",0.00733421,"ukb-d-20526","rs62444265","G","A",0.182751," || id:ukb-d-20526",TRUE,"reported","igd"
117922,81363334,0.00139589,1.29208e-06,"7",-0.0067578,"ukb-d-20526","rs11975846","A","G",0.754576," || id:ukb-d-20526",TRUE,"reported","igd"
117922,94249782,0.00126236,3.68595e-06,"8",0.00584294,"ukb-d-20526","rs922919","A","T",0.647259," || id:ukb-d-20526",TRUE,"reported","igd"
117922,107319661,0.00136691,3.0552e-06,"12",-0.00637977,"ukb-d-20526","rs10861678","A","G",0.265894," || id:ukb-d-20526",TRUE,"reported","igd"
117922,87021293,0.00438254,3.1886e-06,"15",0.0204161,"ukb-d-20526","rs138338312","A","G",0.0208656," || id:ukb-d-20526",TRUE,"reported","igd"
117922,24461338,0.0021442,3.74386e-06,"15",0.00991766,"ukb-d-20526","rs201061175","T","A",0.0861686," || id:ukb-d-20526",TRUE,"reported","igd"
117922,86415740,0.00579768,3.28451e-06,"16",0.0269731,"ukb-d-20526","rs17179660","G","A",0.0116615," || id:ukb-d-20526",TRUE,"reported","igd"
