"beta.exposure","pval.exposure","samplesize.exposure","se.exposure","pos.exposure","chr.exposure","id.exposure","SNP","effect_allele.exposure","other_allele.exposure","eaf.exposure","exposure","mr_keep.exposure","pval_origin.exposure","data_source.exposure"
0.00500789,4.20001e-07,462933,0.000990043,128780475,"5","ukb-b-1021","rs73240415","G","A",0.032689," || id:ukb-b-1021",TRUE,"reported","igd"
0.00399276,1.40001e-06,462933,0.000828514,85305095,"5","ukb-b-1021","rs62362967","C","T",0.046731," || id:ukb-b-1021",TRUE,"reported","igd"
-0.00289844,3.09999e-06,462933,0.000621525,151713405,"6","ukb-b-1021","rs72997903","A","G",0.08522," || id:ukb-b-1021",TRUE,"reported","igd"
-0.00242592,1.6e-06,462933,0.000505422,119164426,"7","ukb-b-1021","rs78348569","T","C",0.13741," || id:ukb-b-1021",TRUE,"reported","igd"
0.00213082,3.2e-06,462933,0.000457298,89969412,"8","ukb-b-1021","rs1994443","G","C",0.175798," || id:ukb-b-1021",TRUE,"reported","igd"
0.00352817,2e-06,462933,0.000742533,127688216,"9","ukb-b-1021","rs17250311","C","T",0.058233," || id:ukb-b-1021",TRUE,"reported","igd"
0.00379887,5.30005e-07,462933,0.000757275,554930,"12","ukb-b-1021","rs117557671","T","G",0.056972," || id:ukb-b-1021",TRUE,"reported","igd"
0.00163792,2.69998e-06,462933,0.000349002,24025501,"12","ukb-b-1021","rs12829270","A","G",0.480867," || id:ukb-b-1021",TRUE,"reported","igd"
-0.00172928,2.1e-06,462933,0.000364689,95680539,"13","ukb-b-1021","rs4148543","G","A",0.355158," || id:ukb-b-1021",TRUE,"reported","igd"
-0.00182931,3.40001e-06,462933,0.000393587,94372768,"14","ukb-b-1021","rs973295","G","A",0.274452," || id:ukb-b-1021",TRUE,"reported","igd"
-0.00450373,8.79995e-07,462933,0.000915877,87056557,"15","ukb-b-1021","rs111835409","G","T",0.037689," || id:ukb-b-1021",TRUE,"reported","igd"
0.00168541,3.79997e-06,462933,0.000364661,56238327,"15","ukb-b-1021","rs11071234","G","T",0.35154," || id:ukb-b-1021",TRUE,"reported","igd"
0.00361433,2.69998e-06,462933,0.000770379,69076686,"18","ukb-b-1021","rs72965025","A","G",0.054207," || id:ukb-b-1021",TRUE,"reported","igd"
-0.00209534,6.29999e-07,462933,0.000420678,31853124,"20","ukb-b-1021","rs911138","T","C",0.219115," || id:ukb-b-1021",TRUE,"reported","igd"
0.00252766,8.60003e-10,462933,0.000412098,46367144,"22","ukb-b-1021","rs28971325","A","G",0.233099," || id:ukb-b-1021",TRUE,"reported","igd"
