"se.exposure","samplesize.exposure","pos.exposure","chr.exposure","pval.exposure","beta.exposure","id.exposure","SNP","effect_allele.exposure","other_allele.exposure","eaf.exposure","exposure","mr_keep.exposure","pval_origin.exposure","data_source.exposure"
0.00540365,456380,242931877,"1",8.79995e-09,0.0310866,"ukb-b-9554","rs76804886","A","C",0.012805," || id:ukb-b-9554",TRUE,"reported","igd"
0.00116724,456380,94561489,"1",3.89996e-06,0.00538866,"ukb-b-9554","rs4147822","G","A",0.521378," || id:ukb-b-9554",TRUE,"reported","igd"
0.00259393,456380,80922542,"2",3.69999e-06,0.0119995,"ukb-b-9554","rs80030097","G","A",0.052619," || id:ukb-b-9554",TRUE,"reported","igd"
0.00297137,456380,175869623,"4",3.59998e-06,-0.0137726,"ukb-b-9554","rs114299185","T","G",0.0391," || id:ukb-b-9554",TRUE,"reported","igd"
0.00568019,456380,44209338,"7",4.39997e-06,0.026071,"ukb-b-9554","rs112704272","G","A",0.010726," || id:ukb-b-9554",TRUE,"reported","igd"
0.00266872,456380,116021868,"7",4.70002e-06,0.0122206,"ukb-b-9554","rs1633715","T","C",0.951191," || id:ukb-b-9554",TRUE,"reported","igd"
0.00161149,456380,7291584,"9",3.59998e-06,0.00746893,"ukb-b-9554","rs10976183","C","T",0.155214," || id:ukb-b-9554",TRUE,"reported","igd"
0.00571107,456380,76878547,"10",3.29997e-06,-0.0265622,"ukb-b-9554","rs144368377","A","G",0.010824," || id:ukb-b-9554",TRUE,"reported","igd"
0.00125211,456380,134812734,"11",2.30001e-06,-0.00591699,"ukb-b-9554","rs12418128","G","A",0.294596," || id:ukb-b-9554",TRUE,"reported","igd"
0.00463224,456380,24107304,"14",1.7e-06,-0.0221847,"ukb-b-9554","rs142932685","G","A",0.023798," || id:ukb-b-9554",TRUE,"reported","igd"
0.00476983,456380,65610597,"17",1.09999e-06,-0.0232299,"ukb-b-9554","rs112536980","A","G",0.016627," || id:ukb-b-9554",TRUE,"reported","igd"
0.00756909,456380,75593587,"18",8.40001e-07,0.0372818,"ukb-b-9554","rs186132175","T","C",0.005899," || id:ukb-b-9554",TRUE,"reported","igd"
0.00150365,456380,44321973,"19",3.09999e-07,-0.0076982,"ukb-b-9554","rs79924756","G","A",0.175138," || id:ukb-b-9554",TRUE,"reported","igd"
