"samplesize.exposure","pval.exposure","se.exposure","pos.exposure","beta.exposure","chr.exposure","id.exposure","SNP","effect_allele.exposure","other_allele.exposure","eaf.exposure","exposure","mr_keep.exposure","pval_origin.exposure","data_source.exposure"
463010,1.2e-07,0.000259358,109817838,0.00137206,"1","ukb-b-15797","rs660240","C","T",0.784825," || id:ukb-b-15797",TRUE,"reported","igd"
463010,3.40001e-06,0.000213434,62917256,-0.000991612,"2","ukb-b-15797","rs360791","A","G",0.491643," || id:ukb-b-15797",TRUE,"reported","igd"
463010,1.09999e-06,0.000276978,66897728,0.00134988,"2","ukb-b-15797","rs7609166","T","A",0.18029," || id:ukb-b-15797",TRUE,"reported","igd"
463010,3.09999e-06,0.000213411,118988306,-0.000995331,"5","ukb-b-15797","rs170646","T","C",0.522547," || id:ukb-b-15797",TRUE,"reported","igd"
463010,2.39999e-07,0.000288268,161089307,0.00148928,"6","ukb-b-15797","rs56393506","T","C",0.171301," || id:ukb-b-15797",TRUE,"reported","igd"
463010,4e-06,0.000219031,45532251,-0.0010095,"6","ukb-b-15797","rs1928532","G","A",0.389512," || id:ukb-b-15797",TRUE,"reported","igd"
463010,3.89996e-06,0.000216766,101100605,-0.00100057,"8","ukb-b-15797","rs2514703","T","C",0.553938," || id:ukb-b-15797",TRUE,"reported","igd"
463010,7.59976e-13,0.00021279,22099568,0.00152543,"9","ukb-b-15797","rs1537371","A","C",0.500828," || id:ukb-b-15797",TRUE,"reported","igd"
463010,3.89996e-06,0.000253186,28775486,0.00116861,"10","ukb-b-15797","rs55738232","T","C",0.23334," || id:ukb-b-15797",TRUE,"reported","igd"
463010,6.69993e-07,0.000259928,24428396,0.00129183,"11","ukb-b-15797","rs79402647","T","C",0.214273," || id:ukb-b-15797",TRUE,"reported","igd"
463010,2.39999e-06,0.000217827,76374039,0.00102669,"11","ukb-b-15797","rs7944357","G","A",0.569959," || id:ukb-b-15797",TRUE,"reported","igd"
463010,2.30001e-06,0.00029912,96035976,-0.00141273,"13","ukb-b-15797","rs76709680","C","T",0.151864," || id:ukb-b-15797",TRUE,"reported","igd"
463010,6.29999e-07,0.000213598,22205402,0.00106428,"21","ukb-b-15797","rs11088835","G","C",0.484499," || id:ukb-b-15797",TRUE,"reported","igd"
