"chr.exposure","beta.exposure","pval.exposure","pos.exposure","se.exposure","samplesize.exposure","id.exposure","SNP","effect_allele.exposure","other_allele.exposure","eaf.exposure","exposure","mr_keep.exposure","pval_origin.exposure","data_source.exposure"
"1",-0.125055,2.19999e-06,119172294,0.0264299,33147,"ukb-b-16927","rs76618394","G","A",0.02247," || id:ukb-b-16927",TRUE,"reported","igd"
"2",0.106561,1.2e-06,156928200,0.0219791,33147,"ukb-b-16927","rs73014434","T","C",0.032911," || id:ukb-b-16927",TRUE,"reported","igd"
"3",-0.0951296,4.70002e-06,24875481,0.0207889,33147,"ukb-b-16927","rs115070789","A","T",0.035872," || id:ukb-b-16927",TRUE,"reported","igd"
"4",0.160284,2.80001e-06,160838691,0.0342183,33147,"ukb-b-16927","rs142559314","C","T",0.013964," || id:ukb-b-16927",TRUE,"reported","igd"
"6",-0.0458885,9.20005e-07,143033056,0.00934948,33147,"ukb-b-16927","rs9390019","C","T",0.215305," || id:ukb-b-16927",TRUE,"reported","igd"
"6",-0.0412534,3.69999e-06,4158522,0.00891122,33147,"ukb-b-16927","rs2025267","A","G",0.741294," || id:ukb-b-16927",TRUE,"reported","igd"
"8",-0.0760753,1.79999e-08,9016611,0.013521,33147,"ukb-b-16927","rs77299709","G","A",0.092792," || id:ukb-b-16927",TRUE,"reported","igd"
"8",0.0421092,2.39999e-06,20518778,0.00893446,33147,"ukb-b-16927","rs73224066","C","T",0.250727," || id:ukb-b-16927",TRUE,"reported","igd"
"9",-0.130142,1.79999e-06,8011650,0.0272619,33147,"ukb-b-16927","rs148971908","A","G",0.021302," || id:ukb-b-16927",TRUE,"reported","igd"
"10",-0.0388295,2.5e-06,12421291,0.00824628,33147,"ukb-b-16927","rs4747979","G","A",0.338738," || id:ukb-b-16927",TRUE,"reported","igd"
"11",-0.0355673,4.49997e-06,58064734,0.00775591,33147,"ukb-b-16927","rs10896743","G","C",0.432701," || id:ukb-b-16927",TRUE,"reported","igd"
"12",-0.0385836,4.90004e-06,87288523,0.0084452,33147,"ukb-b-16927","rs4548689","C","T",0.29761," || id:ukb-b-16927",TRUE,"reported","igd"
"18",-0.0610276,3.79997e-06,5316265,0.0132082,33147,"ukb-b-16927","rs12457037","C","T",0.152532," || id:ukb-b-16927",TRUE,"reported","igd"
"19",0.0492068,4.30002e-06,10687189,0.010705,33147,"ukb-b-16927","rs62128856","G","C",0.155188," || id:ukb-b-16927",TRUE,"reported","igd"
"20",-0.0544936,2.39999e-07,4084395,0.0105481,33147,"ukb-b-16927","rs6084622","G","A",0.840545," || id:ukb-b-16927",TRUE,"reported","igd"
"20",-0.145188,4.30002e-06,12563323,0.0315939,33147,"ukb-b-16927","rs180883435","A","G",0.01777," || id:ukb-b-16927",TRUE,"reported","igd"
