"pval.exposure","beta.exposure","pos.exposure","samplesize.exposure","se.exposure","chr.exposure","id.exposure","SNP","effect_allele.exposure","other_allele.exposure","eaf.exposure","exposure","mr_keep.exposure","pval_origin.exposure","data_source.exposure"
6.43413e-08,-0.00443706,76784636,91149,0.000820653,"1","ukb-d-22617_1112","rs2392030","C","T",0.54526," || id:ukb-d-22617_1112",TRUE,"reported","igd"
2.30717e-06,0.00940819,162578927,91149,0.00199125,"1","ukb-d-22617_1112","rs34044856","G","A",0.0429023," || id:ukb-d-22617_1112",TRUE,"reported","igd"
2.60645e-06,0.00867434,2703788,91149,0.00184564,"3","ukb-d-22617_1112","rs77754241","C","T",0.0503087," || id:ukb-d-22617_1112",TRUE,"reported","igd"
1.45067e-07,0.0114442,72067255,91149,0.00217607,"3","ukb-d-22617_1112","rs75909755","T","C",0.0363973," || id:ukb-d-22617_1112",TRUE,"reported","igd"
1.34326e-06,0.0189542,89264402,91149,0.00392136,"4","ukb-d-22617_1112","rs147171835","C","T",0.0119779," || id:ukb-d-22617_1112",TRUE,"reported","igd"
3.35568e-06,0.0159178,179379219,91149,0.00342463,"5","ukb-d-22617_1112","rs114874204","C","T",0.0148963," || id:ukb-d-22617_1112",TRUE,"reported","igd"
2.20734e-06,0.0252112,148273623,91149,0.00532584,"5","ukb-d-22617_1112","rs75612733","C","T",0.00633264," || id:ukb-d-22617_1112",TRUE,"reported","igd"
4.65736e-06,0.0061188,163925661,91149,0.001336,"6","ukb-d-22617_1112","rs34353238","A","G",0.104743," || id:ukb-d-22617_1112",TRUE,"reported","igd"
3.13401e-06,-0.00649035,152865751,91149,0.00139214,"7","ukb-d-22617_1112","rs12674303","G","A",0.0924334," || id:ukb-d-22617_1112",TRUE,"reported","igd"
7.3156e-07,-0.00413216,96434991,91149,0.00083425,"8","ukb-d-22617_1112","rs13271337","C","G",0.414197," || id:ukb-d-22617_1112",TRUE,"reported","igd"
2.89095e-08,-0.00538776,76803748,91149,0.000971048,"11","ukb-d-22617_1112","rs6592704","T","C",0.767357," || id:ukb-d-22617_1112",TRUE,"reported","igd"
2.76204e-07,0.00697239,56309504,91149,0.00135666,"12","ukb-d-22617_1112","rs12827688","T","C",0.096825," || id:ukb-d-22617_1112",TRUE,"reported","igd"
8.84097e-07,0.018619,12274404,91149,0.0037873,"16","ukb-d-22617_1112","rs182926270","A","G",0.0114477," || id:ukb-d-22617_1112",TRUE,"reported","igd"
3.8594e-06,-0.00735513,37366826,91149,0.00159233,"22","ukb-d-22617_1112","rs5995370","C","T",0.0683003," || id:ukb-d-22617_1112",TRUE,"reported","igd"
