"pval.exposure","pos.exposure","se.exposure","samplesize.exposure","beta.exposure","chr.exposure","id.exposure","SNP","effect_allele.exposure","other_allele.exposure","eaf.exposure","exposure","mr_keep.exposure","pval_origin.exposure","data_source.exposure"
1e-06,241472176,0.00697243,64949,-0.0340558,"1","ukb-b-16507","rs71648648","A","G",0.039983," || id:ukb-b-16507",TRUE,"reported","igd"
4.60002e-06,157162963,0.00619158,64949,0.0283703,"1","ukb-b-16507","rs11588826","C","T",0.050753," || id:ukb-b-16507",TRUE,"reported","igd"
1.6e-06,156040895,0.00580447,64949,-0.0278796,"3","ukb-b-16507","rs3772232","T","G",0.058468," || id:ukb-b-16507",TRUE,"reported","igd"
1.89998e-06,68132224,0.0101034,64949,-0.0480954,"4","ukb-b-16507","rs35788608","T","C",0.018276," || id:ukb-b-16507",TRUE,"reported","igd"
2.99999e-09,42161066,0.004201,64949,-0.0249202,"4","ukb-b-16507","rs6828811","C","T",0.118705," || id:ukb-b-16507",TRUE,"reported","igd"
1.79999e-06,131730898,0.0044904,64949,-0.0214191,"6","ukb-b-16507","rs17060241","A","G",0.102066," || id:ukb-b-16507",TRUE,"reported","igd"
4.30002e-07,88770672,0.00607462,64949,0.0307041,"6","ukb-b-16507","rs72918118","G","A",0.055975," || id:ukb-b-16507",TRUE,"reported","igd"
4.09996e-06,154401095,0.0110791,64949,0.051008,"7","ukb-b-16507","rs141852355","T","C",0.01836," || id:ukb-b-16507",TRUE,"reported","igd"
2.5e-07,43250110,0.00493833,64949,-0.0254763,"10","ukb-b-16507","rs507485","C","A",0.101135," || id:ukb-b-16507",TRUE,"reported","igd"
9.09997e-07,21142369,0.00732633,64949,-0.0359729,"14","ukb-b-16507","rs146230302","A","C",0.036971," || id:ukb-b-16507",TRUE,"reported","igd"
4.09996e-06,62469931,0.00736346,64949,0.0339064,"15","ukb-b-16507","rs113781020","C","T",0.035281," || id:ukb-b-16507",TRUE,"reported","igd"
3.59998e-06,93222897,0.00277537,64949,0.0128568,"15","ukb-b-16507","rs11074093","T","C",0.584258," || id:ukb-b-16507",TRUE,"reported","igd"
7.29995e-07,1937873,0.00327579,64949,-0.0162228,"19","ukb-b-16507","rs4605293","A","T",0.770597," || id:ukb-b-16507",TRUE,"reported","igd"
1.79999e-06,52369090,0.00282525,64949,-0.0134755,"20","ukb-b-16507","rs6022719","A","C",0.642412," || id:ukb-b-16507",TRUE,"reported","igd"
3.2e-06,36855161,0.00477068,64949,0.0222254,"22","ukb-b-16507","rs139967","A","C",0.090824," || id:ukb-b-16507",TRUE,"reported","igd"
