"beta.exposure","samplesize.exposure","pos.exposure","pval.exposure","se.exposure","chr.exposure","id.exposure","SNP","effect_allele.exposure","other_allele.exposure","eaf.exposure","exposure","mr_keep.exposure","pval_origin.exposure","data_source.exposure"
-0.00146908,462933,28364274,4.60002e-06,0.000320635,"1","ukb-b-2592","rs525844","C","T",0.588567," || id:ukb-b-2592",TRUE,"reported","igd"
0.0015523,462933,88668577,9.59997e-07,0.00031678,"1","ukb-b-2592","rs1336573","C","T",0.54955," || id:ukb-b-2592",TRUE,"reported","igd"
0.00379001,462933,60947728,2e-07,0.000728662,"2","ukb-b-2592","rs116781238","A","G",0.051542," || id:ukb-b-2592",TRUE,"reported","igd"
0.00149045,462933,6446940,2.90001e-06,0.00031842,"2","ukb-b-2592","rs1982356","G","A",0.438373," || id:ukb-b-2592",TRUE,"reported","igd"
-0.00404726,462933,133312566,3.40001e-06,0.000870834,"3","ukb-b-2592","rs73213441","A","C",0.034306," || id:ukb-b-2592",TRUE,"reported","igd"
0.00150655,462933,104406279,2.59998e-06,0.000320534,"6","ukb-b-2592","rs28411763","T","G",0.430154," || id:ukb-b-2592",TRUE,"reported","igd"
0.0015862,462933,31318630,1.79999e-06,0.00033256,"6","ukb-b-2592","rs9266043","G","A",0.662045," || id:ukb-b-2592",TRUE,"reported","igd"
-0.00182203,462933,29514571,3.79997e-06,0.000394319,"9","ukb-b-2592","rs676816","A","G",0.203167," || id:ukb-b-2592",TRUE,"reported","igd"
0.00434027,462933,109009495,3.69999e-08,0.00078825,"9","ukb-b-2592","rs10512344","C","G",0.042239," || id:ukb-b-2592",TRUE,"reported","igd"
0.00153967,462933,28692764,1.5e-06,0.000320127,"10","ukb-b-2592","rs2169670","T","A",0.490443," || id:ukb-b-2592",TRUE,"reported","igd"
-0.00220762,462933,12803627,4.79999e-06,0.000482598,"10","ukb-b-2592","rs4750256","T","C",0.877808," || id:ukb-b-2592",TRUE,"reported","igd"
0.00396332,462933,56556506,3.09999e-06,0.00084965,"14","ukb-b-2592","rs17090970","C","A",0.035865," || id:ukb-b-2592",TRUE,"reported","igd"
0.00166207,462933,77287586,2.5e-06,0.000352788,"17","ukb-b-2592","rs4789997","G","A",0.299196," || id:ukb-b-2592",TRUE,"reported","igd"
0.00324122,462933,56777592,8.99995e-07,0.000659842,"19","ukb-b-2592","rs73069649","C","T",0.060473," || id:ukb-b-2592",TRUE,"reported","igd"
