"samplesize.exposure","beta.exposure","pval.exposure","se.exposure","pos.exposure","chr.exposure","id.exposure","SNP","effect_allele.exposure","other_allele.exposure","eaf.exposure","exposure","mr_keep.exposure","pval_origin.exposure","data_source.exposure"
109813,-0.0213581,1.90138e-06,0.00448333,46936077,"1","ukb-a-250","rs1886119","G","A",0.317104," || id:ukb-a-250",TRUE,"reported","igd"
109813,0.070415,1.87228e-06,0.0147713,22394207,"2","ukb-a-250","rs75267289","A","G",0.020221," || id:ukb-a-250",TRUE,"reported","igd"
109813,0.0267085,1.04112e-09,0.00437593,145803003,"2","ukb-a-250","rs2252383","G","A",0.653788," || id:ukb-a-250",TRUE,"reported","igd"
109813,0.0374462,6.95136e-08,0.00694376,136485616,"3","ukb-a-250","rs55749418","A","G",0.101492," || id:ukb-a-250",TRUE,"reported","igd"
109813,0.021125,4.14305e-07,0.00417278,145439027,"4","ukb-a-250","rs4835637","G","A",0.535083," || id:ukb-a-250",TRUE,"reported","igd"
109813,-0.0219719,2.98449e-06,0.00470275,102471756,"10","ukb-a-250","rs10786603","T","C",0.267622," || id:ukb-a-250",TRUE,"reported","igd"
109813,0.0472003,3.07588e-06,0.010116,64004723,"11","ukb-a-250","rs56271783","C","G",0.0463361," || id:ukb-a-250",TRUE,"reported","igd"
109813,-0.0536125,3.56008e-06,0.011565,46497251,"12","ukb-a-250","rs77333353","G","A",0.0358231," || id:ukb-a-250",TRUE,"reported","igd"
109813,0.0579439,2.32365e-06,0.0122677,57152089,"12","ukb-a-250","rs77053191","C","A",0.030095," || id:ukb-a-250",TRUE,"reported","igd"
109813,0.0278124,1.54935e-07,0.00530068,29278953,"13","ukb-a-250","rs1306892","T","C",0.197158," || id:ukb-a-250",TRUE,"reported","igd"
109813,-0.025535,6.48844e-08,0.00472418,41185309,"13","ukb-a-250","rs7331212","A","G",0.263863," || id:ukb-a-250",TRUE,"reported","igd"
109813,-0.0419262,1.98153e-06,0.00881625,86537625,"16","ukb-a-250","rs72818125","A","G",0.0609699," || id:ukb-a-250",TRUE,"reported","igd"
109813,-0.0302834,1.49799e-07,0.00576481,658013,"19","ukb-a-250","rs1009628","G","A",0.844359," || id:ukb-a-250",TRUE,"reported","igd"
109813,-0.108385,2.13998e-06,0.0228661,27400157,"21","ukb-a-250","rs117961201","T","G",0.00877079," || id:ukb-a-250",TRUE,"reported","igd"
