"chr.exposure","samplesize.exposure","se.exposure","pos.exposure","beta.exposure","pval.exposure","id.exposure","SNP","effect_allele.exposure","other_allele.exposure","eaf.exposure","exposure","mr_keep.exposure","pval_origin.exposure","data_source.exposure"
"1",463010,0.000515375,169477574,0.00243874,2.19999e-06,"ukb-b-11572","rs6687813","C","A",0.939752," || id:ukb-b-11572",TRUE,"reported","igd"
"2",463010,0.000367037,54504423,-0.00193941,1.29999e-07,"ukb-b-11572","rs78987820","G","C",0.130232," || id:ukb-b-11572",TRUE,"reported","igd"
"2",463010,0.000485354,49373622,0.00229453,2.30001e-06,"ukb-b-11572","rs78307796","A","C",0.070737," || id:ukb-b-11572",TRUE,"reported","igd"
"4",463010,0.000254919,5795697,-0.00123053,1.40001e-06,"ukb-b-11572","rs13103000","T","C",0.627865," || id:ukb-b-11572",TRUE,"reported","igd"
"4",463010,0.000281153,121555706,-0.00128961,4.49997e-06,"ukb-b-11572","rs1353469","G","A",0.262184," || id:ukb-b-11572",TRUE,"reported","igd"
"5",463010,0.000246181,23604063,0.00126818,2.59998e-07,"ukb-b-11572","rs10036597","A","G",0.501291," || id:ukb-b-11572",TRUE,"reported","igd"
"5",463010,0.000306886,1283755,0.0014661,1.79999e-06,"ukb-b-11572","rs72709458","T","C",0.207164," || id:ukb-b-11572",TRUE,"reported","igd"
"6",463010,0.000381771,43753325,-0.0017704,3.50002e-06,"ukb-b-11572","rs3025053","A","G",0.117193," || id:ukb-b-11572",TRUE,"reported","igd"
"9",463010,0.000270816,30457202,-0.00125345,3.69999e-06,"ukb-b-11572","rs12378176","T","C",0.703127," || id:ukb-b-11572",TRUE,"reported","igd"
"11",463010,0.000335141,30316822,-0.00220698,4.49987e-11,"ukb-b-11572","rs12278989","G","A",0.160265," || id:ukb-b-11572",TRUE,"reported","igd"
"12",463010,0.0002571,114246631,-0.00117664,4.70002e-06,"ukb-b-11572","rs10774718","A","G",0.419246," || id:ukb-b-11572",TRUE,"reported","igd"
"16",463010,0.00026811,27884259,0.00130799,1.09999e-06,"ukb-b-11572","rs9938617","A","C",0.31115," || id:ukb-b-11572",TRUE,"reported","igd"
