"chr.exposure","pos.exposure","samplesize.exposure","se.exposure","pval.exposure","beta.exposure","id.exposure","SNP","effect_allele.exposure","other_allele.exposure","eaf.exposure","exposure","mr_keep.exposure","pval_origin.exposure","data_source.exposure"
"1",226613319,337159,0.000803852,8.02177e-10,-0.00493941,"ukb-a-188","rs4653449","G","C",0.818655," || id:ukb-a-188",TRUE,"reported","igd"
"2",53035849,337159,0.000643451,4.39329e-06,0.00295468,"ukb-a-188","rs785302","A","G",0.352729," || id:ukb-a-188",TRUE,"reported","igd"
"4",26200972,337159,0.000929722,2.06414e-06,0.0044135,"ukb-a-188","rs116339650","G","A",0.127023," || id:ukb-a-188",TRUE,"reported","igd"
"7",156885979,337159,0.000651205,3.93713e-06,-0.00300515,"ukb-a-188","rs12534197","G","A",0.338109," || id:ukb-a-188",TRUE,"reported","igd"
"9",119355584,337159,0.00247716,1.01906e-06,0.0121084,"ukb-a-188","rs79117213","A","G",0.0155131," || id:ukb-a-188",TRUE,"reported","igd"
"9",81791960,337159,0.00061277,2.07048e-06,0.00290851,"ukb-a-188","rs7850379","C","T",0.512398," || id:ukb-a-188",TRUE,"reported","igd"
"10",92032416,337159,0.00328636,1.77717e-06,0.0157,"ukb-a-188","rs191924777","T","A",0.00938467," || id:ukb-a-188",TRUE,"reported","igd"
"12",65239235,337159,0.00182959,6.62034e-08,0.00988218,"ukb-a-188","rs74665317","C","G",0.0290333," || id:ukb-a-188",TRUE,"reported","igd"
"13",44759192,337159,0.000851093,4.58722e-06,0.00390048,"ukb-a-188","rs9567388","C","T",0.156454," || id:ukb-a-188",TRUE,"reported","igd"
"16",50389838,337159,0.00113519,4.08404e-06,-0.00522999,"ukb-a-188","rs7189450","G","A",0.0792514," || id:ukb-a-188",TRUE,"reported","igd"
"16",84107383,337159,0.000667111,2.80724e-07,-0.00342632,"ukb-a-188","rs8049120","G","C",0.307578," || id:ukb-a-188",TRUE,"reported","igd"
"16",51418804,337159,0.000700945,1.35316e-06,-0.00338687,"ukb-a-188","rs6499005","A","G",0.737928," || id:ukb-a-188",TRUE,"reported","igd"
"18",48061252,337159,0.000620238,1.72449e-06,0.00296683,"ukb-a-188","rs55873391","C","T",0.462," || id:ukb-a-188",TRUE,"reported","igd"
