"pos.exposure","beta.exposure","samplesize.exposure","pval.exposure","se.exposure","chr.exposure","id.exposure","SNP","effect_allele.exposure","other_allele.exposure","eaf.exposure","exposure","mr_keep.exposure","pval_origin.exposure","data_source.exposure"
65694122,-0.00206673,463010,5.30005e-07,0.000412157,"3","ukb-b-10911","rs7631090","T","C",0.124027," || id:ukb-b-10911",TRUE,"reported","igd"
166537752,0.00302263,463010,2.59998e-07,0.000586788,"3","ukb-b-10911","rs73165167","A","C",0.056556," || id:ukb-b-10911",TRUE,"reported","igd"
27993149,-0.00152645,463010,2.19999e-06,0.000322307,"5","ukb-b-10911","rs30805","G","A",0.774093," || id:ukb-b-10911",TRUE,"reported","igd"
5775371,0.00306897,463010,1.40001e-06,0.000636135,"5","ukb-b-10911","rs62334073","T","G",0.062497," || id:ukb-b-10911",TRUE,"reported","igd"
105880428,0.00168202,463010,3.89996e-06,0.000364533,"5","ukb-b-10911","rs72786587","G","C",0.163593," || id:ukb-b-10911",TRUE,"reported","igd"
155182193,0.00126125,463010,4.90004e-06,0.000276171,"7","ukb-b-10911","rs2361678","T","C",0.59407," || id:ukb-b-10911",TRUE,"reported","igd"
22124477,0.00156962,463010,5.60003e-09,0.000269352,"9","ukb-b-10911","rs10757278","G","A",0.483189," || id:ukb-b-10911",TRUE,"reported","igd"
23337031,-0.00262099,463010,4.39997e-06,0.00057068,"10","ukb-b-10911","rs117860555","G","A",0.059731," || id:ukb-b-10911",TRUE,"reported","igd"
62384600,0.00225965,463010,1.40001e-06,0.000467932,"12","ukb-b-10911","rs73130981","A","G",0.092082," || id:ukb-b-10911",TRUE,"reported","igd"
83076731,0.00185716,463010,2.69998e-06,0.00039587,"12","ukb-b-10911","rs11115342","T","C",0.133162," || id:ukb-b-10911",TRUE,"reported","igd"
63609317,-0.00134595,463010,6.49995e-07,0.000270526,"17","ukb-b-10911","rs9902268","C","A",0.548963," || id:ukb-b-10911",TRUE,"reported","igd"
42205386,0.0020328,463010,6.90001e-07,0.000409467,"21","ukb-b-10911","rs2837850","T","C",0.126235," || id:ukb-b-10911",TRUE,"reported","igd"
