"samplesize.exposure","pval.exposure","chr.exposure","beta.exposure","se.exposure","pos.exposure","id.exposure","SNP","effect_allele.exposure","other_allele.exposure","eaf.exposure","exposure","mr_keep.exposure","pval_origin.exposure","data_source.exposure"
64942,1.89998e-06,"1",0.0363174,0.00761827,184785985,"ukb-b-530","rs185833372","C","A",0.031901," || id:ukb-b-530",TRUE,"reported","igd"
64942,4.09996e-09,"1",0.0856969,0.0145706,240670555,"ukb-b-530","rs142252464","T","C",0.009735," || id:ukb-b-530",TRUE,"reported","igd"
64942,2.90001e-06,"2",0.0623054,0.0133215,181862726,"ukb-b-530","rs140791170","G","A",0.011847," || id:ukb-b-530",TRUE,"reported","igd"
64942,2.59998e-07,"2",0.0143342,0.00278151,228091354,"ukb-b-530","rs11687610","C","T",0.317461," || id:ukb-b-530",TRUE,"reported","igd"
64942,4.39997e-06,"4",0.012621,0.00274786,29763937,"ukb-b-530","rs10001236","T","G",0.332317," || id:ukb-b-530",TRUE,"reported","igd"
64942,3.29997e-06,"4",0.0268795,0.0057795,162765941,"ukb-b-530","rs116822304","A","G",0.055248," || id:ukb-b-530",TRUE,"reported","igd"
64942,1.89998e-06,"5",0.0123646,0.00259653,58152784,"ukb-b-530","rs1156065","T","C",0.497241," || id:ukb-b-530",TRUE,"reported","igd"
64942,1.40001e-06,"5",0.0606624,0.0125629,151212712,"ukb-b-530","rs150703524","T","A",0.011564," || id:ukb-b-530",TRUE,"reported","igd"
64942,3.2e-06,"5",0.0277714,0.00595969,19018470,"ukb-b-530","rs74380169","A","G",0.049608," || id:ukb-b-530",TRUE,"reported","igd"
64942,4.79999e-07,"6",0.0531839,0.0105626,62479377,"ukb-b-530","rs146003962","A","G",0.015392," || id:ukb-b-530",TRUE,"reported","igd"
64942,2.19999e-06,"9",0.0186968,0.00394993,82359147,"ukb-b-530","rs12338051","A","G",0.122585," || id:ukb-b-530",TRUE,"reported","igd"
64942,1.29999e-06,"14",0.0300596,0.00622018,59329088,"ukb-b-530","rs147244930","C","T",0.046958," || id:ukb-b-530",TRUE,"reported","igd"
64942,2.99999e-06,"14",0.0480445,0.0102848,27219238,"ukb-b-530","rs76037117","A","G",0.015914," || id:ukb-b-530",TRUE,"reported","igd"
64942,4.09996e-06,"16",-0.0124185,0.00269513,84057881,"ukb-b-530","rs12933901","C","G",0.35474," || id:ukb-b-530",TRUE,"reported","igd"
64942,2.80001e-06,"17",0.04821,0.010288,52079145,"ukb-b-530","rs78938647","G","A",0.016356," || id:ukb-b-530",TRUE,"reported","igd"
