"samplesize.exposure","beta.exposure","pval.exposure","chr.exposure","se.exposure","pos.exposure","id.exposure","SNP","effect_allele.exposure","other_allele.exposure","eaf.exposure","exposure","mr_keep.exposure","pval_origin.exposure","data_source.exposure"
462293,0.00125,4e-06,"2",0.000271045,30365754,"ukb-b-10857","rs34350694","G","A",0.27856," || id:ukb-b-10857",TRUE,"reported","igd"
462293,0.00215775,1.6e-06,"2",0.000450241,169934263,"ukb-b-10857","rs78613323","A","C",0.080427," || id:ukb-b-10857",TRUE,"reported","igd"
462293,-0.00138192,3.2e-06,"7",0.00029682,120612239,"ukb-b-10857","rs2721370","G","A",0.213349," || id:ukb-b-10857",TRUE,"reported","igd"
462293,0.00220871,2.80001e-07,"7",0.000429732,19029010,"ukb-b-10857","rs78627113","C","T",0.090004," || id:ukb-b-10857",TRUE,"reported","igd"
462293,0.00125056,2.99999e-06,"8",0.000267545,134694147,"ukb-b-10857","rs10092837","T","G",0.294353," || id:ukb-b-10857",TRUE,"reported","igd"
462293,0.00183368,1.40001e-06,"9",0.000379731,74940364,"ukb-b-10857","rs13439944","A","G",0.117642," || id:ukb-b-10857",TRUE,"reported","igd"
462293,-0.00148068,2.59998e-06,"10",0.000314806,29164516,"ukb-b-10857","rs1775936","G","C",0.818091," || id:ukb-b-10857",TRUE,"reported","igd"
462293,-0.00139104,2.19999e-08,"12",0.000248435,5303562,"ukb-b-10857","rs617022","G","A",0.390916," || id:ukb-b-10857",TRUE,"reported","igd"
462293,0.00134505,3.69999e-06,"12",0.000290511,125502735,"ukb-b-10857","rs56287425","G","A",0.224673," || id:ukb-b-10857",TRUE,"reported","igd"
462293,-0.00141419,3.89996e-06,"13",0.000306254,38378885,"ukb-b-10857","rs17272200","C","G",0.19525," || id:ukb-b-10857",TRUE,"reported","igd"
462293,0.00126218,5.1e-07,"18",0.00025134,53175966,"ukb-b-10857","rs12956276","A","G",0.354824," || id:ukb-b-10857",TRUE,"reported","igd"
462293,-0.00126208,4.39997e-06,"19",0.000274963,8410283,"ukb-b-10857","rs2972585","G","A",0.711303," || id:ukb-b-10857",TRUE,"reported","igd"
462293,0.00180161,1.89998e-06,"21",0.000378294,42395911,"ukb-b-10857","rs35305730","G","A",0.116359," || id:ukb-b-10857",TRUE,"reported","igd"
