"beta.exposure","chr.exposure","pval.exposure","pos.exposure","samplesize.exposure","se.exposure","id.exposure","SNP","effect_allele.exposure","other_allele.exposure","eaf.exposure","exposure","mr_keep.exposure","pval_origin.exposure","data_source.exposure"
-0.00142961,"2",6.87844e-07,100950575,361194,0.000287946,"ukb-d-M47","rs75243437","T","C",0.116363," || id:ukb-d-M47",TRUE,"reported","igd"
0.00424617,"2",3.58773e-07,43197220,361194,0.000834264,"ukb-d-M47","rs142954099","T","C",0.013106," || id:ukb-d-M47",TRUE,"reported","igd"
0.00120319,"2",3.22991e-06,3913217,361194,0.000258433,"ukb-d-M47","rs13390827","G","A",0.174999," || id:ukb-d-M47",TRUE,"reported","igd"
0.00462342,"4",1.57395e-06,90897197,361194,0.000962873,"ukb-d-M47","rs75912995","T","C",0.00970798," || id:ukb-d-M47",TRUE,"reported","igd"
0.0021598,"6",3.06119e-06,141314753,361194,0.000462808,"ukb-d-M47","rs80267124","G","A",0.0413335," || id:ukb-d-M47",TRUE,"reported","igd"
0.000945101,"7",2.26444e-06,61068668,361194,0.00019988,"ukb-d-M47","rs9285021","G","A",0.432326," || id:ukb-d-M47",TRUE,"reported","igd"
-0.00114856,"8",1.93638e-06,53175090,361194,0.000241293,"ukb-d-M47","rs62499803","G","A",0.175444," || id:ukb-d-M47",TRUE,"reported","igd"
0.00114368,"8",2.30017e-06,123728686,361194,0.00024204,"ukb-d-M47","rs9297663","G","A",0.178258," || id:ukb-d-M47",TRUE,"reported","igd"
0.000904075,"8",1.83329e-06,29376669,361194,0.000189491,"ukb-d-M47","rs11992117","C","T",0.396866," || id:ukb-d-M47",TRUE,"reported","igd"
-0.00103979,"9",4.75313e-08,34852611,361194,0.000190423,"ukb-d-M47","rs10972246","G","A",0.368861," || id:ukb-d-M47",TRUE,"reported","igd"
0.00328696,"9",9.82607e-07,78300359,361194,0.00067147,"ukb-d-M47","rs72742161","T","C",0.0191785," || id:ukb-d-M47",TRUE,"reported","igd"
0.00102386,"10",4.22124e-06,119963569,361194,0.000222565,"ukb-d-M47","rs10510042","C","T",0.21778," || id:ukb-d-M47",TRUE,"reported","igd"
-0.0010633,"13",4.58606e-06,104258210,361194,0.000232012,"ukb-d-M47","rs7997848","A","C",0.802926," || id:ukb-d-M47",TRUE,"reported","igd"
-0.0013764,"14",3.86189e-06,102736987,361194,0.000298003,"ukb-d-M47","rs74848278","T","C",0.11014," || id:ukb-d-M47",TRUE,"reported","igd"
0.00215095,"15",7.46294e-07,90875633,361194,0.000434623,"ukb-d-M47","rs117076446","A","G",0.0467505," || id:ukb-d-M47",TRUE,"reported","igd"
0.00223446,"22",9.86484e-07,46327855,361194,0.000456535,"ukb-d-M47","rs62226031","T","C",0.0431704," || id:ukb-d-M47",TRUE,"reported","igd"
