"beta.exposure","chr.exposure","samplesize.exposure","pval.exposure","se.exposure","pos.exposure","id.exposure","SNP","effect_allele.exposure","other_allele.exposure","eaf.exposure","exposure","mr_keep.exposure","pval_origin.exposure","data_source.exposure"
-0.0118276,"5",424977,3.2e-06,0.00254112,178794042,"ukb-b-4024","rs76525112","A","G",0.022886," || id:ukb-b-4024",TRUE,"reported","igd"
0.00414228,"6",424977,4.09996e-07,0.000817825,48853470,"ukb-b-4024","rs9395420","G","C",0.684804," || id:ukb-b-4024",TRUE,"reported","igd"
0.00780174,"7",424977,3.50002e-08,0.00141436,150690176,"ukb-b-4024","rs3918226","T","C",0.080983," || id:ukb-b-4024",TRUE,"reported","igd"
-0.00724739,"11",424977,4.60002e-06,0.00158135,134448375,"ukb-b-4024","rs11604010","A","G",0.062272," || id:ukb-b-4024",TRUE,"reported","igd"
-0.00468005,"12",424977,4e-06,0.00101493,65832468,"ukb-b-4024","rs61921502","G","T",0.171961," || id:ukb-b-4024",TRUE,"reported","igd"
-0.0102741,"12",424977,4.70002e-06,0.00224459,60729355,"ukb-b-4024","rs139523407","T","G",0.030987," || id:ukb-b-4024",TRUE,"reported","igd"
-0.00566729,"12",424977,5.99998e-07,0.0011354,111599838,"ukb-b-4024","rs11613181","C","A",0.129024," || id:ukb-b-4024",TRUE,"reported","igd"
-0.00439569,"13",424977,1.29999e-06,0.000908622,30119500,"ukb-b-4024","rs9508490","T","C",0.772247," || id:ukb-b-4024",TRUE,"reported","igd"
-0.00399093,"13",424977,6.49995e-07,0.000802152,33071127,"ukb-b-4024","rs743760","C","G",0.348996," || id:ukb-b-4024",TRUE,"reported","igd"
0.00422446,"15",424977,1.6e-06,0.00087965,77326836,"ukb-b-4024","rs115284761","C","T",0.250929," || id:ukb-b-4024",TRUE,"reported","igd"
0.0123624,"17",424977,3.2e-06,0.00265304,50768884,"ukb-b-4024","rs4573977","T","C",0.020963," || id:ukb-b-4024",TRUE,"reported","igd"
0.0175456,"18",424977,1.2e-06,0.00360812,24299501,"ukb-b-4024","rs190953890","A","G",0.012099," || id:ukb-b-4024",TRUE,"reported","igd"
0.0181932,"20",424977,1.2e-06,0.00374787,60306510,"ukb-b-4024","rs16985526","A","G",0.012219," || id:ukb-b-4024",TRUE,"reported","igd"
0.00382403,"21",424977,3.29997e-06,0.000822315,40744651,"ukb-b-4024","rs73364034","C","A",0.319038," || id:ukb-b-4024",TRUE,"reported","igd"
