"chr.exposure","beta.exposure","pval.exposure","se.exposure","samplesize.exposure","pos.exposure","id.exposure","SNP","effect_allele.exposure","other_allele.exposure","eaf.exposure","exposure","mr_keep.exposure","pval_origin.exposure","data_source.exposure"
"1",0.00243517,4.82503e-07,0.000483817,337159,153103920,"ukb-a-73","rs55983724","G","A",0.0392469," || id:ukb-a-73",TRUE,"reported","igd"
"1",-0.000911747,2.27809e-06,0.000192876,337159,4576271,"ukb-a-73","rs10737413","T","C",0.406853," || id:ukb-a-73",TRUE,"reported","igd"
"5",-0.00113211,1.04928e-06,0.000231883,337159,162386495,"ukb-a-73","rs1598917","T","A",0.792284," || id:ukb-a-73",TRUE,"reported","igd"
"5",0.00404873,9.78746e-07,0.000826953,337159,179116116,"ukb-a-73","rs141246781","G","A",0.0143743," || id:ukb-a-73",TRUE,"reported","igd"
"5",0.00710545,7.68281e-07,0.00143738,337159,66481157,"ukb-a-73","rs3797587","A","G",0.00534106," || id:ukb-a-73",TRUE,"reported","igd"
"7",0.00755966,3.46968e-06,0.00162891,337159,30920435,"ukb-a-73","rs185708771","A","G",0.00386419," || id:ukb-a-73",TRUE,"reported","igd"
"9",0.00313022,2.07095e-06,0.000659484,337159,1305989,"ukb-a-73","rs10960870","A","G",0.02117," || id:ukb-a-73",TRUE,"reported","igd"
"9",0.0111509,5.31019e-07,0.00222357,337159,14564573,"ukb-a-73","rs112694464","T","C",0.0019232," || id:ukb-a-73",TRUE,"reported","igd"
"9",0.00169436,2.56626e-06,0.000360282,337159,85403095,"ukb-a-73","rs34460378","G","A",0.0727449," || id:ukb-a-73",TRUE,"reported","igd"
"10",0.00338566,5.44678e-07,0.000675786,337159,129467150,"ukb-a-73","rs12569782","C","A",0.020912," || id:ukb-a-73",TRUE,"reported","igd"
"11",0.00532285,1.42344e-06,0.00110392,337159,6707168,"ukb-a-73","rs117356660","C","T",0.0077862," || id:ukb-a-73",TRUE,"reported","igd"
"12",0.00216248,2.25975e-06,0.000457304,337159,85693874,"ukb-a-73","rs73165951","C","T",0.0438169," || id:ukb-a-73",TRUE,"reported","igd"
"13",0.0016239,2.71425e-06,0.000346143,337159,114864930,"ukb-a-73","rs61971962","G","A",0.0867131," || id:ukb-a-73",TRUE,"reported","igd"
"14",0.00200156,1.05918e-06,0.000410122,337159,104011289,"ukb-a-73","rs151247738","G","A",0.0578488," || id:ukb-a-73",TRUE,"reported","igd"
"15",0.0161752,3.02559e-08,0.00291967,337159,54490826,"ukb-a-73","rs150536176","T","C",0.00112397," || id:ukb-a-73",TRUE,"reported","igd"
"15",0.00941648,1.55898e-06,0.00196029,337159,80722658,"ukb-a-73","rs117838628","T","C",0.00239325," || id:ukb-a-73",TRUE,"reported","igd"
