"beta.exposure","pval.exposure","se.exposure","pos.exposure","samplesize.exposure","chr.exposure","id.exposure","SNP","effect_allele.exposure","other_allele.exposure","eaf.exposure","exposure","mr_keep.exposure","pval_origin.exposure","data_source.exposure"
0.019901,5e-07,0.00395849,175569473,64949,"1","ukb-b-11138","rs7539708","G","A",0.100024," || id:ukb-b-11138",TRUE,"reported","igd"
0.023322,1.2e-06,0.00479958,70978673,64949,"1","ukb-b-11138","rs55734633","T","G",0.064889," || id:ukb-b-11138",TRUE,"reported","igd"
0.0237882,6.1e-07,0.00476963,62804919,64949,"2","ukb-b-11138","rs75135136","C","G",0.066543," || id:ukb-b-11138",TRUE,"reported","igd"
-0.0177806,1.2e-06,0.00366572,42161066,64949,"4","ukb-b-11138","rs6828811","C","T",0.118705," || id:ukb-b-11138",TRUE,"reported","igd"
0.0316424,3.79997e-06,0.00684941,13610044,64949,"5","ukb-b-11138","rs17591912","A","G",0.030778," || id:ukb-b-11138",TRUE,"reported","igd"
-0.0159044,1.7e-06,0.00332687,69992814,64949,"8","ukb-b-11138","rs62511818","G","A",0.152713," || id:ukb-b-11138",TRUE,"reported","igd"
-0.0130848,2.99999e-07,0.00255298,11366670,64949,"8","ukb-b-11138","rs11784016","T","C",0.322398," || id:ukb-b-11138",TRUE,"reported","igd"
0.0127719,1.29999e-07,0.00242185,93222897,64949,"15","ukb-b-11138","rs11074093","T","C",0.584258," || id:ukb-b-11138",TRUE,"reported","igd"
0.0301479,2.69998e-06,0.00642553,62469931,64949,"15","ukb-b-11138","rs113781020","C","T",0.035281," || id:ukb-b-11138",TRUE,"reported","igd"
0.0281543,1.09999e-06,0.00578109,87622650,64949,"16","ukb-b-11138","rs76807709","T","C",0.047045," || id:ukb-b-11138",TRUE,"reported","igd"
0.0179478,4.90004e-06,0.00392833,697903,64949,"17","ukb-b-11138","rs74821282","T","C",0.101118," || id:ukb-b-11138",TRUE,"reported","igd"
0.0332801,2.1e-06,0.00701519,22424158,64949,"19","ukb-b-11138","rs281171","G","A",0.029604," || id:ukb-b-11138",TRUE,"reported","igd"
0.0395718,1.29999e-08,0.00696606,17342750,64949,"21","ukb-b-11138","rs117086428","T","C",0.029585," || id:ukb-b-11138",TRUE,"reported","igd"
