"pval.exposure","se.exposure","chr.exposure","samplesize.exposure","pos.exposure","beta.exposure","id.exposure","SNP","effect_allele.exposure","other_allele.exposure","eaf.exposure","exposure","mr_keep.exposure","pval_origin.exposure","data_source.exposure"
3.50002e-07,0.0169039,"1",64949,230407762,0.0860723,"ukb-b-6298","rs72762000","G","C",0.013086," || id:ukb-b-6298",TRUE,"reported","igd"
3.50002e-06,0.0172618,"1",64949,162106836,0.0800728,"ukb-b-6298","rs77771805","T","C",0.01214," || id:ukb-b-6298",TRUE,"reported","igd"
1.6e-06,0.0280897,"1",64949,44919814,0.134647,"ukb-b-6298","rs141086082","A","G",0.005555," || id:ukb-b-6298",TRUE,"reported","igd"
9.69996e-07,0.0145411,"4",64949,71151601,0.0712254,"ukb-b-6298","rs141384784","T","C",0.018402," || id:ukb-b-6298",TRUE,"reported","igd"
3.2e-08,0.0228022,"5",64949,16006239,0.126047,"ukb-b-6298","rs112881275","G","T",0.007187," || id:ukb-b-6298",TRUE,"reported","igd"
4e-06,0.0144879,"5",64949,53990025,0.0667832,"ukb-b-6298","rs144846382","C","T",0.017816," || id:ukb-b-6298",TRUE,"reported","igd"
4.09996e-06,0.0109304,"6",64949,39380785,-0.0503545,"ukb-b-6298","rs1887712","T","G",0.968609," || id:ukb-b-6298",TRUE,"reported","igd"
3.50002e-06,0.0175021,"9",64949,99178136,0.0811864,"ukb-b-6298","rs145714980","A","G",0.014034," || id:ukb-b-6298",TRUE,"reported","igd"
4.09996e-06,0.0112874,"10",64949,70808519,0.051987,"ukb-b-6298","rs10823280","T","C",0.029671," || id:ukb-b-6298",TRUE,"reported","igd"
5.30005e-07,0.00382661,"10",64949,18443726,-0.0191885,"ukb-b-6298","rs10828277","C","T",0.433525," || id:ukb-b-6298",TRUE,"reported","igd"
1.29999e-06,0.0252331,"11",64949,99922990,0.122041,"ukb-b-6298","rs143694703","G","A",0.006387," || id:ukb-b-6298",TRUE,"reported","igd"
1.79999e-06,0.00379209,"18",64949,14722857,-0.0180935,"ukb-b-6298","rs17713739","T","C",0.517967," || id:ukb-b-6298",TRUE,"reported","igd"
3.2e-06,0.00382046,"18",64949,13329140,-0.0177964,"ukb-b-6298","rs35664252","A","G",0.568736," || id:ukb-b-6298",TRUE,"reported","igd"
2.80001e-06,0.0220996,"19",64949,18386038,0.103509,"ukb-b-6298","rs16982291","G","C",0.007398," || id:ukb-b-6298",TRUE,"reported","igd"
3.79997e-06,0.0113761,"22",64949,46262765,0.0525889,"ukb-b-6298","rs136043","A","G",0.028989," || id:ukb-b-6298",TRUE,"reported","igd"
