"chr.exposure","se.exposure","beta.exposure","samplesize.exposure","pos.exposure","pval.exposure","id.exposure","SNP","effect_allele.exposure","other_allele.exposure","eaf.exposure","exposure","mr_keep.exposure","pval_origin.exposure","data_source.exposure"
"1",0.000323498,-0.00149331,463010,99590399,3.89996e-06,"ukb-b-3560","rs3911436","C","G",0.742965," || id:ukb-b-3560",TRUE,"reported","igd"
"1",0.000298593,0.00146152,463010,203605690,9.80009e-07,"ukb-b-3560","rs10793746","A","G",0.664246," || id:ukb-b-3560",TRUE,"reported","igd"
"2",0.000366376,0.00172467,463010,139416228,2.5e-06,"ukb-b-3560","rs6711947","A","G",0.18356," || id:ukb-b-3560",TRUE,"reported","igd"
"3",0.000299939,0.00139892,463010,112824212,3.09999e-06,"ukb-b-3560","rs2700227","A","G",0.336229," || id:ukb-b-3560",TRUE,"reported","igd"
"5",0.000282688,-0.00138749,463010,66200900,9.20005e-07,"ukb-b-3560","rs258035","G","A",0.53152," || id:ukb-b-3560",TRUE,"reported","igd"
"5",0.000293057,0.00135434,463010,174807966,3.79997e-06,"ukb-b-3560","rs265959","C","T",0.638963," || id:ukb-b-3560",TRUE,"reported","igd"
"8",0.000292528,-0.00138413,463010,11491128,2.19999e-06,"ukb-b-3560","rs17153559","G","A",0.37865," || id:ukb-b-3560",TRUE,"reported","igd"
"9",0.000287153,0.00131735,463010,128255582,4.49997e-06,"ukb-b-3560","rs13288032","A","T",0.400542," || id:ukb-b-3560",TRUE,"reported","igd"
"14",0.000356773,0.00166481,463010,51366619,3.09999e-06,"ukb-b-3560","rs6572709","G","A",0.19382," || id:ukb-b-3560",TRUE,"reported","igd"
"15",0.000352586,0.00231936,463010,33010736,4.79954e-11,"ukb-b-3560","rs2293581","A","G",0.199388," || id:ukb-b-3560",TRUE,"reported","igd"
"20",0.000339682,-0.00177021,463010,60940702,1.89998e-07,"ukb-b-3560","rs67072353","A","G",0.224288," || id:ukb-b-3560",TRUE,"reported","igd"
