"pos.exposure","chr.exposure","samplesize.exposure","beta.exposure","pval.exposure","se.exposure","id.exposure","SNP","effect_allele.exposure","other_allele.exposure","eaf.exposure","exposure","mr_keep.exposure","pval_origin.exposure","data_source.exposure"
117227945,"2",161170,0.0536479,4.92969e-07,0.0106672,"ukb-a-349","rs147059050","G","A",0.0466609," || id:ukb-a-349",TRUE,"reported","igd"
135914476,"3",161170,-0.0208004,3.07872e-06,0.0044582,"ukb-a-349","rs9845457","A","G",0.598888," || id:ukb-a-349",TRUE,"reported","igd"
98887788,"6",161170,0.0248969,1.09051e-07,0.00468763,"ukb-a-349","rs2088088","T","C",0.3193," || id:ukb-a-349",TRUE,"reported","igd"
98775511,"7",161170,-0.0251782,1.5167e-06,0.00523542,"ukb-a-349","rs62473048","C","T",0.225198," || id:ukb-a-349",TRUE,"reported","igd"
134698342,"9",161170,0.0232732,1.57206e-07,0.00443793,"ukb-a-349","rs4740188","T","C",0.431343," || id:ukb-a-349",TRUE,"reported","igd"
126712615,"10",161170,0.0273089,4.03655e-10,0.00436733,"ukb-a-349","rs3781415","T","C",0.489213," || id:ukb-a-349",TRUE,"reported","igd"
76790360,"11",161170,-0.0574167,4.94208e-06,0.012571,"ukb-a-349","rs35447306","G","A",0.0321783," || id:ukb-a-349",TRUE,"reported","igd"
121773552,"12",161170,-0.0342215,4.62094e-06,0.00746956,"ukb-a-349","rs3751162","C","T",0.90601," || id:ukb-a-349",TRUE,"reported","igd"
68214072,"12",161170,0.07165,4.50609e-06,0.0156212,"ukb-a-349","rs61922912","A","C",0.0194751," || id:ukb-a-349",TRUE,"reported","igd"
21580962,"13",161170,-0.0232666,3.82464e-06,0.00503514,"ukb-a-349","rs503777","T","C",0.253088," || id:ukb-a-349",TRUE,"reported","igd"
91020957,"14",161170,0.0248336,4.3722e-06,0.00540682,"ukb-a-349","rs17720583","T","C",0.205067," || id:ukb-a-349",TRUE,"reported","igd"
77701687,"16",161170,-0.0222005,4.97096e-06,0.00486197,"ukb-a-349","rs7191533","T","C",0.281199," || id:ukb-a-349",TRUE,"reported","igd"
75223664,"17",161170,0.0230906,1.76876e-07,0.00442148,"ukb-a-349","rs61486620","T","C",0.517684," || id:ukb-a-349",TRUE,"reported","igd"
38087439,"17",161170,0.0249494,1.10971e-06,0.00512171,"ukb-a-349","rs35557848","T","C",0.240606," || id:ukb-a-349",TRUE,"reported","igd"
