"beta.exposure","chr.exposure","pos.exposure","pval.exposure","samplesize.exposure","se.exposure","id.exposure","SNP","effect_allele.exposure","other_allele.exposure","eaf.exposure","exposure","mr_keep.exposure","pval_origin.exposure","data_source.exposure"
0.0402294,"2",190718595,2.19999e-06,64943,0.00849703,"ukb-b-20341","rs5743134","C","A",0.012285," || id:ukb-b-20341",TRUE,"reported","igd"
0.048526,"2",178089451,1.29999e-06,64943,0.0100322,"ukb-b-20341","rs149640202","T","C",0.01009," || id:ukb-b-20341",TRUE,"reported","igd"
0.0295966,"3",124347748,2.90001e-08,64943,0.00533608,"ukb-b-20341","rs77569241","A","C",0.030446," || id:ukb-b-20341",TRUE,"reported","igd"
0.0446254,"4",88951185,2.39999e-06,64943,0.00946602,"ukb-b-20341","rs143974372","A","G",0.010283," || id:ukb-b-20341",TRUE,"reported","igd"
0.0337545,"4",176867054,1.5e-06,64943,0.00701573,"ukb-b-20341","rs6852243","C","A",0.01739," || id:ukb-b-20341",TRUE,"reported","igd"
0.0279313,"5",39694711,5.19996e-07,64943,0.00556549,"ukb-b-20341","rs74413219","C","T",0.028052," || id:ukb-b-20341",TRUE,"reported","igd"
0.0121265,"6",123157574,8.9e-07,64943,0.00246751,"ukb-b-20341","rs6926290","G","A",0.164389," || id:ukb-b-20341",TRUE,"reported","igd"
0.0261377,"7",89149360,3.09999e-06,64943,0.0056021,"ukb-b-20341","rs146267276","C","T",0.031152," || id:ukb-b-20341",TRUE,"reported","igd"
0.0497863,"9",98248780,2.39999e-07,64943,0.00963236,"ukb-b-20341","rs78400819","T","C",0.010298," || id:ukb-b-20341",TRUE,"reported","igd"
0.0301409,"10",94567171,3.59998e-06,64943,0.00650883,"ukb-b-20341","rs186866610","T","G",0.020991," || id:ukb-b-20341",TRUE,"reported","igd"
0.00854523,"10",60264613,3.79997e-06,64943,0.00184842,"ukb-b-20341","rs1427206","A","C",0.549989," || id:ukb-b-20341",TRUE,"reported","igd"
-0.0129605,"12",12509194,3.89996e-06,64943,0.00280669,"ukb-b-20341","rs6488515","C","T",0.878196," || id:ukb-b-20341",TRUE,"reported","igd"
0.0620624,"15",89233787,1.79999e-06,64943,0.0129958,"ukb-b-20341","rs75010843","G","A",0.005754," || id:ukb-b-20341",TRUE,"reported","igd"
0.021922,"19",32025155,2.80001e-06,64943,0.0046771,"ukb-b-20341","rs75108209","C","T",0.039535," || id:ukb-b-20341",TRUE,"reported","igd"
0.0378973,"19",56774951,3.29997e-06,64943,0.00815004,"ukb-b-20341","rs117108376","T","C",0.013643," || id:ukb-b-20341",TRUE,"reported","igd"
-0.0139486,"21",35726698,2.30001e-06,64943,0.00295338,"ukb-b-20341","rs4817646","C","A",0.886046," || id:ukb-b-20341",TRUE,"reported","igd"
