"chr.exposure","se.exposure","beta.exposure","samplesize.exposure","pos.exposure","pval.exposure","id.exposure","SNP","effect_allele.exposure","other_allele.exposure","eaf.exposure","exposure","mr_keep.exposure","pval_origin.exposure","data_source.exposure"
"2",0.000311401,0.00155861,463010,239374406,5.60003e-07,"ukb-b-14085","rs71426533","A","C",0.129849," || id:ukb-b-14085",TRUE,"reported","igd"
"4",0.000362778,0.00168306,463010,169615229,3.50002e-06,"ukb-b-14085","rs6852004","C","T",0.089057," || id:ukb-b-14085",TRUE,"reported","igd"
"4",0.000247647,0.00155039,463010,38763359,3.79997e-10,"ukb-b-14085","rs10013453","G","A",0.222497," || id:ukb-b-14085",TRUE,"reported","igd"
"5",0.000368765,-0.00176321,463010,64893899,1.7e-06,"ukb-b-14085","rs12187720","T","C",0.084998," || id:ukb-b-14085",TRUE,"reported","igd"
"6",0.000341036,-0.00163427,463010,167743910,1.7e-06,"ukb-b-14085","rs2981976","A","G",0.896669," || id:ukb-b-14085",TRUE,"reported","igd"
"6",0.000215313,0.000998384,463010,117438664,3.50002e-06,"ukb-b-14085","rs1622418","G","C",0.356557," || id:ukb-b-14085",TRUE,"reported","igd"
"7",0.000225938,0.00105916,463010,153697418,2.80001e-06,"ukb-b-14085","rs4546569","C","T",0.311902," || id:ukb-b-14085",TRUE,"reported","igd"
"10",0.000214506,-0.00108381,463010,68540229,4.39997e-07,"ukb-b-14085","rs7909711","A","G",0.63747," || id:ukb-b-14085",TRUE,"reported","igd"
"11",0.000306941,0.00157672,463010,71238453,2.80001e-07,"ukb-b-14085","rs147685834","C","G",0.129685," || id:ukb-b-14085",TRUE,"reported","igd"
"22",0.000287435,-0.00135868,463010,25111200,2.30001e-06,"ukb-b-14085","rs28385311","G","C",0.154521," || id:ukb-b-14085",TRUE,"reported","igd"
"22",0.000267535,0.00123418,463010,34557050,4e-06,"ukb-b-14085","rs5754862","T","G",0.182716," || id:ukb-b-14085",TRUE,"reported","igd"
