"chr.exposure","pval.exposure","pos.exposure","samplesize.exposure","beta.exposure","se.exposure","id.exposure","SNP","effect_allele.exposure","other_allele.exposure","eaf.exposure","exposure","mr_keep.exposure","pval_origin.exposure","data_source.exposure"
"1",1.29999e-06,42747667,64949,0.0611623,0.0126379,"ukb-b-10546","rs189644740","C","T",0.019274," || id:ukb-b-10546",TRUE,"reported","igd"
"2",5.1e-07,161127027,64949,0.101153,0.0201346,"ukb-b-10546","rs77074496","T","A",0.008693," || id:ukb-b-10546",TRUE,"reported","igd"
"2",3.2e-06,15986718,64949,0.0177379,0.00380728,"ukb-b-10546","rs11678296","A","C",0.712959," || id:ukb-b-10546",TRUE,"reported","igd"
"2",4.39997e-06,66485250,64949,-0.0753159,0.0164,"ukb-b-10546","rs114296824","A","G",0.012587," || id:ukb-b-10546",TRUE,"reported","igd"
"2",2.69998e-06,158028063,64949,0.0842525,0.0179686,"ukb-b-10546","rs75606319","G","T",0.010018," || id:ukb-b-10546",TRUE,"reported","igd"
"4",2.39999e-06,117929712,64949,0.0244977,0.00519473,"ukb-b-10546","rs72908311","G","T",0.126443," || id:ukb-b-10546",TRUE,"reported","igd"
"7",1.40001e-06,108664974,64949,0.0506003,0.0104907,"ukb-b-10546","rs139966282","A","G",0.029739," || id:ukb-b-10546",TRUE,"reported","igd"
"7",2.80001e-08,120591120,64949,0.0710005,0.0127915,"ukb-b-10546","rs188626385","T","C",0.018667," || id:ukb-b-10546",TRUE,"reported","igd"
"8",2.59998e-06,18551133,64949,0.0957047,0.0203515,"ukb-b-10546","rs140451057","A","G",0.007667," || id:ukb-b-10546",TRUE,"reported","igd"
"11",5.60003e-07,98379370,64949,0.0644803,0.0128849,"ukb-b-10546","rs139608354","G","A",0.020432," || id:ukb-b-10546",TRUE,"reported","igd"
"12",4.30002e-06,16351430,64949,0.0431793,0.00939281,"ukb-b-10546","rs61915889","T","C",0.034951," || id:ukb-b-10546",TRUE,"reported","igd"
"14",3.50002e-06,62299005,64949,0.0250131,0.00539073,"ukb-b-10546","rs17099248","C","A",0.116622," || id:ukb-b-10546",TRUE,"reported","igd"
"14",8e-07,80450617,64949,-0.0722947,0.0146466,"ukb-b-10546","rs178461","C","T",0.014098," || id:ukb-b-10546",TRUE,"reported","igd"
"16",1.09999e-06,26822285,64949,-0.0168833,0.00346788,"ukb-b-10546","rs9933496","C","T",0.550922," || id:ukb-b-10546",TRUE,"reported","igd"
"20",1.29999e-06,34968992,64949,0.0315342,0.00651845,"ukb-b-10546","rs112516926","C","T",0.07758," || id:ukb-b-10546",TRUE,"reported","igd"
