"beta.exposure","pval.exposure","samplesize.exposure","pos.exposure","chr.exposure","se.exposure","id.exposure","SNP","effect_allele.exposure","other_allele.exposure","eaf.exposure","exposure","mr_keep.exposure","pval_origin.exposure","data_source.exposure"
-0.0006508,4.90004e-06,463010,7063387,"1",0.000142468,"ukb-b-13912","rs2898915","C","T",0.570375," || id:ukb-b-13912",TRUE,"reported","igd"
-0.000799263,6.69993e-07,463010,9937035,"2",0.000160788,"ukb-b-13912","rs4669466","G","A",0.712214," || id:ukb-b-13912",TRUE,"reported","igd"
0.000727006,4.60002e-07,463010,142376128,"3",0.000144147,"ukb-b-13912","rs4683691","T","A",0.603397," || id:ukb-b-13912",TRUE,"reported","igd"
-0.000684516,4.30002e-06,463010,83156375,"4",0.000148877,"ukb-b-13912","rs13136688","A","G",0.34178," || id:ukb-b-13912",TRUE,"reported","igd"
0.000860202,5.69994e-08,463010,6411593,"4",0.000158473,"ukb-b-13912","rs4282260","T","C",0.277296," || id:ukb-b-13912",TRUE,"reported","igd"
-0.000822192,2.90001e-06,463010,175204808,"5",0.000175791,"ukb-b-13912","rs7710660","A","G",0.286597," || id:ukb-b-13912",TRUE,"reported","igd"
0.000740555,2.5e-06,463010,11539134,"7",0.000157416,"ukb-b-13912","rs12540133","T","C",0.708686," || id:ukb-b-13912",TRUE,"reported","igd"
-0.00071736,2.59998e-06,463010,83983177,"9",0.000152626,"ukb-b-13912","rs4535823","C","G",0.687195," || id:ukb-b-13912",TRUE,"reported","igd"
0.00077476,1.6e-06,463010,129292237,"10",0.000161383,"ukb-b-13912","rs10830104","A","T",0.263898," || id:ukb-b-13912",TRUE,"reported","igd"
0.000816393,3.50002e-07,463010,49011487,"12",0.000160291,"ukb-b-13912","rs4113945","A","C",0.28118," || id:ukb-b-13912",TRUE,"reported","igd"
0.000931428,3.79997e-08,463010,105092246,"13",0.000169356,"ukb-b-13912","rs9582866","G","A",0.226405," || id:ukb-b-13912",TRUE,"reported","igd"
0.000861365,2.30001e-06,463010,31306153,"17",0.00018242,"ukb-b-13912","rs7359655","A","G",0.815927," || id:ukb-b-13912",TRUE,"reported","igd"
-0.000678847,3.09999e-06,463010,55441530,"20",0.000145605,"ukb-b-13912","rs11904903","T","C",0.592192," || id:ukb-b-13912",TRUE,"reported","igd"
0.000748548,5.80003e-07,463010,18994024,"22",0.000149817,"ukb-b-13912","rs7285905","C","A",0.384097," || id:ukb-b-13912",TRUE,"reported","igd"
