"pval.exposure","samplesize.exposure","chr.exposure","se.exposure","beta.exposure","pos.exposure","id.exposure","SNP","effect_allele.exposure","other_allele.exposure","eaf.exposure","exposure","mr_keep.exposure","pval_origin.exposure","data_source.exposure"
2.1e-06,64949,"3",0.00338906,-0.0160717,186711098,"ukb-b-17189","rs6444192","T","G",0.43914," || id:ukb-b-17189",TRUE,"reported","igd"
1.2e-06,64949,"4",0.00392503,0.0190507,120746366,"ukb-b-17189","rs2389921","C","T",0.241489," || id:ukb-b-17189",TRUE,"reported","igd"
4.90004e-06,64949,"7",0.0105091,0.0480293,156176794,"ukb-b-17189","rs13243784","A","G",0.028288," || id:ukb-b-17189",TRUE,"reported","igd"
2.5e-07,64949,"7",0.0126305,0.0651492,157691590,"ukb-b-17189","rs191306100","G","A",0.018866," || id:ukb-b-17189",TRUE,"reported","igd"
3.50002e-08,64949,"9",0.0136382,0.0751975,27037553,"ukb-b-17189","rs112107763","A","G",0.01532," || id:ukb-b-17189",TRUE,"reported","igd"
3.2e-06,64949,"11",0.00996827,0.0463978,59882712,"ukb-b-17189","rs113738028","C","G",0.0294," || id:ukb-b-17189",TRUE,"reported","igd"
2.69998e-07,64949,"11",0.00487975,-0.0250998,128100510,"ukb-b-17189","rs496092","G","A",0.86263," || id:ukb-b-17189",TRUE,"reported","igd"
4.30002e-06,64949,"13",0.00429323,0.0197247,86694345,"ukb-b-17189","rs1582047","A","G",0.188247," || id:ukb-b-17189",TRUE,"reported","igd"
4.20001e-06,64949,"14",0.00864752,0.0398076,85936554,"ukb-b-17189","rs72691241","C","T",0.04125," || id:ukb-b-17189",TRUE,"reported","igd"
8.50002e-07,64949,"14",0.003829,0.0188502,21899631,"ukb-b-17189","rs10467770","T","C",0.259904," || id:ukb-b-17189",TRUE,"reported","igd"
4e-06,64949,"15",0.00336743,0.0155318,37308266,"ukb-b-17189","rs6495888","A","C",0.48864," || id:ukb-b-17189",TRUE,"reported","igd"
4.90004e-06,64949,"15",0.00506258,-0.0231418,81492898,"ukb-b-17189","rs113438694","A","G",0.126705," || id:ukb-b-17189",TRUE,"reported","igd"
8.9e-07,64949,"19",0.00416278,-0.0204622,5277888,"ukb-b-17189","rs7250190","G","C",0.793547," || id:ukb-b-17189",TRUE,"reported","igd"
3.89996e-06,64949,"19",0.00681788,0.0314888,45724743,"ukb-b-17189","rs28607628","A","G",0.065417," || id:ukb-b-17189",TRUE,"reported","igd"
1.29999e-06,64949,"19",0.00343275,-0.016605,16110879,"ukb-b-17189","rs7251800","T","C",0.518117," || id:ukb-b-17189",TRUE,"reported","igd"
6.90001e-08,64949,"20",0.0133183,0.0718194,32872259,"ukb-b-17189","rs145248784","T","C",0.018287," || id:ukb-b-17189",TRUE,"reported","igd"
