"chr.exposure","beta.exposure","se.exposure","pval.exposure","pos.exposure","samplesize.exposure","id.exposure","SNP","effect_allele.exposure","other_allele.exposure","eaf.exposure","exposure","mr_keep.exposure","pval_origin.exposure","data_source.exposure"
"1",-0.0389059,0.00842648,3.89996e-06,6226656,64979,"ukb-b-12379","rs12134795","T","C",0.117828," || id:ukb-b-12379",TRUE,"reported","igd"
"1",-0.0312022,0.00654176,1.79999e-06,101762347,64979,"ukb-b-12379","rs4908119","T","C",0.22347," || id:ukb-b-12379",TRUE,"reported","igd"
"2",0.031388,0.00553637,1.40001e-08,25340610,64979,"ukb-b-12379","rs11684464","G","A",0.40261," || id:ukb-b-12379",TRUE,"reported","igd"
"2",0.0426735,0.00876257,1.09999e-06,164504723,64979,"ukb-b-12379","rs78242064","A","C",0.112708," || id:ukb-b-12379",TRUE,"reported","igd"
"3",-0.0839489,0.0182403,4.20001e-06,154740529,64979,"ukb-b-12379","rs16824519","A","T",0.022462," || id:ukb-b-12379",TRUE,"reported","igd"
"4",0.0266196,0.00540373,8.40001e-07,106049147,64979,"ukb-b-12379","rs4698932","A","G",0.498745," || id:ukb-b-12379",TRUE,"reported","igd"
"5",0.0317009,0.0064259,8.09991e-07,117508716,64979,"ukb-b-12379","rs112795893","A","C",0.230929," || id:ukb-b-12379",TRUE,"reported","igd"
"5",0.0578362,0.0123664,2.90001e-06,176163806,64979,"ukb-b-12379","rs11742543","T","C",0.050225," || id:ukb-b-12379",TRUE,"reported","igd"
"5",0.114763,0.0248169,3.79997e-06,108415427,64979,"ukb-b-12379","rs80235298","T","A",0.012081," || id:ukb-b-12379",TRUE,"reported","igd"
"5",0.0927143,0.0195624,2.1e-06,101609953,64979,"ukb-b-12379","rs17331192","T","C",0.020368," || id:ukb-b-12379",TRUE,"reported","igd"
"8",0.0251501,0.00550095,4.79999e-06,145904423,64979,"ukb-b-12379","rs4532636","C","A",0.557414," || id:ukb-b-12379",TRUE,"reported","igd"
"11",-0.0370051,0.00769586,1.5e-06,134818600,64979,"ukb-b-12379","rs11224098","G","A",0.14422," || id:ukb-b-12379",TRUE,"reported","igd"
"15",0.0561759,0.0116809,1.5e-06,101198562,64979,"ukb-b-12379","rs57158572","A","G",0.059457," || id:ukb-b-12379",TRUE,"reported","igd"
"22",0.0287261,0.00597209,1.5e-06,34106551,64979,"ukb-b-12379","rs2267267","A","G",0.299243," || id:ukb-b-12379",TRUE,"reported","igd"
