"pval.exposure","beta.exposure","chr.exposure","samplesize.exposure","pos.exposure","se.exposure","id.exposure","SNP","effect_allele.exposure","other_allele.exposure","eaf.exposure","exposure","mr_keep.exposure","pval_origin.exposure","data_source.exposure"
2.68022e-06,0.00369865,"2",361194,147909565,0.000787954,"ukb-d-Z42","rs182682340","T","A",0.0139263," || id:ukb-d-Z42",TRUE,"reported","igd"
3.40942e-06,0.000877204,"4",361194,6780749,0.000188867,"ukb-d-Z42","rs28534958","A","G",0.590511," || id:ukb-d-Z42",TRUE,"reported","igd"
1.07481e-06,0.00163737,"5",361194,56178111,0.000335699,"ukb-d-Z42","rs3822625","G","A",0.072716," || id:ukb-d-Z42",TRUE,"reported","igd"
4.46057e-06,0.0015372,"5",361194,105205802,0.000334994,"ukb-d-Z42","rs114966548","C","G",0.0741309," || id:ukb-d-Z42",TRUE,"reported","igd"
1.55661e-06,0.00151452,"6",361194,151982089,0.000315268,"ukb-d-Z42","rs9371547","T","C",0.0832905," || id:ukb-d-Z42",TRUE,"reported","igd"
3.79123e-07,0.00126186,"6",361194,73111910,0.000248434,"ukb-d-Z42","rs73750480","C","T",0.146691," || id:ukb-d-Z42",TRUE,"reported","igd"
3.33165e-06,0.00317267,"7",361194,8979996,0.000682397,"ukb-d-Z42","rs117056856","A","C",0.017965," || id:ukb-d-Z42",TRUE,"reported","igd"
1.42292e-06,0.00152629,"8",361194,115309062,0.000316536,"ukb-d-Z42","rs11997962","C","T",0.0825947," || id:ukb-d-Z42",TRUE,"reported","igd"
4.05397e-06,-0.000938888,"8",361194,63394790,0.000203722,"ukb-d-Z42","rs7835925","G","A",0.751911," || id:ukb-d-Z42",TRUE,"reported","igd"
2.38347e-06,0.00300361,"9",361194,105346840,0.000636637,"ukb-d-Z42","rs113447229","C","T",0.0190078," || id:ukb-d-Z42",TRUE,"reported","igd"
4.00857e-06,0.00484308,"10",361194,17718229,0.00105033,"ukb-d-Z42","rs139897219","G","T",0.00819043," || id:ukb-d-Z42",TRUE,"reported","igd"
2.65901e-09,0.00106135,"10",361194,123348389,0.000178332,"ukb-d-Z42","rs1219642","C","T",0.39481," || id:ukb-d-Z42",TRUE,"reported","igd"
1.84489e-06,-0.00083264,"13",361194,37963168,0.000174565,"ukb-d-Z42","rs9566217","G","A",0.47398," || id:ukb-d-Z42",TRUE,"reported","igd"
1.51782e-06,0.000941856,"13",361194,54690204,0.000195855,"ukb-d-Z42","rs2241783","A","G",0.271879," || id:ukb-d-Z42",TRUE,"reported","igd"
9.32438e-07,-0.000878644,"15",361194,96031818,0.000179115,"ukb-d-Z42","rs8031902","C","G",0.386431," || id:ukb-d-Z42",TRUE,"reported","igd"
6.87797e-07,0.00171789,"20",361194,25423249,0.00034601,"ukb-d-Z42","rs6107040","A","T",0.0840475," || id:ukb-d-Z42",TRUE,"reported","igd"
