"beta.exposure","samplesize.exposure","chr.exposure","pval.exposure","se.exposure","pos.exposure","id.exposure","SNP","effect_allele.exposure","other_allele.exposure","eaf.exposure","exposure","mr_keep.exposure","pval_origin.exposure","data_source.exposure"
-0.00393491,462933,"1",7.49998e-09,0.000680786,226613319,"ukb-b-14037","rs4653449","G","C",0.821024," || id:ukb-b-14037",TRUE,"reported","igd"
-0.00410135,462933,"4",2.90001e-06,0.000876247,80375740,"ukb-b-14037","rs55974561","C","T",0.096874," || id:ukb-b-14037",TRUE,"reported","igd"
-0.00264819,462933,"5",4.60002e-06,0.000577708,95964823,"ukb-b-14037","rs155046","G","A",0.280913," || id:ukb-b-14037",TRUE,"reported","igd"
-0.00268811,462933,"7",2.30001e-07,0.000519493,150312851,"ukb-b-14037","rs12537905","C","T",0.450774," || id:ukb-b-14037",TRUE,"reported","igd"
-0.00250594,462933,"9",1.2e-06,0.000516379,81819389,"ukb-b-14037","rs2493599","C","T",0.502739," || id:ukb-b-14037",TRUE,"reported","igd"
-0.0103848,462933,"12",1.40001e-06,0.00215025,19150675,"ukb-b-14037","rs55725959","G","A",0.014692," || id:ukb-b-14037",TRUE,"reported","igd"
0.00770248,462933,"12",5.60003e-07,0.00153947,65239235,"ukb-b-14037","rs74665317","C","G",0.029181," || id:ukb-b-14037",TRUE,"reported","igd"
0.003426,462933,"13",1.79999e-06,0.00071809,44759192,"ukb-b-14037","rs9567388","C","T",0.156753," || id:ukb-b-14037",TRUE,"reported","igd"
0.00370715,462933,"14",2.59998e-06,0.000788628,44578409,"ukb-b-14037","rs35630300","T","C",0.122105," || id:ukb-b-14037",TRUE,"reported","igd"
-0.00369075,462933,"15",3.79997e-06,0.000798792,22932380,"ukb-b-14037","rs2166257","G","A",0.881758," || id:ukb-b-14037",TRUE,"reported","igd"
0.00254675,462933,"16",1.29999e-06,0.000526945,53845487,"ukb-b-14037","rs11642841","A","C",0.397614," || id:ukb-b-14037",TRUE,"reported","igd"
-0.00289222,462933,"16",9.90011e-07,0.000591068,51418804,"ukb-b-14037","rs6499005","A","G",0.737711," || id:ukb-b-14037",TRUE,"reported","igd"
0.00258219,462933,"18",7.79992e-07,0.000522597,48061252,"ukb-b-14037","rs55873391","C","T",0.461923," || id:ukb-b-14037",TRUE,"reported","igd"
