"pval.exposure","pos.exposure","se.exposure","chr.exposure","samplesize.exposure","beta.exposure","id.exposure","SNP","effect_allele.exposure","other_allele.exposure","eaf.exposure","exposure","mr_keep.exposure","pval_origin.exposure","data_source.exposure"
1.18144e-08,216821387,0.0026518,"2",91149,0.0151229,"ukb-d-22617_4213","rs116218976","A","G",0.0125275," || id:ukb-d-22617_4213",TRUE,"reported","igd"
6.11477e-07,60123565,0.00103537,"3",91149,0.00516433,"ukb-d-22617_4213","rs78428117","A","G",0.0737524," || id:ukb-d-22617_4213",TRUE,"reported","igd"
3.42997e-06,82591279,0.000552486,"6",91149,0.00256548,"ukb-d-22617_4213","rs9350937","G","T",0.537957," || id:ukb-d-22617_4213",TRUE,"reported","igd"
2.15095e-06,31439740,0.000573225,"6",91149,0.00271652,"ukb-d-22617_4213","rs2523663","T","G",0.668104," || id:ukb-d-22617_4213",TRUE,"reported","igd"
1.52725e-06,134343600,0.00144937,"7",91149,0.00696852,"ukb-d-22617_4213","rs117003588","A","G",0.0384026," || id:ukb-d-22617_4213",TRUE,"reported","igd"
2.29451e-06,109295197,0.000562511,"7",91149,-0.00265836,"ukb-d-22617_4213","rs11978909","T","G",0.5158," || id:ukb-d-22617_4213",TRUE,"reported","igd"
1.46009e-06,4236230,0.000674201,"8",91149,-0.00324759,"ukb-d-22617_4213","rs35799660","C","G",0.201603," || id:ukb-d-22617_4213",TRUE,"reported","igd"
3.92799e-06,128093541,0.000548311,"8",91149,0.0025307,"ukb-d-22617_4213","rs4871008","C","T",0.572476," || id:ukb-d-22617_4213",TRUE,"reported","igd"
1.10055e-06,45336964,0.00191446,"12",91149,0.00932932,"ukb-d-22617_4213","rs78007798","A","G",0.0203732," || id:ukb-d-22617_4213",TRUE,"reported","igd"
4.3454e-06,74827522,0.00220421,"13",91149,0.0101271,"ukb-d-22617_4213","rs142924838","C","T",0.0167162," || id:ukb-d-22617_4213",TRUE,"reported","igd"
4.52376e-06,58635891,0.00152363,"15",91149,0.00698739,"ukb-d-22617_4213","rs11853431","A","G",0.032414," || id:ukb-d-22617_4213",TRUE,"reported","igd"
1.51625e-06,49590070,0.000739935,"16",91149,0.00355864,"ukb-d-22617_4213","rs57909922","G","A",0.165361," || id:ukb-d-22617_4213",TRUE,"reported","igd"
1.46198e-06,14870398,0.00065934,"20",91149,0.00317583,"ukb-d-22617_4213","rs6042967","T","G",0.21366," || id:ukb-d-22617_4213",TRUE,"reported","igd"
