"se.exposure","beta.exposure","pval.exposure","chr.exposure","samplesize.exposure","pos.exposure","id.exposure","SNP","effect_allele.exposure","other_allele.exposure","eaf.exposure","exposure","mr_keep.exposure","pval_origin.exposure","data_source.exposure"
0.00334446,0.0154384,3.91724e-06,"1",67655,213086915,"ukb-d-22660_108","rs148124429","T","A",0.0723095," || id:ukb-d-22660_108",TRUE,"reported","igd"
0.00729791,-0.0337688,3.71347e-06,"1",67655,69323683,"ukb-d-22660_108","rs146814353","C","G",0.0150755," || id:ukb-d-22660_108",TRUE,"reported","igd"
0.00534248,-0.0256815,1.53508e-06,"3",67655,171205748,"ukb-d-22660_108","rs7614387","G","T",0.0266056," || id:ukb-d-22660_108",TRUE,"reported","igd"
0.0019019,0.00871298,4.63159e-06,"3",67655,169295764,"ukb-d-22660_108","rs6770911","C","A",0.704679," || id:ukb-d-22660_108",TRUE,"reported","igd"
0.00180087,0.0109273,1.30374e-09,"4",67655,68043220,"ukb-d-22660_108","rs9683567","C","A",0.367029," || id:ukb-d-22660_108",TRUE,"reported","igd"
0.00415445,0.0196228,2.32482e-06,"5",67655,28088001,"ukb-d-22660_108","rs78516797","C","T",0.0460762," || id:ukb-d-22660_108",TRUE,"reported","igd"
0.0115106,-0.0528509,4.4089e-06,"7",67655,92686290,"ukb-d-22660_108","rs74858896","A","G",0.00645681," || id:ukb-d-22660_108",TRUE,"reported","igd"
0.00353553,-0.0168364,1.92017e-06,"13",67655,102336439,"ukb-d-22660_108","rs77996221","G","A",0.0651687," || id:ukb-d-22660_108",TRUE,"reported","igd"
0.00281286,0.0129358,4.25706e-06,"15",67655,56280595,"ukb-d-22660_108","rs71476766","T","C",0.105651," || id:ukb-d-22660_108",TRUE,"reported","igd"
0.00172617,-0.0081041,2.6735e-06,"18",67655,39463440,"ukb-d-22660_108","rs11082251","T","C",0.539761," || id:ukb-d-22660_108",TRUE,"reported","igd"
0.0040356,0.0185805,4.14906e-06,"20",67655,56361987,"ukb-d-22660_108","rs117623316","T","C",0.0486883," || id:ukb-d-22660_108",TRUE,"reported","igd"
0.0021336,0.0107443,4.77112e-07,"20",67655,18343108,"ukb-d-22660_108","rs2424179","C","G",0.207592," || id:ukb-d-22660_108",TRUE,"reported","igd"
