"beta.exposure","samplesize.exposure","chr.exposure","se.exposure","pos.exposure","pval.exposure","id.exposure","SNP","effect_allele.exposure","other_allele.exposure","eaf.exposure","exposure","mr_keep.exposure","pval_origin.exposure","data_source.exposure"
-0.000685799,463010,"1",0.000144809,76449547,2.19999e-06,"ukb-b-1539","rs1251557","A","G",0.617139," || id:ukb-b-1539",TRUE,"reported","igd"
0.000889597,463010,"1",0.000185662,71059443,1.7e-06,"ukb-b-1539","rs4092036","A","G",0.173811," || id:ukb-b-1539",TRUE,"reported","igd"
-0.00085605,463010,"1",0.000186839,15321242,4.60002e-06,"ukb-b-1539","rs12070741","T","C",0.172082," || id:ukb-b-1539",TRUE,"reported","igd"
-0.000714932,463010,"2",0.000152346,46093760,2.69998e-06,"ukb-b-1539","rs10189339","A","G",0.68898," || id:ukb-b-1539",TRUE,"reported","igd"
-0.000776467,463010,"3",0.000141822,191512976,4.39997e-08,"ukb-b-1539","rs779266","T","C",0.56115," || id:ukb-b-1539",TRUE,"reported","igd"
0.000653032,463010,"4",0.000142051,38163392,4.30002e-06,"ukb-b-1539","rs6819479","T","G",0.565597," || id:ukb-b-1539",TRUE,"reported","igd"
-0.000668204,463010,"7",0.000141515,28975025,2.30001e-06,"ukb-b-1539","rs917217","G","T",0.567189," || id:ukb-b-1539",TRUE,"reported","igd"
-0.000733026,463010,"7",0.000155507,86370992,2.39999e-06,"ukb-b-1539","rs2282963","G","T",0.286937," || id:ukb-b-1539",TRUE,"reported","igd"
-0.000733321,463010,"10",0.000156981,58749365,2.99999e-06,"ukb-b-1539","rs11005600","A","C",0.276909," || id:ukb-b-1539",TRUE,"reported","igd"
0.000709887,463010,"10",0.000152497,108142549,3.2e-06,"ukb-b-1539","rs821682","C","T",0.30526," || id:ukb-b-1539",TRUE,"reported","igd"
-0.000753354,463010,"12",0.000143283,105807430,1.5e-07,"ukb-b-1539","rs2374469","C","G",0.571507," || id:ukb-b-1539",TRUE,"reported","igd"
-0.000796306,463010,"12",0.000173369,81022594,4.39997e-06,"ukb-b-1539","rs73150773","G","A",0.210647," || id:ukb-b-1539",TRUE,"reported","igd"
-0.000842453,463010,"19",0.000162492,1364855,2.19999e-07,"ukb-b-1539","rs2526132","C","T",0.752352," || id:ukb-b-1539",TRUE,"reported","igd"
0.000779414,463010,"21",0.00015501,29066168,5e-07,"ukb-b-1539","rs2831099","G","C",0.288185," || id:ukb-b-1539",TRUE,"reported","igd"
