"pval.exposure","samplesize.exposure","pos.exposure","se.exposure","chr.exposure","beta.exposure","id.exposure","SNP","effect_allele.exposure","other_allele.exposure","eaf.exposure","exposure","mr_keep.exposure","pval_origin.exposure","data_source.exposure"
4.72107e-06,5473,26686671,0.019812,"1",0.0907675,"ukb-d-2956","rs76012020","A","C",0.034521," || id:ukb-d-2956",TRUE,"reported","igd"
2.72973e-06,5473,154608755,0.0205182,"1",-0.0963354,"ukb-d-2956","rs142768042","T","C",0.0322173," || id:ukb-d-2956",TRUE,"reported","igd"
2.08037e-06,5473,233904423,0.0072309,"2",0.034351,"ukb-d-2956","rs61618137","A","G",0.596675," || id:ukb-d-2956",TRUE,"reported","igd"
4.19402e-06,5473,29749465,0.0144892,"3",-0.0667405,"ukb-d-2956","rs77031769","A","G",0.064133," || id:ukb-d-2956",TRUE,"reported","igd"
4.93185e-06,5473,105347224,0.0259557,"3",-0.118676,"ukb-d-2956","rs78910787","A","G",0.0192764," || id:ukb-d-2956",TRUE,"reported","igd"
2.95434e-06,5473,72372480,0.00825808,"3",-0.0386385,"ukb-d-2956","rs73093196","A","G",0.253989," || id:ukb-d-2956",TRUE,"reported","igd"
4.7075e-06,5473,665556,0.0132025,"7",-0.0604943,"ukb-d-2956","rs149399506","T","A",0.0876248," || id:ukb-d-2956",TRUE,"reported","igd"
2.16576e-06,5473,146988619,0.035363,"7",-0.167706,"ukb-d-2956","rs144831574","A","C",0.0107931," || id:ukb-d-2956",TRUE,"reported","igd"
1.84404e-08,5473,16129445,0.026687,"9",-0.150367,"ukb-d-2956","rs113612951","A","G",0.0198239," || id:ukb-d-2956",TRUE,"reported","igd"
2.84925e-06,5473,137598469,0.032147,"9",-0.150651,"ukb-d-2956","rs78872895","G","A",0.0145481," || id:ukb-d-2956",TRUE,"reported","igd"
4.71097e-07,5473,130217720,0.007665,"10",0.038661,"ukb-d-2956","rs7911827","C","T",0.31089," || id:ukb-d-2956",TRUE,"reported","igd"
1.91056e-06,5473,98177420,0.0205293,"15",-0.0978804,"ukb-d-2956","rs76079408","G","A",0.032605," || id:ukb-d-2956",TRUE,"reported","igd"
3.20915e-06,5473,39088851,0.0204731,"15",-0.0954418,"ukb-d-2956","rs117756787","C","T",0.034583," || id:ukb-d-2956",TRUE,"reported","igd"
3.0411e-06,5473,2211104,0.0081769,"18",-0.03821,"ukb-d-2956","rs8090332","A","C",0.248521," || id:ukb-d-2956",TRUE,"reported","igd"
1.03591e-07,5473,3504139,0.0111645,"19",-0.0594787,"ukb-d-2956","rs2017561","A","G",0.114401," || id:ukb-d-2956",TRUE,"reported","igd"
4.88776e-06,5473,1099087,0.0325391,"20",-0.148838,"ukb-d-2956","rs192517272","A","C",0.0124343," || id:ukb-d-2956",TRUE,"reported","igd"
