"beta.exposure","se.exposure","pos.exposure","samplesize.exposure","chr.exposure","pval.exposure","id.exposure","SNP","effect_allele.exposure","other_allele.exposure","eaf.exposure","exposure","mr_keep.exposure","pval_origin.exposure","data_source.exposure"
0.00111778,0.000199574,81167309,462933,"4",2.1e-08,"ukb-b-15746","rs11099097","T","C",0.291229," || id:ukb-b-15746",TRUE,"reported","igd"
-0.000986446,0.000214912,96853579,462933,"6",4.39997e-06,"ukb-b-15746","rs6924957","T","G",0.769097," || id:ukb-b-15746",TRUE,"reported","igd"
0.00136985,0.000251865,26092170,462933,"6",5.39995e-08,"ukb-b-15746","rs2032451","T","G",0.15168," || id:ukb-b-15746",TRUE,"reported","igd"
-0.00116294,0.000235723,7259614,462933,"9",8.09991e-07,"ukb-b-15746","rs10976161","G","A",0.179693," || id:ukb-b-15746",TRUE,"reported","igd"
0.000944506,0.000195978,1044727,462933,"9",1.40001e-06,"ukb-b-15746","rs7039595","A","G",0.368846," || id:ukb-b-15746",TRUE,"reported","igd"
-0.000868367,0.000181822,28786370,462933,"10",1.79999e-06,"ukb-b-15746","rs10826477","A","C",0.519281," || id:ukb-b-15746",TRUE,"reported","igd"
-0.000928586,0.000181939,111865049,462933,"12",3.29997e-07,"ukb-b-15746","rs7310615","G","C",0.517542," || id:ukb-b-15746",TRUE,"reported","igd"
0.00131449,0.000274002,22427787,462933,"13",1.6e-06,"ukb-b-15746","rs17072780","C","T",0.12402," || id:ukb-b-15746",TRUE,"reported","igd"
-0.000879894,0.000190566,91430617,462933,"15",3.89996e-06,"ukb-b-15746","rs2071384","A","G",0.352505," || id:ukb-b-15746",TRUE,"reported","igd"
0.00103167,0.000221091,24232522,462933,"15",3.09999e-06,"ukb-b-15746","rs11639152","T","C",0.218982," || id:ukb-b-15746",TRUE,"reported","igd"
-0.000887108,0.000189112,89691769,462933,"16",2.69998e-06,"ukb-b-15746","rs12930346","T","C",0.352276," || id:ukb-b-15746",TRUE,"reported","igd"
-0.000885492,0.000187095,9448636,462933,"18",2.19999e-06,"ukb-b-15746","rs1462979","A","G",0.626302," || id:ukb-b-15746",TRUE,"reported","igd"
0.00090884,0.000185801,52240842,462933,"19",1e-06,"ukb-b-15746","rs10412020","A","G",0.390586," || id:ukb-b-15746",TRUE,"reported","igd"
-0.00113216,0.000232686,62441599,462933,"20",1.09999e-06,"ukb-b-15746","rs6062322","T","A",0.188398," || id:ukb-b-15746",TRUE,"reported","igd"
