"chr.exposure","beta.exposure","pval.exposure","samplesize.exposure","pos.exposure","se.exposure","id.exposure","SNP","effect_allele.exposure","other_allele.exposure","eaf.exposure","exposure","mr_keep.exposure","pval_origin.exposure","data_source.exposure"
"2",0.052994,3.46537e-06,15090,26095635,0.0114141,"ukb-d-5832_1","rs144012946","C","T",0.0182556," || id:ukb-d-5832_1",TRUE,"reported","igd"
"2",0.0611467,2.05916e-06,15090,179612883,0.0128747,"ukb-d-5832_1","rs139669372","G","A",0.0144543," || id:ukb-d-5832_1",TRUE,"reported","igd"
"3",0.0651903,2.37427e-07,15090,108315574,0.01261,"ukb-d-5832_1","rs74315825","T","C",0.0147958," || id:ukb-d-5832_1",TRUE,"reported","igd"
"3",0.030301,4.08385e-06,15090,62879023,0.00657464,"ukb-d-5832_1","rs62242426","A","C",0.0573486," || id:ukb-d-5832_1",TRUE,"reported","igd"
"3",0.064573,2.81683e-07,15090,30845922,0.0125686,"ukb-d-5832_1","rs9871381","A","G",0.0150654," || id:ukb-d-5832_1",TRUE,"reported","igd"
"4",0.0587817,4.10677e-06,15090,101620,0.0127575,"ukb-d-5832_1","rs76347257","G","C",0.0156177," || id:ukb-d-5832_1",TRUE,"reported","igd"
"7",-0.0152617,6.86325e-07,15090,36781321,0.00307243,"ukb-d-5832_1","rs17379876","G","T",0.423376," || id:ukb-d-5832_1",TRUE,"reported","igd"
"7",0.0167941,4.36988e-07,15090,83383665,0.00332272,"ukb-d-5832_1","rs6975832","T","C",0.699048," || id:ukb-d-5832_1",TRUE,"reported","igd"
"7",0.0586672,3.81136e-06,15090,76554191,0.0126899,"ukb-d-5832_1","rs11770693","T","G",0.0143141," || id:ukb-d-5832_1",TRUE,"reported","igd"
"7",0.0598241,1.24162e-06,15090,8372295,0.0123327,"ukb-d-5832_1","rs189175721","C","G",0.0176745," || id:ukb-d-5832_1",TRUE,"reported","igd"
"8",-0.0139785,4.87506e-06,15090,11321292,0.00305758,"ukb-d-5832_1","rs2898280","G","A",0.492634," || id:ukb-d-5832_1",TRUE,"reported","igd"
"8",0.0283194,6.39337e-09,15090,5493649,0.00487469,"ukb-d-5832_1","rs12677919","T","C",0.113578," || id:ukb-d-5832_1",TRUE,"reported","igd"
"8",-0.0168073,4.5978e-06,15090,41416130,0.0036665,"ukb-d-5832_1","rs62507858","G","T",0.243944," || id:ukb-d-5832_1",TRUE,"reported","igd"
"10",0.0637199,3.22775e-06,15090,22450371,0.0136811,"ukb-d-5832_1","rs117119841","G","A",0.0135036," || id:ukb-d-5832_1",TRUE,"reported","igd"
"15",0.0550832,4.43619e-06,15090,28087919,0.0119967,"ukb-d-5832_1","rs75799913","A","G",0.0159708," || id:ukb-d-5832_1",TRUE,"reported","igd"
