"se.exposure","pos.exposure","beta.exposure","chr.exposure","pval.exposure","samplesize.exposure","id.exposure","SNP","effect_allele.exposure","other_allele.exposure","eaf.exposure","exposure","mr_keep.exposure","pval_origin.exposure","data_source.exposure"
0.00202603,156773209,-0.00978287,"1",1.37562e-06,333997,"ukb-a-229","rs73002788","A","G",0.0182118," || id:ukb-a-229",TRUE,"reported","igd"
0.000552823,231432341,-0.00261926,"2",2.15958e-06,333997,"ukb-a-229","rs6711773","G","T",0.591986," || id:ukb-a-229",TRUE,"reported","igd"
0.0032885,232297961,0.0153278,"2",3.14782e-06,333997,"ukb-a-229","rs188764643","G","A",0.00796711," || id:ukb-a-229",TRUE,"reported","igd"
0.00168641,71874684,0.00824599,"3",1.01058e-06,333997,"ukb-a-229","rs78134574","T","C",0.026517," || id:ukb-a-229",TRUE,"reported","igd"
0.000902816,159340740,0.00519997,"6",8.43238e-09,333997,"ukb-a-229","rs78952443","G","T",0.0994235," || id:ukb-a-229",TRUE,"reported","igd"
0.000547928,121864578,-0.00252617,"6",4.02031e-06,333997,"ukb-a-229","rs9482173","A","G",0.428272," || id:ukb-a-229",TRUE,"reported","igd"
0.00404843,148897666,0.0184947,"7",4.917e-06,333997,"ukb-a-229","rs146029810","T","C",0.0045878," || id:ukb-a-229",TRUE,"reported","igd"
0.0012515,83366618,-0.00642122,"8",2.88636e-07,333997,"ukb-a-229","rs75300163","A","G",0.0490126," || id:ukb-a-229",TRUE,"reported","igd"
0.000620707,15351888,-0.00311244,"11",5.3239e-07,333997,"ukb-a-229","rs79037443","T","C",0.255711," || id:ukb-a-229",TRUE,"reported","igd"
0.0019974,70314994,-0.00915236,"15",4.60394e-06,333997,"ukb-a-229","rs180896238","T","C",0.0193491," || id:ukb-a-229",TRUE,"reported","igd"
0.00235917,66158200,0.0113974,"17",1.35831e-06,333997,"ukb-a-229","rs77541336","T","C",0.0134001," || id:ukb-a-229",TRUE,"reported","igd"
0.00118758,34432095,0.00545766,"21",4.31658e-06,333997,"ukb-a-229","rs56189545","C","A",0.0547407," || id:ukb-a-229",TRUE,"reported","igd"
