"pval.exposure","beta.exposure","samplesize.exposure","chr.exposure","pos.exposure","se.exposure","id.exposure","SNP","effect_allele.exposure","other_allele.exposure","eaf.exposure","exposure","mr_keep.exposure","pval_origin.exposure","data_source.exposure"
1.97651e-06,0.0183325,33301,"1",72940273,0.00385408,"ukb-d-20417","rs10789340","G","A",0.628347," || id:ukb-d-20417",TRUE,"reported","igd"
9.99448e-07,-0.0415822,33301,"1",245932407,0.00849889,"ukb-d-20417","rs2817498","G","A",0.939723," || id:ukb-d-20417",TRUE,"reported","igd"
1.37689e-06,0.104388,33301,"2",171964469,0.021616,"ukb-d-20417","rs77692195","C","A",0.00884228," || id:ukb-d-20417",TRUE,"reported","igd"
1.54501e-06,0.0814492,33301,"3",174263225,0.0169467,"ukb-d-20417","rs78010658","G","A",0.0123778," || id:ukb-d-20417",TRUE,"reported","igd"
4.53398e-08,0.0981932,33301,"3",59151458,0.0179514,"ukb-d-20417","rs146131468","C","G",0.0121794," || id:ukb-d-20417",TRUE,"reported","igd"
6.63881e-07,-0.0239761,33301,"4",1087487,0.00482163,"ukb-d-20417","rs60035268","A","G",0.188567," || id:ukb-d-20417",TRUE,"reported","igd"
2.04498e-06,-0.0217659,33301,"6",107456170,0.00458253,"ukb-d-20417","rs12529070","C","A",0.209682," || id:ukb-d-20417",TRUE,"reported","igd"
4.71889e-06,-0.0503277,33301,"6",96842475,0.0109942,"ukb-d-20417","rs2499788","C","T",0.970361," || id:ukb-d-20417",TRUE,"reported","igd"
3.13632e-06,-0.020317,33301,"7",31407901,0.00435756,"ukb-d-20417","rs10265343","A","G",0.752784," || id:ukb-d-20417",TRUE,"reported","igd"
3.73388e-06,0.138127,33301,"11",92342706,0.0298559,"ukb-d-20417","rs145879911","T","C",0.00469632," || id:ukb-d-20417",TRUE,"reported","igd"
3.02643e-06,-0.0192623,33301,"12",51616582,0.00412484,"ukb-d-20417","rs10747608","G","A",0.711021," || id:ukb-d-20417",TRUE,"reported","igd"
5.16964e-07,-0.0239854,33301,"14",101333961,0.00477712,"ukb-d-20417","rs11620960","T","C",0.198727," || id:ukb-d-20417",TRUE,"reported","igd"
1.33681e-06,0.0182349,33301,"18",42619188,0.00377137,"ukb-d-20417","rs4890277","T","C",0.428768," || id:ukb-d-20417",TRUE,"reported","igd"
