"chr.exposure","samplesize.exposure","beta.exposure","pval.exposure","se.exposure","pos.exposure","id.exposure","SNP","effect_allele.exposure","other_allele.exposure","eaf.exposure","exposure","mr_keep.exposure","pval_origin.exposure","data_source.exposure"
"1",463010,-0.0006735,1.40001e-06,0.000139784,175526412,"ukb-b-10813","rs6676681","G","A",0.69831," || id:ukb-b-10813",TRUE,"reported","igd"
"2",463010,0.000609709,4.39997e-06,0.00013279,125097438,"ukb-b-10813","rs4848929","C","T",0.382631," || id:ukb-b-10813",TRUE,"reported","igd"
"2",463010,-0.00067356,1.6e-07,0.000128662,149115191,"ukb-b-10813","rs1916960","C","T",0.483793," || id:ukb-b-10813",TRUE,"reported","igd"
"4",463010,-0.000860166,2.59998e-08,0.000154493,38763359,"ukb-b-10813","rs10013453","G","A",0.222497," || id:ukb-b-10813",TRUE,"reported","igd"
"5",463010,-0.000739051,2.80001e-06,0.000157764,109451963,"ukb-b-10813","rs2198687","G","A",0.213543," || id:ukb-b-10813",TRUE,"reported","igd"
"5",463010,-0.000722512,3.40001e-06,0.000155524,124669819,"ukb-b-10813","rs11953802","G","C",0.780793," || id:ukb-b-10813",TRUE,"reported","igd"
"5",463010,0.00069303,1.7e-06,0.000144716,163097842,"ukb-b-10813","rs424217","G","A",0.272972," || id:ukb-b-10813",TRUE,"reported","igd"
"6",463010,0.000708262,7.49998e-07,0.000143124,16418562,"ukb-b-10813","rs9370893","T","C",0.283268," || id:ukb-b-10813",TRUE,"reported","igd"
"6",463010,-0.000625092,2.19999e-06,0.000132072,31170608,"ukb-b-10813","rs9263872","T","C",0.383181," || id:ukb-b-10813",TRUE,"reported","igd"
"7",463010,-0.000644645,4.49997e-06,0.000140564,22811921,"ukb-b-10813","rs10950917","A","G",0.364799," || id:ukb-b-10813",TRUE,"reported","igd"
"14",463010,-0.000677266,2.1e-06,0.000142863,22660236,"ukb-b-10813","rs34521877","C","A",0.280593," || id:ukb-b-10813",TRUE,"reported","igd"
"15",463010,-0.000809595,3.59998e-07,0.000159147,23250982,"ukb-b-10813","rs3929352","C","G",0.383948," || id:ukb-b-10813",TRUE,"reported","igd"
"18",463010,0.000677796,2.19999e-06,0.000143276,22605161,"ukb-b-10813","rs62085804","A","G",0.289392," || id:ukb-b-10813",TRUE,"reported","igd"
"20",463010,0.000703207,9.59997e-07,0.000143534,58961998,"ukb-b-10813","rs6027570","C","G",0.278856," || id:ukb-b-10813",TRUE,"reported","igd"
