"samplesize.exposure","se.exposure","pos.exposure","beta.exposure","chr.exposure","pval.exposure","id.exposure","SNP","effect_allele.exposure","other_allele.exposure","eaf.exposure","exposure","mr_keep.exposure","pval_origin.exposure","data_source.exposure"
463010,0.000345143,109817192,-0.00161687,"1",2.80001e-06,"ukb-b-8798","rs7528419","G","A",0.222231," || id:ukb-b-8798",TRUE,"reported","igd"
463010,0.000672001,83391379,-0.00316169,"4",2.5e-06,"ukb-b-8798","rs1400647","A","G",0.04887," || id:ukb-b-8798",TRUE,"reported","igd"
463010,0.000287419,19621200,0.00134354,"6",2.90001e-06,"ukb-b-8798","rs7774717","A","G",0.487308," || id:ukb-b-8798",TRUE,"reported","igd"
463010,0.000530474,161005610,0.0027713,"6",1.7e-07,"ukb-b-8798","rs55730499","T","C",0.079714," || id:ukb-b-8798",TRUE,"reported","igd"
463010,0.000539176,121705980,-0.00247016,"7",4.60002e-06,"ukb-b-8798","rs73224310","A","T",0.076945," || id:ukb-b-8798",TRUE,"reported","igd"
463010,0.00028744,112284207,0.00144293,"7",5.19996e-07,"ukb-b-8798","rs2966472","A","T",0.478381," || id:ukb-b-8798",TRUE,"reported","igd"
463010,0.000286833,22124504,0.00169886,"9",3.2e-09,"ukb-b-8798","rs1333047","T","A",0.493667," || id:ukb-b-8798",TRUE,"reported","igd"
463010,0.000399901,1512561,-0.00189676,"9",2.1e-06,"ukb-b-8798","rs10961844","G","T",0.846719," || id:ukb-b-8798",TRUE,"reported","igd"
463010,0.000300671,110842102,0.00142834,"13",2e-06,"ukb-b-8798","rs3783107","A","G",0.378222," || id:ukb-b-8798",TRUE,"reported","igd"
463010,0.000341481,85549332,0.00162299,"16",2e-06,"ukb-b-8798","rs7499133","C","T",0.244905," || id:ukb-b-8798",TRUE,"reported","igd"
463010,0.000306078,75217897,-0.00148423,"16",1.2e-06,"ukb-b-8798","rs7203336","T","C",0.445407," || id:ukb-b-8798",TRUE,"reported","igd"
463010,0.000490889,51790217,0.00233626,"18",1.89998e-06,"ukb-b-8798","rs76942258","T","C",0.095045," || id:ukb-b-8798",TRUE,"reported","igd"
463010,0.000420876,40084399,-0.00196449,"20",2.99999e-06,"ukb-b-8798","rs3746540","C","T",0.134653," || id:ukb-b-8798",TRUE,"reported","igd"
