"chr.exposure","beta.exposure","pval.exposure","se.exposure","pos.exposure","samplesize.exposure","id.exposure","SNP","effect_allele.exposure","other_allele.exposure","eaf.exposure","exposure","mr_keep.exposure","pval_origin.exposure","data_source.exposure"
"2",0.071693,4.01153e-06,0.0155471,169159717,45540,"ukb-d-20533","rs10179844","A","G",0.0101307," || id:ukb-d-20533",TRUE,"reported","igd"
"7",-0.0286726,9.50452e-07,0.0058488,76716169,45540,"ukb-d-20533","rs372381288","A","G",0.0718653," || id:ukb-d-20533",TRUE,"reported","igd"
"8",0.0651991,1.51736e-06,0.0135561,60627698,45540,"ukb-d-20533","rs572565300","T","A",0.0132346," || id:ukb-d-20533",TRUE,"reported","igd"
"9",-0.0383145,3.51957e-06,0.00826015,134166409,45540,"ukb-d-20533","rs117026216","T","C",0.0337534," || id:ukb-d-20533",TRUE,"reported","igd"
"10",-0.0196017,4.46355e-06,0.00427137,99255780,45540,"ukb-d-20533","rs29001258","T","C",0.128868," || id:ukb-d-20533",TRUE,"reported","igd"
"11",-0.0188869,3.93296e-06,0.0040921,9615083,45540,"ukb-d-20533","rs10500708","G","A",0.139516," || id:ukb-d-20533",TRUE,"reported","igd"
"11",-0.0250504,2.15904e-06,0.00528651,111131135,45540,"ukb-d-20533","rs78025848","C","T",0.0791064," || id:ukb-d-20533",TRUE,"reported","igd"
"12",-0.0171634,9.31966e-07,0.00349833,59946632,45540,"ukb-d-20533","rs175750","A","G",0.239797," || id:ukb-d-20533",TRUE,"reported","igd"
"14",-0.0255973,2.44208e-06,0.00543062,42142334,45540,"ukb-d-20533","rs138989870","A","G",0.0780547," || id:ukb-d-20533",TRUE,"reported","igd"
"17",0.0202552,2.29631e-08,0.00362409,43663843,45540,"ukb-d-20533","rs62064389","T","C",0.201026," || id:ukb-d-20533",TRUE,"reported","igd"
"18",-0.078655,2.13964e-06,0.0165926,10075801,45540,"ukb-d-20533","rs151045175","A","G",0.00760676," || id:ukb-d-20533",TRUE,"reported","igd"
