"chr.exposure","pval.exposure","se.exposure","beta.exposure","pos.exposure","samplesize.exposure","id.exposure","SNP","effect_allele.exposure","other_allele.exposure","eaf.exposure","exposure","mr_keep.exposure","pval_origin.exposure","data_source.exposure"
"2",1.2e-07,0.000225298,0.00119197,144149614,463010,"ukb-b-9873","rs12999615","A","T",0.269635," || id:ukb-b-9873",TRUE,"reported","igd"
"3",2.39999e-06,0.000314075,0.00148157,69496888,463010,"ukb-b-9873","rs62252286","C","T",0.118295," || id:ukb-b-9873",TRUE,"reported","igd"
"3",1.09999e-07,0.000278939,-0.00147928,142618163,463010,"ukb-b-9873","rs73234739","G","A",0.150628," || id:ukb-b-9873",TRUE,"reported","igd"
"4",3.2e-06,0.000203196,-0.000945825,38647753,463010,"ukb-b-9873","rs337605","T","C",0.587969," || id:ukb-b-9873",TRUE,"reported","igd"
"4",6.59994e-07,0.000211169,0.00105008,137828866,463010,"ukb-b-9873","rs1445523","T","C",0.351125," || id:ukb-b-9873",TRUE,"reported","igd"
"7",4.09996e-06,0.000274698,-0.00126528,116182054,463010,"ukb-b-9873","rs959173","T","C",0.843416," || id:ukb-b-9873",TRUE,"reported","igd"
"11",1.2e-06,0.000249344,-0.00121261,32492447,463010,"ukb-b-9873","rs3858460","T","C",0.201169," || id:ukb-b-9873",TRUE,"reported","igd"
"12",7.70016e-11,0.000207889,-0.0013524,114666585,463010,"ukb-b-9873","rs10774741","A","G",0.363416," || id:ukb-b-9873",TRUE,"reported","igd"
"18",8.19993e-07,0.000205209,-0.00101172,21796241,463010,"ukb-b-9873","rs11083020","A","G",0.488967," || id:ukb-b-9873",TRUE,"reported","igd"
"19",1.2e-06,0.000218347,0.00105958,41722072,463010,"ukb-b-9873","rs1709104","T","C",0.298922," || id:ukb-b-9873",TRUE,"reported","igd"
"20",3.50002e-06,0.00032673,-0.00151629,38219781,463010,"ukb-b-9873","rs4812402","A","C",0.105125," || id:ukb-b-9873",TRUE,"reported","igd"
"20",3.29997e-06,0.000203418,0.000946304,56019801,463010,"ukb-b-9873","rs8115191","T","C",0.423627," || id:ukb-b-9873",TRUE,"reported","igd"
