"pval.exposure","chr.exposure","se.exposure","beta.exposure","pos.exposure","samplesize.exposure","id.exposure","SNP","effect_allele.exposure","other_allele.exposure","eaf.exposure","exposure","mr_keep.exposure","pval_origin.exposure","data_source.exposure"
2.51108e-06,"2",0.00580174,0.0273206,137786921,15090,"ukb-d-5832_2","rs10211426","C","T",0.0689588," || id:ukb-d-5832_2",TRUE,"reported","igd"
4.87181e-06,"3",0.00647257,0.0295919,96779326,15090,"ukb-d-5832_2","rs7612669","G","A",0.0543567," || id:ukb-d-5832_2",TRUE,"reported","igd"
4.20455e-06,"3",0.00974754,0.044865,67816428,15090,"ukb-d-5832_2","rs73101644","G","C",0.023393," || id:ukb-d-5832_2",TRUE,"reported","igd"
2.99557e-06,"4",0.0128105,0.0598621,149645161,15090,"ukb-d-5832_2","rs114569767","A","G",0.0143168," || id:ukb-d-5832_2",TRUE,"reported","igd"
4.16591e-06,"7",0.00484921,0.0223288,155278901,15090,"ukb-d-5832_2","rs12697981","C","T",0.100696," || id:ukb-d-5832_2",TRUE,"reported","igd"
1.23669e-06,"9",0.00557734,0.0270592,16900927,15090,"ukb-d-5832_2","rs12683371","T","C",0.0733068," || id:ukb-d-5832_2",TRUE,"reported","igd"
3.87775e-06,"9",0.00292303,-0.0135031,106260077,15090,"ukb-d-5832_2","rs840254","A","G",0.472615," || id:ukb-d-5832_2",TRUE,"reported","igd"
3.16417e-08,"10",0.010448,0.0578295,19280826,15090,"ukb-d-5832_2","rs2813778","C","G",0.0221435," || id:ukb-d-5832_2",TRUE,"reported","igd"
6.96819e-07,"10",0.0126864,0.0629797,17286696,15090,"ukb-d-5832_2","rs74120330","T","G",0.0136183," || id:ukb-d-5832_2",TRUE,"reported","igd"
2.58702e-06,"13",0.0138599,0.0651823,48105735,15090,"ukb-d-5832_2","rs571962862","A","G",0.0125616," || id:ukb-d-5832_2",TRUE,"reported","igd"
2.02037e-06,"14",0.00509168,0.0242019,49142513,15090,"ukb-d-5832_2","rs75473918","T","A",0.0937281," || id:ukb-d-5832_2",TRUE,"reported","igd"
1.72397e-06,"14",0.00560795,0.0268354,73340979,15090,"ukb-d-5832_2","rs141304337","A","G",0.0762419," || id:ukb-d-5832_2",TRUE,"reported","igd"
3.84946e-06,"18",0.00826007,0.0381703,67901613,15090,"ukb-d-5832_2","rs7236571","C","A",0.03277," || id:ukb-d-5832_2",TRUE,"reported","igd"
