"pval.exposure","se.exposure","chr.exposure","samplesize.exposure","pos.exposure","beta.exposure","id.exposure","SNP","effect_allele.exposure","other_allele.exposure","eaf.exposure","exposure","mr_keep.exposure","pval_origin.exposure","data_source.exposure"
1.8381e-06,0.00126906,"1",361194,75102467,0.00605409,"ukb-d-N84","rs61778102","A","G",0.0167246," || id:ukb-d-N84",TRUE,"reported","igd"
1.00226e-08,0.000369572,"3",361194,128114587,0.00211782,"ukb-d-N84","rs7632169","C","T",0.255378," || id:ukb-d-N84",TRUE,"reported","igd"
1.70047e-06,0.000749082,"4",361194,178998869,0.00358525,"ukb-d-N84","rs1676207","C","A",0.951248," || id:ukb-d-N84",TRUE,"reported","igd"
2.40774e-06,0.000325827,"4",361194,106033265,0.00153656,"ukb-d-N84","rs1034677","G","T",0.510144," || id:ukb-d-N84",TRUE,"reported","igd"
6.22028e-07,0.000869616,"6",361194,123148844,0.00433446,"ukb-d-N84","rs12203930","C","T",0.0371674," || id:ukb-d-N84",TRUE,"reported","igd"
2.59573e-06,0.000365776,"7",361194,74300890,0.00171934,"ukb-d-N84","rs2530482","C","A",0.28434," || id:ukb-d-N84",TRUE,"reported","igd"
3.78608e-07,0.00120246,"7",361194,96919013,0.00610788,"ukb-d-N84","rs148314649","A","G",0.0190955," || id:ukb-d-N84",TRUE,"reported","igd"
9.94329e-07,0.000685154,"8",361194,3179531,0.00335235,"ukb-d-N84","rs17079951","C","T",0.0599704," || id:ukb-d-N84",TRUE,"reported","igd"
5.03709e-07,0.000441153,"10",361194,114849399,-0.00221679,"ukb-d-N84","rs4917644","T","C",0.159794," || id:ukb-d-N84",TRUE,"reported","igd"
6.31786e-08,0.000601852,"12",361194,33298703,0.00325583,"ukb-d-N84","rs11531063","T","C",0.0846924," || id:ukb-d-N84",TRUE,"reported","igd"
1.83802e-06,0.00127369,"13",361194,51491345,0.00607618,"ukb-d-N84","rs61962195","G","A",0.0165167," || id:ukb-d-N84",TRUE,"reported","igd"
4.74329e-07,0.000324424,"14",361194,78597284,0.00163396,"ukb-d-N84","rs434181","T","G",0.519408," || id:ukb-d-N84",TRUE,"reported","igd"
4.48405e-06,0.000997869,"15",361194,90401179,0.00457788,"ukb-d-N84","rs112331534","C","T",0.0293139," || id:ukb-d-N84",TRUE,"reported","igd"
3.78495e-06,0.0012469,"15",361194,50153689,0.00576433,"ukb-d-N84","rs147693271","C","A",0.0186264," || id:ukb-d-N84",TRUE,"reported","igd"
1.21347e-06,0.000445875,"19",361194,51413790,-0.00216406,"ukb-d-N84","rs2242669","A","G",0.168343," || id:ukb-d-N84",TRUE,"reported","igd"
