"pval.exposure","chr.exposure","se.exposure","pos.exposure","beta.exposure","samplesize.exposure","id.exposure","SNP","effect_allele.exposure","other_allele.exposure","eaf.exposure","exposure","mr_keep.exposure","pval_origin.exposure","data_source.exposure"
3.36473e-06,"1",0.000722668,76665498,-0.00335859,89866,"ukb-d-22601_24213281","rs1999734","C","T",0.661666," || id:ukb-d-22601_24213281",TRUE,"reported","igd"
1.38105e-06,"2",0.00280509,117707589,0.0135431,89866,"ukb-d-22601_24213281","rs148375400","C","T",0.0158997," || id:ukb-d-22601_24213281",TRUE,"reported","igd"
1.96404e-06,"2",0.000820339,228611104,0.00390268,89866,"ukb-d-22601_24213281","rs13003825","C","T",0.229571," || id:ukb-d-22601_24213281",TRUE,"reported","igd"
2.02652e-06,"3",0.00310129,187917628,0.0147344,89866,"ukb-d-22601_24213281","rs9829165","A","G",0.0121986," || id:ukb-d-22601_24213281",TRUE,"reported","igd"
3.93586e-06,"5",0.0010108,123867847,0.00466486,89866,"ukb-d-22601_24213281","rs72777181","C","T",0.131241," || id:ukb-d-22601_24213281",TRUE,"reported","igd"
4.88821e-07,"5",0.00320423,63761535,0.0161205,89866,"ukb-d-22601_24213281","rs139277803","A","G",0.012145," || id:ukb-d-22601_24213281",TRUE,"reported","igd"
3.5775e-07,"6",0.00381089,115850585,0.0193995,89866,"ukb-d-22601_24213281","rs72953468","A","G",0.00840947," || id:ukb-d-22601_24213281",TRUE,"reported","igd"
4.63063e-06,"6",0.00386457,15989564,0.0177041,89866,"ukb-d-22601_24213281","rs115430636","C","G",0.00847041," || id:ukb-d-22601_24213281",TRUE,"reported","igd"
6.33841e-07,"9",0.00107072,118244286,0.0053332,89866,"ukb-d-22601_24213281","rs4978641","C","T",0.115036," || id:ukb-d-22601_24213281",TRUE,"reported","igd"
2.1755e-07,"10",0.00112789,108032385,0.00584706,89866,"ukb-d-22601_24213281","rs10884285","C","T",0.126147," || id:ukb-d-22601_24213281",TRUE,"reported","igd"
3.91589e-07,"12",0.00392256,267541,0.0199006,89866,"ukb-d-22601_24213281","rs73036183","A","G",0.00756126," || id:ukb-d-22601_24213281",TRUE,"reported","igd"
3.23385e-06,"18",0.000796245,69363603,0.00370706,89866,"ukb-d-22601_24213281","rs4503902","C","T",0.250544," || id:ukb-d-22601_24213281",TRUE,"reported","igd"
1.17823e-08,"18",0.00182665,51894072,0.0104181,89866,"ukb-d-22601_24213281","rs117360456","G","C",0.0385999," || id:ukb-d-22601_24213281",TRUE,"reported","igd"
2.03991e-06,"19",0.00215762,12363391,0.0102481,89866,"ukb-d-22601_24213281","rs77177416","A","G",0.0263551," || id:ukb-d-22601_24213281",TRUE,"reported","igd"
