"pos.exposure","samplesize.exposure","beta.exposure","se.exposure","pval.exposure","chr.exposure","id.exposure","SNP","effect_allele.exposure","other_allele.exposure","eaf.exposure","exposure","mr_keep.exposure","pval_origin.exposure","data_source.exposure"
189375218,64949,0.0644177,0.0129094,5.99998e-07,"1","ukb-b-5867","rs186608696","A","G",0.016206," || id:ukb-b-5867",TRUE,"reported","igd"
237637845,64949,0.0554218,0.012135,4.90004e-06,"2","ukb-b-5867","rs116388961","T","C",0.017444," || id:ukb-b-5867",TRUE,"reported","igd"
57925805,64949,-0.0156669,0.00328371,1.79999e-06,"2","ukb-b-5867","rs35172567","T","A",0.384896," || id:ukb-b-5867",TRUE,"reported","igd"
70347126,64949,0.0170521,0.0036935,3.89996e-06,"3","ukb-b-5867","rs1403082","C","A",0.243978," || id:ukb-b-5867",TRUE,"reported","igd"
71616145,64949,0.0252884,0.00511534,7.69999e-07,"6","ukb-b-5867","rs79253620","A","C",0.109699," || id:ukb-b-5867",TRUE,"reported","igd"
137279406,64949,0.0537975,0.0117497,4.70002e-06,"7","ukb-b-5867","rs139804693","C","A",0.022186," || id:ukb-b-5867",TRUE,"reported","igd"
32966140,64949,0.0193603,0.00403441,1.6e-06,"9","ukb-b-5867","rs77014507","C","T",0.203594," || id:ukb-b-5867",TRUE,"reported","igd"
10573290,64949,0.0662791,0.0133783,7.29995e-07,"10","ukb-b-5867","rs117987395","G","T",0.017547," || id:ukb-b-5867",TRUE,"reported","igd"
44423845,64949,0.0734808,0.0160136,4.49997e-06,"10","ukb-b-5867","rs72781148","G","C",0.009931," || id:ukb-b-5867",TRUE,"reported","igd"
11323211,64949,-0.032642,0.003651,3.90032e-19,"12","ukb-b-5867","rs61928618","G","A",0.254514," || id:ukb-b-5867",TRUE,"reported","igd"
56267370,64949,0.0326678,0.00679435,1.5e-06,"15","ukb-b-5867","rs62045220","T","C",0.0594," || id:ukb-b-5867",TRUE,"reported","igd"
80706332,64949,0.0611177,0.0131551,3.40001e-06,"17","ukb-b-5867","rs79022294","G","T",0.015806," || id:ukb-b-5867",TRUE,"reported","igd"
8681692,64949,-0.0250201,0.00538729,3.40001e-06,"20","ukb-b-5867","rs11905412","A","T",0.096316," || id:ukb-b-5867",TRUE,"reported","igd"
36330118,64949,-0.0158338,0.00326666,1.29999e-06,"20","ukb-b-5867","rs6091103","G","A",0.376353," || id:ukb-b-5867",TRUE,"reported","igd"
62691313,64949,-0.0212735,0.00447937,2e-06,"20","ukb-b-5867","rs1335579","G","A",0.852592," || id:ukb-b-5867",TRUE,"reported","igd"
42816640,64949,0.0773626,0.0161049,1.6e-06,"22","ukb-b-5867","rs191527510","T","C",0.010384," || id:ukb-b-5867",TRUE,"reported","igd"
