"pos.exposure","pval.exposure","chr.exposure","se.exposure","samplesize.exposure","beta.exposure","id.exposure","SNP","effect_allele.exposure","other_allele.exposure","eaf.exposure","exposure","mr_keep.exposure","pval_origin.exposure","data_source.exposure"
109817838,1.40001e-07,"1",0.000241555,463010,0.00127123,"ukb-b-14206","rs660240","C","T",0.784825," || id:ukb-b-14206",TRUE,"reported","igd"
173864766,4.90004e-06,"2",0.0002254,463010,-0.00102995,"ukb-b-14206","rs3769235","G","A",0.73567," || id:ukb-b-14206",TRUE,"reported","igd"
57204854,4.09996e-06,"2",0.000199978,463010,0.000920758,"ukb-b-14206","rs12621075","G","C",0.453468," || id:ukb-b-14206",TRUE,"reported","igd"
153004214,5.69994e-07,"2",0.00029942,463010,0.00149761,"ukb-b-14206","rs6747861","C","T",0.134168," || id:ukb-b-14206",TRUE,"reported","igd"
161019138,5.1e-07,"6",0.000236874,463010,-0.00119,"ukb-b-14206","rs12175867","C","T",0.226181," || id:ukb-b-14206",TRUE,"reported","igd"
22099568,1.69981e-13,"9",0.000198182,463010,0.00146033,"ukb-b-14206","rs1537371","A","C",0.500828," || id:ukb-b-14206",TRUE,"reported","igd"
39307713,2.69998e-06,"14",0.000224609,463010,0.00105465,"ukb-b-14206","rs72645013","T","A",0.285474," || id:ukb-b-14206",TRUE,"reported","igd"
62505230,9.80009e-07,"14",0.000199205,463010,-0.000975231,"ukb-b-14206","rs1254914","A","C",0.546554," || id:ukb-b-14206",TRUE,"reported","igd"
95488734,2.80001e-07,"15",0.000220236,463010,0.0011311,"ukb-b-14206","rs1448635","T","A",0.710804," || id:ukb-b-14206",TRUE,"reported","igd"
79128889,2.80001e-06,"15",0.000199172,463010,0.000933106,"ukb-b-14206","rs7168915","A","G",0.537987," || id:ukb-b-14206",TRUE,"reported","igd"
38976860,3.2e-06,"15",0.000246337,463010,-0.0011479,"ukb-b-14206","rs6495989","C","T",0.792958," || id:ukb-b-14206",TRUE,"reported","igd"
25501997,6.69993e-07,"21",0.000204652,463010,-0.00101696,"ukb-b-14206","rs2828847","T","G",0.616823," || id:ukb-b-14206",TRUE,"reported","igd"
46491341,1.09999e-06,"21",0.000211304,463010,-0.00103073,"ukb-b-14206","rs2838768","T","G",0.331599," || id:ukb-b-14206",TRUE,"reported","igd"
