"samplesize.exposure","beta.exposure","chr.exposure","pos.exposure","se.exposure","pval.exposure","id.exposure","SNP","effect_allele.exposure","other_allele.exposure","eaf.exposure","exposure","mr_keep.exposure","pval_origin.exposure","data_source.exposure"
64941,0.0784308,"3",63031774,0.0139273,1.79999e-08,"ukb-b-5277","rs73101535","C","T",0.01855," || id:ukb-b-5277",TRUE,"reported","igd"
64941,-0.0190514,"5",99282835,0.0040222,2.19999e-06,"ukb-b-5277","rs966881","G","A",0.273522," || id:ukb-b-5277",TRUE,"reported","igd"
64941,0.0186389,"5",14630027,0.00367091,3.79997e-07,"ukb-b-5277","rs10036869","A","G",0.596532," || id:ukb-b-5277",TRUE,"reported","igd"
64941,0.035577,"7",48527561,0.00743389,1.7e-06,"ukb-b-5277","rs2362311","C","T",0.937429," || id:ukb-b-5277",TRUE,"reported","igd"
64941,0.0733804,"7",16278574,0.0160091,4.60002e-06,"ukb-b-5277","rs189212671","A","C",0.013376," || id:ukb-b-5277",TRUE,"reported","igd"
64941,0.0655885,"8",109702223,0.0140626,3.09999e-06,"ukb-b-5277","rs80058025","G","A",0.018057," || id:ukb-b-5277",TRUE,"reported","igd"
64941,0.0655803,"9",4556769,0.014031,2.99999e-06,"ukb-b-5277","rs113040087","G","T",0.018961," || id:ukb-b-5277",TRUE,"reported","igd"
64941,0.0338217,"10",18619782,0.0073867,4.70002e-06,"ukb-b-5277","rs4747342","A","G",0.064413," || id:ukb-b-5277",TRUE,"reported","igd"
64941,0.0492588,"10",102516070,0.0106816,4e-06,"ukb-b-5277","rs112292259","A","G",0.028934," || id:ukb-b-5277",TRUE,"reported","igd"
64941,0.100306,"15",26404647,0.020349,8.30004e-07,"ukb-b-5277","rs112681090","T","C",0.008543," || id:ukb-b-5277",TRUE,"reported","igd"
64941,0.0294372,"16",60266632,0.0064377,4.79999e-06,"ukb-b-5277","rs11642278","T","C",0.083622," || id:ukb-b-5277",TRUE,"reported","igd"
64941,0.0179668,"19",28568111,0.00364816,8.40001e-07,"ukb-b-5277","rs1347644","G","A",0.422655," || id:ukb-b-5277",TRUE,"reported","igd"
64941,0.0410448,"20",898218,0.00886459,3.69999e-06,"ukb-b-5277","rs540995","C","T",0.9574," || id:ukb-b-5277",TRUE,"reported","igd"
64941,0.085216,"22",23746070,0.0171331,6.59994e-07,"ukb-b-5277","rs116997954","T","C",0.012118," || id:ukb-b-5277",TRUE,"reported","igd"
