"samplesize.exposure","chr.exposure","se.exposure","pos.exposure","beta.exposure","pval.exposure","id.exposure","SNP","effect_allele.exposure","other_allele.exposure","eaf.exposure","exposure","mr_keep.exposure","pval_origin.exposure","data_source.exposure"
361194,"1",0.00018871,16361274,0.000910125,1.41563e-06,"ukb-d-N30","rs1855828","T","C",0.279351," || id:ukb-d-N30",TRUE,"reported","igd"
361194,"1",0.000687372,175382274,0.00376482,4.32584e-08,"ukb-d-N30","rs138789722","T","G",0.0154165," || id:ukb-d-N30",TRUE,"reported","igd"
361194,"3",0.000161099,145526763,-0.000758307,2.51362e-06,"ukb-d-N30","rs6440391","C","T",0.538765," || id:ukb-d-N30",TRUE,"reported","igd"
361194,"3",0.000188998,175497298,-0.000875468,3.61985e-06,"ukb-d-N30","rs1999585","A","T",0.277228," || id:ukb-d-N30",TRUE,"reported","igd"
361194,"5",0.000595052,180522230,0.00309115,2.05102e-07,"ukb-d-N30","rs144156609","G","A",0.0210008," || id:ukb-d-N30",TRUE,"reported","igd"
361194,"5",0.000336181,38626417,0.00166153,7.722e-07,"ukb-d-N30","rs35905913","A","G",0.0617383," || id:ukb-d-N30",TRUE,"reported","igd"
361194,"9",0.000815285,102277341,0.00429278,1.39981e-07,"ukb-d-N30","rs62563066","T","C",0.00988072," || id:ukb-d-N30",TRUE,"reported","igd"
361194,"9",0.000378211,114694991,0.00172685,4.97657e-06,"ukb-d-N30","rs72757818","A","G",0.0473278," || id:ukb-d-N30",TRUE,"reported","igd"
361194,"10",0.000865929,114844435,0.00429114,7.21656e-07,"ukb-d-N30","rs11196221","T","C",0.0100335," || id:ukb-d-N30",TRUE,"reported","igd"
361194,"11",0.000541357,97527702,0.0027812,2.78619e-07,"ukb-d-N30","rs118036765","T","C",0.0233097," || id:ukb-d-N30",TRUE,"reported","igd"
361194,"12",0.000558949,64938181,0.00272372,1.10002e-06,"ukb-d-N30","rs79692497","A","G",0.0238563," || id:ukb-d-N30",TRUE,"reported","igd"
361194,"13",0.000301231,43531285,0.00137866,4.72378e-06,"ukb-d-N30","rs9525716","C","T",0.0769517," || id:ukb-d-N30",TRUE,"reported","igd"
361194,"18",0.000316676,73075151,0.00144949,4.71433e-06,"ukb-d-N30","rs116968204","A","G",0.0709698," || id:ukb-d-N30",TRUE,"reported","igd"
361194,"20",0.000357979,81982,0.00163545,4.91213e-06,"ukb-d-N30","rs144814819","G","A",0.0557534," || id:ukb-d-N30",TRUE,"reported","igd"
