"pos.exposure","beta.exposure","pval.exposure","se.exposure","chr.exposure","samplesize.exposure","id.exposure","SNP","effect_allele.exposure","other_allele.exposure","eaf.exposure","exposure","mr_keep.exposure","pval_origin.exposure","data_source.exposure"
226831185,0.0486855,1.7e-06,0.0101636,"1",64949,"ukb-b-1099","rs181745116","A","G",0.013829," || id:ukb-b-1099",TRUE,"reported","igd"
125533271,0.0145136,4.09996e-06,0.00315047,"2",64949,"ukb-b-1099","rs922863","A","G",0.151696," || id:ukb-b-1099",TRUE,"reported","igd"
54435850,0.0405353,1.6e-06,0.0084445,"3",64949,"ukb-b-1099","rs28868570","G","A",0.018557," || id:ukb-b-1099",TRUE,"reported","igd"
146063448,0.0237383,2.59998e-06,0.0050504,"5",64949,"ukb-b-1099","rs435571","G","A",0.056553," || id:ukb-b-1099",TRUE,"reported","igd"
86358609,0.0711526,1.09999e-06,0.0146224,"6",64949,"ukb-b-1099","rs142627973","C","T",0.006979," || id:ukb-b-1099",TRUE,"reported","igd"
155060706,-0.0143997,4.30002e-06,0.00313403,"7",64949,"ukb-b-1099","rs6975809","G","C",0.16143," || id:ukb-b-1099",TRUE,"reported","igd"
91604577,0.0115883,8.70001e-07,0.00235633,"9",64949,"ukb-b-1099","rs11137480","C","G",0.370397," || id:ukb-b-1099",TRUE,"reported","igd"
123134616,0.0262452,4.79999e-06,0.00573955,"10",64949,"ukb-b-1099","rs9421416","A","G",0.046814," || id:ukb-b-1099",TRUE,"reported","igd"
129616542,0.0793857,1.7e-08,0.0140647,"11",64949,"ukb-b-1099","rs144387937","T","C",0.00728," || id:ukb-b-1099",TRUE,"reported","igd"
35841566,0.0642174,1.2e-07,0.0121175,"13",64949,"ukb-b-1099","rs138462855","G","A",0.009124," || id:ukb-b-1099",TRUE,"reported","igd"
95881694,0.0112297,1.40001e-06,0.0023288,"14",64949,"ukb-b-1099","rs1209910","G","C",0.408054," || id:ukb-b-1099",TRUE,"reported","igd"
83741530,0.0114629,1.29999e-06,0.00236495,"16",64949,"ukb-b-1099","rs7190023","G","C",0.361454," || id:ukb-b-1099",TRUE,"reported","igd"
55637711,-0.0336973,4.09996e-06,0.00731256,"17",64949,"ukb-b-1099","rs117611360","A","C",0.02455," || id:ukb-b-1099",TRUE,"reported","igd"
49276955,-0.0118931,2.5e-07,0.00230437,"22",64949,"ukb-b-1099","rs28639739","A","G",0.529249," || id:ukb-b-1099",TRUE,"reported","igd"
