"beta.exposure","chr.exposure","pos.exposure","pval.exposure","se.exposure","samplesize.exposure","id.exposure","SNP","effect_allele.exposure","other_allele.exposure","eaf.exposure","exposure","mr_keep.exposure","pval_origin.exposure","data_source.exposure"
-0.00634861,"1",19921747,1.94747e-08,0.00113019,67655,"ukb-d-22660_107","rs2745217","T","C",0.531491," || id:ukb-d-22660_107",TRUE,"reported","igd"
0.0148431,"3",2810615,2.02232e-06,0.00312382,67655,"ukb-d-22660_107","rs116360965","A","G",0.0333752," || id:ukb-d-22660_107",TRUE,"reported","igd"
-0.00629672,"4",90314656,2.48869e-06,0.00133704,67655,"ukb-d-22660_107","rs4337701","G","A",0.234303," || id:ukb-d-22660_107",TRUE,"reported","igd"
0.00553002,"5",146157880,4.86463e-06,0.00120983,67655,"ukb-d-22660_107","rs161030","T","A",0.679876," || id:ukb-d-22660_107",TRUE,"reported","igd"
0.00770586,"6",24514569,1.26894e-06,0.00159048,67655,"ukb-d-22660_107","rs2252525","C","A",0.851589," || id:ukb-d-22660_107",TRUE,"reported","igd"
0.0396059,"7",52204512,4.15461e-06,0.00860272,67655,"ukb-d-22660_107","rs141016858","C","G",0.00454384," || id:ukb-d-22660_107",TRUE,"reported","igd"
0.0266346,"8",135799079,4.96489e-06,0.00583243,67655,"ukb-d-22660_107","rs77407195","G","C",0.0116051," || id:ukb-d-22660_107",TRUE,"reported","igd"
0.0172248,"12",69618187,2.08824e-06,0.00363002,67655,"ukb-d-22660_107","rs150865022","T","C",0.0265575," || id:ukb-d-22660_107",TRUE,"reported","igd"
0.0074548,"12",126339449,7.98896e-08,0.00138876,67655,"ukb-d-22660_107","rs2041099","C","T",0.223474," || id:ukb-d-22660_107",TRUE,"reported","igd"
0.00519488,"12",29880524,4.07465e-06,0.00112738,67655,"ukb-d-22660_107","rs190994","C","T",0.536445," || id:ukb-d-22660_107",TRUE,"reported","igd"
0.0136983,"13",42090110,3.21277e-06,0.00294138,67655,"ukb-d-22660_107","rs61962980","A","G",0.0409306," || id:ukb-d-22660_107",TRUE,"reported","igd"
0.0155657,"15",37209818,1.00279e-06,0.00318217,67655,"ukb-d-22660_107","rs10518916","C","T",0.0327857," || id:ukb-d-22660_107",TRUE,"reported","igd"
