"pval.exposure","samplesize.exposure","pos.exposure","chr.exposure","se.exposure","beta.exposure","id.exposure","SNP","effect_allele.exposure","other_allele.exposure","eaf.exposure","exposure","mr_keep.exposure","pval_origin.exposure","data_source.exposure"
2.80382e-07,117706,153571139,"1",0.00543709,0.0279275,"ukb-d-20544_6","rs150941544","A","G",0.00856884," || id:ukb-d-20544_6",TRUE,"reported","igd"
5.2218e-08,117706,100796001,"1",0.000942728,-0.00513216,"ukb-d-20544_6","rs587510","T","A",0.527088," || id:ukb-d-20544_6",TRUE,"reported","igd"
8.80968e-07,117706,111306198,"1",0.001564,0.00768985,"ukb-d-20544_6","rs61807674","G","A",0.100544," || id:ukb-d-20544_6",TRUE,"reported","igd"
4.48735e-06,117706,58816046,"1",0.00214152,0.00982455,"ukb-d-20544_6","rs115962393","G","A",0.0520215," || id:ukb-d-20544_6",TRUE,"reported","igd"
3.11172e-08,117706,128219497,"2",0.00104979,-0.00581103,"ukb-d-20544_6","rs4662732","C","T",0.280772," || id:ukb-d-20544_6",TRUE,"reported","igd"
2.50894e-06,117706,62826869,"2",0.00187085,-0.00880726,"ukb-d-20544_6","rs140163380","G","C",0.0686317," || id:ukb-d-20544_6",TRUE,"reported","igd"
3.01245e-06,117706,126070978,"2",0.00469017,0.021904,"ukb-d-20544_6","rs72854507","T","C",0.012637," || id:ukb-d-20544_6",TRUE,"reported","igd"
3.73259e-06,117706,42760865,"3",0.00398027,0.0184126,"ukb-d-20544_6","rs143068958","G","C",0.0144208," || id:ukb-d-20544_6",TRUE,"reported","igd"
4.64729e-06,117706,151618335,"3",0.0014729,0.00674635,"ukb-d-20544_6","rs9865108","C","T",0.116112," || id:ukb-d-20544_6",TRUE,"reported","igd"
4.05994e-06,117706,27319082,"4",0.00296639,0.0136706,"ukb-d-20544_6","rs71612841","T","G",0.0263509," || id:ukb-d-20544_6",TRUE,"reported","igd"
5.89413e-07,117706,41413716,"4",0.00136825,-0.00683434,"ukb-d-20544_6","rs9991084","A","G",0.140266," || id:ukb-d-20544_6",TRUE,"reported","igd"
1.78037e-06,117706,98952933,"10",0.00221524,0.0105825,"ukb-d-20544_6","rs12358669","C","T",0.0581313," || id:ukb-d-20544_6",TRUE,"reported","igd"
4.57162e-06,117706,121416828,"11",0.000974966,-0.00446901,"ukb-d-20544_6","rs7933552","G","T",0.414689," || id:ukb-d-20544_6",TRUE,"reported","igd"
4.56321e-06,117706,50132909,"13",0.00238811,0.0109474,"ukb-d-20544_6","rs35171419","T","C",0.0403845," || id:ukb-d-20544_6",TRUE,"reported","igd"
1.21512e-06,117706,154628,"18",0.00106696,0.00517841,"ukb-d-20544_6","rs58292930","A","G",0.262536," || id:ukb-d-20544_6",TRUE,"reported","igd"
