"beta.exposure","samplesize.exposure","se.exposure","pos.exposure","chr.exposure","pval.exposure","id.exposure","SNP","effect_allele.exposure","other_allele.exposure","eaf.exposure","exposure","mr_keep.exposure","pval_origin.exposure","data_source.exposure"
0.00102074,459600,0.000162481,159215326,"1",3.29997e-10,"ukb-b-374","rs863018","T","C",0.338075," || id:ukb-b-374",TRUE,"reported","igd"
-0.000798652,459600,0.000168354,117396881,"2",2.1e-06,"ukb-b-374","rs6718890","A","G",0.300094," || id:ukb-b-374",TRUE,"reported","igd"
0.000720778,459600,0.000157025,121800487,"3",4.39997e-06,"ukb-b-374","rs9831894","C","A",0.401846," || id:ukb-b-374",TRUE,"reported","igd"
-0.000839862,459600,0.000182254,91513431,"4",4.09996e-06,"ukb-b-374","rs11097254","T","A",0.234287," || id:ukb-b-374",TRUE,"reported","igd"
-0.000738964,459600,0.00016092,24155061,"5",4.39997e-06,"ukb-b-374","rs2115122","G","A",0.645273," || id:ukb-b-374",TRUE,"reported","igd"
-0.00102489,459600,0.000218935,67303888,"7",2.90001e-06,"ukb-b-374","rs13240178","C","A",0.145564," || id:ukb-b-374",TRUE,"reported","igd"
0.000733168,459600,0.000153914,1036241,"7",1.89998e-06,"ukb-b-374","rs4723338","G","A",0.527872," || id:ukb-b-374",TRUE,"reported","igd"
0.000801943,459600,0.000167292,79784896,"11",1.6e-06,"ukb-b-374","rs12287252","G","A",0.30402," || id:ukb-b-374",TRUE,"reported","igd"
0.000922096,459600,0.000180106,100541046,"13",3.09999e-07,"ukb-b-374","rs9557325","C","T",0.248714," || id:ukb-b-374",TRUE,"reported","igd"
0.000722278,459600,0.000153944,67716572,"15",2.69998e-06,"ukb-b-374","rs12594849","A","T",0.519166," || id:ukb-b-374",TRUE,"reported","igd"
0.000832577,459600,0.000165026,51276395,"19",4.49997e-07,"ukb-b-374","rs8104254","T","A",0.669991," || id:ukb-b-374",TRUE,"reported","igd"
0.000791713,459600,0.000172664,34962814,"20",4.49997e-06,"ukb-b-374","rs6063747","C","T",0.722698," || id:ukb-b-374",TRUE,"reported","igd"
0.00106721,459600,0.000223148,18034368,"22",1.7e-06,"ukb-b-374","rs78126864","T","C",0.155843," || id:ukb-b-374",TRUE,"reported","igd"
