samplesize.exposure,pos.exposure,pval.exposure,se.exposure,chr.exposure,beta.exposure,id.exposure,SNP,effect_allele.exposure,other_allele.exposure,eaf.exposure,exposure,mr_keep.exposure,pval_origin.exposure,data_source.exposure
3162,202164837,1.49001e-06,0.02416,1,0.1165,ebi-a-GCST90001677,rs3010090,T,C,0.4154, || id:ebi-a-GCST90001677,TRUE,reported,igd
3162,18829486,1.19001e-06,0.08292,1,-0.4036,ebi-a-GCST90001677,rs532011071,G,A,0.0259, || id:ebi-a-GCST90001677,TRUE,reported,igd
3162,169747938,1.22301e-06,0.02478,3,0.1205,ebi-a-GCST90001677,rs9839296,G,A,0.3471, || id:ebi-a-GCST90001677,TRUE,reported,igd
3162,96883867,3.94903e-06,0.1145,5,-0.5294,ebi-a-GCST90001677,rs115466519,T,A,0.0115, || id:ebi-a-GCST90001677,TRUE,reported,igd
3162,31264392,1.67101e-06,0.02663,6,0.1278,ebi-a-GCST90001677,rs9380237,A,G,0.4271, || id:ebi-a-GCST90001677,TRUE,reported,igd
3162,63661784,9.79603e-07,0.1002,6,0.4914,ebi-a-GCST90001677,rs542482176,A,G,0.015, || id:ebi-a-GCST90001677,TRUE,reported,igd
3162,32447857,4.69905e-07,0.03243,6,-0.1637,ebi-a-GCST90001677,rs9269182,C,T,0.2774, || id:ebi-a-GCST90001677,TRUE,reported,igd
3162,46867717,1.28801e-06,0.03854,6,0.187,ebi-a-GCST90001677,rs220702,T,C,0.8887, || id:ebi-a-GCST90001677,TRUE,reported,igd
3162,67237900,2.35901e-06,0.03618,15,-0.1711,ebi-a-GCST90001677,rs61623247,G,C,0.1241, || id:ebi-a-GCST90001677,TRUE,reported,igd
3162,54688102,3.65704e-06,0.1898,16,-0.8804,ebi-a-GCST90001677,rs145868945,T,C,0.0043, || id:ebi-a-GCST90001677,TRUE,reported,igd
3162,69346419,3.404e-06,0.05203,17,0.2421,ebi-a-GCST90001677,rs72865317,A,G,0.0565, || id:ebi-a-GCST90001677,TRUE,reported,igd
3162,62472,3.70297e-07,0.08443,17,-0.4301,ebi-a-GCST90001677,rs57752884,A,G,0.0202, || id:ebi-a-GCST90001677,TRUE,reported,igd
3162,66051556,2.78702e-06,0.02779,18,0.1305,ebi-a-GCST90001677,rs2109199,C,G,0.2508, || id:ebi-a-GCST90001677,TRUE,reported,igd
3162,58836339,4.06696e-06,0.07932,19,0.3661,ebi-a-GCST90001677,rs3848525,T,C,0.9772, || id:ebi-a-GCST90001677,TRUE,reported,igd
3162,19732234,4.84295e-06,0.1126,21,-0.5155,ebi-a-GCST90001677,rs75692821,A,T,0.0115, || id:ebi-a-GCST90001677,TRUE,reported,igd
