samplesize.exposure,beta.exposure,pos.exposure,se.exposure,chr.exposure,pval.exposure,id.exposure,SNP,effect_allele.exposure,other_allele.exposure,eaf.exposure,exposure,mr_keep.exposure,pval_origin.exposure,data_source.exposure
1578,-0.2171,102040284,0.04231,1,3.21499e-07,ebi-a-GCST90002020,rs7539387,G,A,0.7231, || id:ebi-a-GCST90002020,TRUE,reported,igd
1578,-0.2454,163440621,0.04906,1,6.32893e-07,ebi-a-GCST90002020,rs4657282,A,G,0.1613, || id:ebi-a-GCST90002020,TRUE,reported,igd
1578,-0.3822,134645319,0.07595,7,5.39498e-07,ebi-a-GCST90002020,rs2230186,T,C,0.0621, || id:ebi-a-GCST90002020,TRUE,reported,igd
1578,-0.9981,25036512,0.2134,8,3.17001e-06,ebi-a-GCST90002020,rs74896244,G,A,0.007, || id:ebi-a-GCST90002020,TRUE,reported,igd
1578,-0.2934,30059784,0.06355,10,4.19604e-06,ebi-a-GCST90002020,rs11007733,T,C,0.0928, || id:ebi-a-GCST90002020,TRUE,reported,igd
1578,-0.314,54641214,0.06281,10,6.41505e-07,ebi-a-GCST90002020,rs11003240,T,C,0.0963, || id:ebi-a-GCST90002020,TRUE,reported,igd
1578,0.3079,22230399,0.06358,12,1.41198e-06,ebi-a-GCST90002020,rs74785984,A,C,0.0881, || id:ebi-a-GCST90002020,TRUE,reported,igd
1578,-0.2032,52492525,0.04199,13,1.431e-06,ebi-a-GCST90002020,rs9596613,C,A,0.2586, || id:ebi-a-GCST90002020,TRUE,reported,igd
1578,-0.5671,84038649,0.1192,13,2.139e-06,ebi-a-GCST90002020,rs79880157,T,C,0.0238, || id:ebi-a-GCST90002020,TRUE,reported,igd
1578,-0.1742,28347140,0.03722,16,3.11e-06,ebi-a-GCST90002020,rs2726036,C,A,0.3961, || id:ebi-a-GCST90002020,TRUE,reported,igd
1578,0.3795,17916591,0.08074,19,2.82703e-06,ebi-a-GCST90002020,rs73014922,T,C,0.0539, || id:ebi-a-GCST90002020,TRUE,reported,igd
