se.exposure,chr.exposure,beta.exposure,samplesize.exposure,pos.exposure,pval.exposure,id.exposure,SNP,effect_allele.exposure,other_allele.exposure,eaf.exposure,exposure,mr_keep.exposure,pval_origin.exposure,data_source.exposure
0.3651,1,1.813,3435,31011676,7.17299e-07,ebi-a-GCST90001943,rs141518333,T,C,0.0012, || id:ebi-a-GCST90001943,TRUE,reported,igd
0.07771,1,-0.3624,3435,215125675,3.22099e-06,ebi-a-GCST90001943,rs17602422,T,C,0.0272, || id:ebi-a-GCST90001943,TRUE,reported,igd
0.3896,1,1.794,3435,226932737,4.25099e-06,ebi-a-GCST90001943,rs76863805,G,C,0.001, || id:ebi-a-GCST90001943,TRUE,reported,igd
0.1846,1,1.068,3435,198830942,8.02398e-09,ebi-a-GCST90001943,rs113116201,C,T,0.0044, || id:ebi-a-GCST90001943,TRUE,reported,igd
0.1104,2,-0.53,3435,178647768,1.65798e-06,ebi-a-GCST90001943,rs80185999,T,C,0.0134, || id:ebi-a-GCST90001943,TRUE,reported,igd
0.08904,4,0.4178,3435,91991072,2.80298e-06,ebi-a-GCST90001943,rs115155204,T,C,0.0215, || id:ebi-a-GCST90001943,TRUE,reported,igd
0.02573,10,0.1209,3435,6074451,2.72101e-06,ebi-a-GCST90001943,rs4747846,C,G,0.3854, || id:ebi-a-GCST90001943,TRUE,reported,igd
0.03738,10,0.1812,3435,126959090,1.309e-06,ebi-a-GCST90001943,rs927891,A,G,0.121, || id:ebi-a-GCST90001943,TRUE,reported,igd
0.128,12,-0.5854,3435,12036763,4.98701e-06,ebi-a-GCST90001943,rs76076322,C,T,0.0098, || id:ebi-a-GCST90001943,TRUE,reported,igd
0.03448,13,-0.159,3435,51639441,4.15203e-06,ebi-a-GCST90001943,rs9596433,T,C,0.1582, || id:ebi-a-GCST90001943,TRUE,reported,igd
0.05865,16,0.2816,3435,11019577,1.65101e-06,ebi-a-GCST90001943,rs45556043,G,A,0.0475, || id:ebi-a-GCST90001943,TRUE,reported,igd
0.05197,18,-0.2575,3435,70998473,7.56502e-07,ebi-a-GCST90001943,rs75991976,T,C,0.0627, || id:ebi-a-GCST90001943,TRUE,reported,igd
