beta.exposure,chr.exposure,samplesize.exposure,pos.exposure,pval.exposure,se.exposure,id.exposure,SNP,effect_allele.exposure,other_allele.exposure,eaf.exposure,exposure,mr_keep.exposure,pval_origin.exposure,data_source.exposure
-0.2476,2,3659,34491589,1.92801e-06,0.05192,ebi-a-GCST90001422,rs75839951,G,T,0.0585, || id:ebi-a-GCST90001422,TRUE,reported,igd
0.6255,4,3659,113092883,2.014e-06,0.1314,ebi-a-GCST90001422,rs182720746,T,C,0.0089, || id:ebi-a-GCST90001422,TRUE,reported,igd
0.524,4,3659,25065221,3.06902e-06,0.1121,ebi-a-GCST90001422,rs2215848,A,G,0.0118, || id:ebi-a-GCST90001422,TRUE,reported,igd
-0.1471,5,3659,173070505,3.11602e-07,0.0287,ebi-a-GCST90001422,rs2339996,A,G,0.7803, || id:ebi-a-GCST90001422,TRUE,reported,igd
0.2125,6,3659,32509333,4.18803e-07,0.04192,ebi-a-GCST90001422,rs72492305,T,C,0.6663, || id:ebi-a-GCST90001422,TRUE,reported,igd
-0.1463,10,3659,17048435,2.90202e-06,0.03122,ebi-a-GCST90001422,rs55767134,C,G,0.1838, || id:ebi-a-GCST90001422,TRUE,reported,igd
0.1355,11,3659,123385425,1.45902e-06,0.02809,ebi-a-GCST90001422,rs34666228,T,G,0.2346, || id:ebi-a-GCST90001422,TRUE,reported,igd
-1.069,12,3659,82233392,1.42099e-06,0.2213,ebi-a-GCST90001422,rs78301150,A,G,0.0033, || id:ebi-a-GCST90001422,TRUE,reported,igd
-1.342,12,3659,261706,3.73104e-06,0.2897,ebi-a-GCST90001422,rs55897487,T,C,0.0016, || id:ebi-a-GCST90001422,TRUE,reported,igd
-0.8348,14,3659,31993501,2.48199e-08,0.1494,ebi-a-GCST90001422,rs117308259,C,T,0.0066, || id:ebi-a-GCST90001422,TRUE,reported,igd
-0.2409,14,3659,33254318,3.093e-06,0.05156,ebi-a-GCST90001422,rs17099538,C,T,0.0559, || id:ebi-a-GCST90001422,TRUE,reported,igd
0.293,17,3659,52971060,2.56803e-06,0.06221,ebi-a-GCST90001422,rs16955339,T,G,0.0377, || id:ebi-a-GCST90001422,TRUE,reported,igd
-0.1186,20,3659,46576714,1.547e-06,0.02463,ebi-a-GCST90001422,rs6125184,A,G,0.5914, || id:ebi-a-GCST90001422,TRUE,reported,igd
