beta.exposure,pval.exposure,pos.exposure,chr.exposure,samplesize.exposure,se.exposure,id.exposure,SNP,effect_allele.exposure,other_allele.exposure,eaf.exposure,exposure,mr_keep.exposure,pval_origin.exposure,data_source.exposure
0.2764,2.63299e-06,12351867,2,3041,0.05873,ebi-a-GCST90001455,rs4668750,A,G,0.0524, || id:ebi-a-GCST90001455,TRUE,reported,igd
0.1248,2.23501e-06,9386094,3,3041,0.02633,ebi-a-GCST90001455,rs2955643,A,G,0.4513, || id:ebi-a-GCST90001455,TRUE,reported,igd
0.1287,1.67302e-06,188135783,3,3041,0.02682,ebi-a-GCST90001455,rs12485444,A,T,0.4742, || id:ebi-a-GCST90001455,TRUE,reported,igd
-0.2473,1.42699e-06,9228763,3,3041,0.0512,ebi-a-GCST90001455,rs151240896,G,A,0.0702, || id:ebi-a-GCST90001455,TRUE,reported,igd
-0.8168,2.31499e-06,83340880,4,3041,0.1726,ebi-a-GCST90001455,rs189575603,C,T,0.0059, || id:ebi-a-GCST90001455,TRUE,reported,igd
0.807,4.49097e-06,85828008,9,3041,0.1756,ebi-a-GCST90001455,rs1969797,A,T,0.0064, || id:ebi-a-GCST90001455,TRUE,reported,igd
0.3488,2.80899e-06,31868358,14,3041,0.07433,ebi-a-GCST90001455,rs35079623,C,T,0.0344, || id:ebi-a-GCST90001455,TRUE,reported,igd
0.1523,1.40101e-06,2560423,19,3041,0.03151,ebi-a-GCST90001455,rs765044,G,T,0.2292, || id:ebi-a-GCST90001455,TRUE,reported,igd
0.1333,6.65503e-07,26322953,22,3041,0.02676,ebi-a-GCST90001455,rs5761319,T,A,0.479, || id:ebi-a-GCST90001455,TRUE,reported,igd
