samplesize.exposure,beta.exposure,pval.exposure,se.exposure,chr.exposure,pos.exposure,id.exposure,SNP,effect_allele.exposure,other_allele.exposure,eaf.exposure,exposure,mr_keep.exposure,pval_origin.exposure,data_source.exposure
3060,0.1729,1.89099e-06,0.03621,1,95581713,ebi-a-GCST90002085,rs4326672,C,T,0.8441, || id:ebi-a-GCST90002085,TRUE,reported,igd
3060,-0.1533,1.54198e-06,0.03184,1,12594521,ebi-a-GCST90002085,rs6697448,A,C,0.2145, || id:ebi-a-GCST90002085,TRUE,reported,igd
3060,-0.184,1.04299e-06,0.0376,1,754503,ebi-a-GCST90002085,rs3115859,A,G,0.8387, || id:ebi-a-GCST90002085,TRUE,reported,igd
3060,-0.1248,2.33297e-06,0.02639,3,185550565,ebi-a-GCST90002085,rs4686701,A,G,0.4735, || id:ebi-a-GCST90002085,TRUE,reported,igd
3060,-0.1566,1.108e-06,0.03208,5,86130997,ebi-a-GCST90002085,rs13159652,T,C,0.2088, || id:ebi-a-GCST90002085,TRUE,reported,igd
3060,1.05,1.734e-06,0.2191,6,67256822,ebi-a-GCST90002085,rs115781665,A,G,0.0041, || id:ebi-a-GCST90002085,TRUE,reported,igd
3060,-0.16,1.883e-06,0.03351,6,32600003,ebi-a-GCST90002085,rs3104376,C,T,0.7887, || id:ebi-a-GCST90002085,TRUE,reported,igd
3060,1.227,1.09401e-07,0.2305,6,63218235,ebi-a-GCST90002085,rs78131752,T,C,0.0039, || id:ebi-a-GCST90002085,TRUE,reported,igd
3060,0.3142,3.47096e-06,0.06758,7,76839222,ebi-a-GCST90002085,rs151184302,A,G,0.0417, || id:ebi-a-GCST90002085,TRUE,reported,igd
3060,0.387,2.844e-06,0.08251,8,96005870,ebi-a-GCST90002085,rs72679223,C,T,0.0261, || id:ebi-a-GCST90002085,TRUE,reported,igd
3060,-0.4259,3.10499e-06,0.09115,9,19994802,ebi-a-GCST90002085,rs138293681,T,G,0.0214, || id:ebi-a-GCST90002085,TRUE,reported,igd
3060,0.9152,6.56599e-07,0.1836,11,21178226,ebi-a-GCST90002085,rs117045668,A,T,0.0054, || id:ebi-a-GCST90002085,TRUE,reported,igd
3060,-0.155,2.51698e-06,0.03288,16,10961882,ebi-a-GCST90002085,rs6498113,G,T,0.8074, || id:ebi-a-GCST90002085,TRUE,reported,igd
3060,0.7559,2.53e-06,0.1603,19,18006749,ebi-a-GCST90002085,rs79890386,A,T,0.0077, || id:ebi-a-GCST90002085,TRUE,reported,igd
3060,-0.2044,2.44901e-06,0.0433,21,15710293,ebi-a-GCST90002085,rs12482528,T,C,0.1013, || id:ebi-a-GCST90002085,TRUE,reported,igd
