pos.exposure,beta.exposure,se.exposure,chr.exposure,pval.exposure,samplesize.exposure,id.exposure,SNP,effect_allele.exposure,other_allele.exposure,eaf.exposure,exposure,mr_keep.exposure,pval_origin.exposure,data_source.exposure
31011676,1.769,0.3647,1,1.28e-06,3435,ebi-a-GCST90001936,rs141518333,T,C,0.0012, || id:ebi-a-GCST90001936,TRUE,reported,igd
178647768,-0.5247,0.1102,2,2.00798e-06,3435,ebi-a-GCST90001936,rs80185999,T,C,0.0134, || id:ebi-a-GCST90001936,TRUE,reported,igd
14678648,0.1204,0.02499,2,1.51702e-06,3435,ebi-a-GCST90001936,rs7601164,C,T,0.5138, || id:ebi-a-GCST90001936,TRUE,reported,igd
91991072,0.419,0.08885,4,2.50202e-06,3435,ebi-a-GCST90001936,rs115155204,T,C,0.0215, || id:ebi-a-GCST90001936,TRUE,reported,igd
129838002,-0.1245,0.02657,6,2.90603e-06,3435,ebi-a-GCST90001936,rs6939307,T,G,0.3426, || id:ebi-a-GCST90001936,TRUE,reported,igd
90443364,-0.3275,0.07027,9,3.25897e-06,3435,ebi-a-GCST90001936,rs117223635,T,C,0.0345, || id:ebi-a-GCST90001936,TRUE,reported,igd
126960279,0.1767,0.03755,10,2.63003e-06,3435,ebi-a-GCST90001936,rs9422867,A,G,0.1198, || id:ebi-a-GCST90001936,TRUE,reported,igd
6083239,0.1324,0.02577,10,2.94503e-07,3435,ebi-a-GCST90001936,rs12244238,G,A,0.3854, || id:ebi-a-GCST90001936,TRUE,reported,igd
30968187,-0.1202,0.02564,12,2.87601e-06,3435,ebi-a-GCST90001936,rs1601402,A,G,0.4555, || id:ebi-a-GCST90001936,TRUE,reported,igd
11019577,0.2744,0.05854,16,2.88098e-06,3435,ebi-a-GCST90001936,rs45556043,G,A,0.0475, || id:ebi-a-GCST90001936,TRUE,reported,igd
70998473,-0.2459,0.05188,18,2.21998e-06,3435,ebi-a-GCST90001936,rs75991976,T,C,0.0627, || id:ebi-a-GCST90001936,TRUE,reported,igd
