beta.exposure,se.exposure,chr.exposure,pval.exposure,pos.exposure,samplesize.exposure,id.exposure,SNP,effect_allele.exposure,other_allele.exposure,eaf.exposure,exposure,mr_keep.exposure,pval_origin.exposure,data_source.exposure
0.4813,0.09806,1,1.01501e-06,161588466,1556,ebi-a-GCST90002096,rs139324834,T,C,0.0408, || id:ebi-a-GCST90002096,TRUE,reported,igd
-0.6468,0.1409,2,4.81804e-06,23861433,1556,ebi-a-GCST90002096,rs115866025,T,C,0.0167, || id:ebi-a-GCST90002096,TRUE,reported,igd
0.6495,0.137,3,2.33201e-06,134675768,1556,ebi-a-GCST90002096,rs73214121,G,A,0.0196, || id:ebi-a-GCST90002096,TRUE,reported,igd
-0.4566,0.09488,6,1.63399e-06,94714285,1556,ebi-a-GCST90002096,rs150751001,T,C,0.0392, || id:ebi-a-GCST90002096,TRUE,reported,igd
-0.3625,0.07652,7,2.36799e-06,34480553,1556,ebi-a-GCST90002096,rs138132338,T,C,0.0585, || id:ebi-a-GCST90002096,TRUE,reported,igd
-0.2785,0.06006,7,3.83301e-06,10516229,1556,ebi-a-GCST90002096,rs17151708,A,G,0.1073, || id:ebi-a-GCST90002096,TRUE,reported,igd
-0.4738,0.09856,9,1.67598e-06,93305784,1556,ebi-a-GCST90002096,rs150791226,C,T,0.035, || id:ebi-a-GCST90002096,TRUE,reported,igd
-0.182,0.03676,14,8.124e-07,99782579,1556,ebi-a-GCST90002096,rs8018158,T,C,0.4238, || id:ebi-a-GCST90002096,TRUE,reported,igd
-0.2732,0.05433,17,5.49895e-07,70268997,1556,ebi-a-GCST90002096,rs12451379,A,G,0.1317, || id:ebi-a-GCST90002096,TRUE,reported,igd
-0.3804,0.07687,19,8.27104e-07,33754548,1556,ebi-a-GCST90002096,rs78744187,T,C,0.0627, || id:ebi-a-GCST90002096,TRUE,reported,igd
0.4516,0.04677,21,1.85097e-21,46328099,1556,ebi-a-GCST90002096,rs760462,C,T,0.8258, || id:ebi-a-GCST90002096,TRUE,reported,igd
