chr.exposure,pval.exposure,se.exposure,samplesize.exposure,beta.exposure,pos.exposure,id.exposure,SNP,effect_allele.exposure,other_allele.exposure,eaf.exposure,exposure,mr_keep.exposure,pval_origin.exposure,data_source.exposure
1,2.27898e-06,0.04086,1247,-0.194,44835020,ebi-a-GCST90001875,rs226073,G,A,0.6195, || id:ebi-a-GCST90001875,TRUE,reported,igd
1,5.64287e-14,0.0385,1247,0.2928,2488608,ebi-a-GCST90001875,rs1886730,C,T,0.5778, || id:ebi-a-GCST90001875,TRUE,reported,igd
1,2.711e-06,0.04017,1247,-0.1893,167575104,ebi-a-GCST90001875,rs4657680,T,C,0.5842, || id:ebi-a-GCST90001875,TRUE,reported,igd
2,2.96797e-06,0.1392,1247,0.6533,33965374,ebi-a-GCST90001875,rs79573167,C,A,0.02, || id:ebi-a-GCST90001875,TRUE,reported,igd
2,3.75898e-06,0.08767,1247,-0.4072,5836918,ebi-a-GCST90001875,rs141874683,T,C,0.0569, || id:ebi-a-GCST90001875,TRUE,reported,igd
6,9.60904e-07,0.05978,1247,0.2943,31240128,ebi-a-GCST90001875,rs2074489,T,C,0.1375, || id:ebi-a-GCST90001875,TRUE,reported,igd
7,4.89103e-06,0.06036,1247,0.277,154798490,ebi-a-GCST90001875,rs62471911,G,A,0.1219, || id:ebi-a-GCST90001875,TRUE,reported,igd
10,6.91401e-07,0.0528,1247,-0.2635,1634042,ebi-a-GCST90001875,rs7896504,T,C,0.1772, || id:ebi-a-GCST90001875,TRUE,reported,igd
11,3.31902e-07,0.2502,1247,-1.284,107761682,ebi-a-GCST90001875,rs11212429,T,C,0.0064, || id:ebi-a-GCST90001875,TRUE,reported,igd
13,5.25606e-07,0.06091,1247,0.3072,24033981,ebi-a-GCST90001875,rs73449242,T,C,0.1239, || id:ebi-a-GCST90001875,TRUE,reported,igd
16,6.56206e-07,0.04126,1247,-0.2063,28619179,ebi-a-GCST90001875,rs56091264,G,A,0.3873, || id:ebi-a-GCST90001875,TRUE,reported,igd
18,3.43803e-06,0.1163,1247,-0.5425,1705002,ebi-a-GCST90001875,rs79388518,C,T,0.0329, || id:ebi-a-GCST90001875,TRUE,reported,igd
