beta.exposure,samplesize.exposure,se.exposure,chr.exposure,pval.exposure,pos.exposure,id.exposure,SNP,effect_allele.exposure,other_allele.exposure,eaf.exposure,exposure,mr_keep.exposure,pval_origin.exposure,data_source.exposure
-0.1278,3656,0.02599,2,9.105e-07,16464977,ebi-a-GCST90001429,rs11682311,C,T,0.3243, || id:ebi-a-GCST90001429,TRUE,reported,igd
-0.3597,3656,0.06402,2,2.067e-08,105587803,ebi-a-GCST90001429,rs140380950,C,T,0.0368, || id:ebi-a-GCST90001429,TRUE,reported,igd
-0.4243,3656,0.08741,4,1.25901e-06,15915069,ebi-a-GCST90001429,rs76112278,A,G,0.0194, || id:ebi-a-GCST90001429,TRUE,reported,igd
1.792,3656,0.3659,5,1.011e-06,498773,ebi-a-GCST90001429,rs78658073,A,G,0.001, || id:ebi-a-GCST90001429,TRUE,reported,igd
-0.2327,3656,0.04501,5,2.46598e-07,158276610,ebi-a-GCST90001429,rs80330977,A,G,0.0814, || id:ebi-a-GCST90001429,TRUE,reported,igd
-0.1368,3656,0.02874,5,2.02502e-06,18919526,ebi-a-GCST90001429,rs76660971,A,G,0.2299, || id:ebi-a-GCST90001429,TRUE,reported,igd
-0.4644,3656,0.09659,7,1.58599e-06,48791017,ebi-a-GCST90001429,rs117772462,A,T,0.0159, || id:ebi-a-GCST90001429,TRUE,reported,igd
-0.2347,3656,0.05014,7,2.95597e-06,190115,ebi-a-GCST90001429,rs11185560,A,G,0.9375, || id:ebi-a-GCST90001429,TRUE,reported,igd
0.126,3656,0.02692,8,2.988e-06,130602281,ebi-a-GCST90001429,rs10103048,C,A,0.7321, || id:ebi-a-GCST90001429,TRUE,reported,igd
-0.1213,3656,0.02451,8,7.75908e-07,118255950,ebi-a-GCST90001429,rs1695681,A,C,0.5309, || id:ebi-a-GCST90001429,TRUE,reported,igd
0.1495,3656,0.03227,11,3.73603e-06,15377699,ebi-a-GCST90001429,rs10832409,A,G,0.1722, || id:ebi-a-GCST90001429,TRUE,reported,igd
0.3875,3656,0.07937,12,1.08901e-06,110228055,ebi-a-GCST90001429,rs11068290,T,C,0.0231, || id:ebi-a-GCST90001429,TRUE,reported,igd
-0.4624,3656,0.09688,12,1.88599e-06,75564449,ebi-a-GCST90001429,rs59879144,A,C,0.0161, || id:ebi-a-GCST90001429,TRUE,reported,igd
0.1771,3656,0.03756,14,2.503e-06,22499870,ebi-a-GCST90001429,rs3811315,A,T,0.1157, || id:ebi-a-GCST90001429,TRUE,reported,igd
-0.1525,3656,0.03097,16,8.88403e-07,84759446,ebi-a-GCST90001429,rs2216762,C,T,0.8141, || id:ebi-a-GCST90001429,TRUE,reported,igd
0.1158,3656,0.02425,17,1.86299e-06,8639905,ebi-a-GCST90001429,rs60521331,A,G,0.5022, || id:ebi-a-GCST90001429,TRUE,reported,igd
