samplesize.exposure,pos.exposure,pval.exposure,se.exposure,chr.exposure,beta.exposure,id.exposure,SNP,effect_allele.exposure,other_allele.exposure,eaf.exposure,exposure,mr_keep.exposure,pval_origin.exposure,data_source.exposure
3621,162034572,2.18499e-06,0.2988,1,-1.417,ebi-a-GCST90001982,rs75340063,T,C,0.0018, || id:ebi-a-GCST90001982,TRUE,reported,igd
3621,161510516,2.01094e-16,0.03257,1,0.2691,ebi-a-GCST90001982,rs144126567,G,C,0.1721, || id:ebi-a-GCST90001982,TRUE,reported,igd
3621,38868362,8.25905e-07,0.3063,1,1.512,ebi-a-GCST90001982,rs78823993,A,G,0.0015, || id:ebi-a-GCST90001982,TRUE,reported,igd
3621,237415220,4.701e-06,0.05927,1,0.2717,ebi-a-GCST90001982,rs76650090,C,T,0.044, || id:ebi-a-GCST90001982,TRUE,reported,igd
3621,192230559,2.94097e-06,0.04937,3,0.2312,ebi-a-GCST90001982,rs7623367,C,A,0.0679, || id:ebi-a-GCST90001982,TRUE,reported,igd
3621,74574226,9.23889e-07,0.05115,3,0.2514,ebi-a-GCST90001982,rs6768910,T,A,0.9372, || id:ebi-a-GCST90001982,TRUE,reported,igd
3621,14542063,7.03801e-07,0.1916,4,0.952,ebi-a-GCST90001982,rs142752828,T,C,0.0041, || id:ebi-a-GCST90001982,TRUE,reported,igd
3621,145612264,8.82897e-07,0.0299,5,-0.1473,ebi-a-GCST90001982,rs2053045,G,T,0.2084, || id:ebi-a-GCST90001982,TRUE,reported,igd
3621,41748352,5.95895e-07,0.03246,6,0.1624,ebi-a-GCST90001982,rs12193797,G,A,0.1781, || id:ebi-a-GCST90001982,TRUE,reported,igd
3621,143427146,2.362e-06,0.06088,7,0.2878,ebi-a-GCST90001982,rs112619771,C,T,0.044, || id:ebi-a-GCST90001982,TRUE,reported,igd
3621,11715710,2.38798e-06,0.3091,8,1.46,ebi-a-GCST90001982,rs148096757,T,C,0.0015, || id:ebi-a-GCST90001982,TRUE,reported,igd
3621,20572262,4.88495e-06,0.1205,11,-0.5517,ebi-a-GCST90001982,rs117062237,G,A,0.0106, || id:ebi-a-GCST90001982,TRUE,reported,igd
3621,69744014,1.79498e-07,0.04521,12,-0.2364,ebi-a-GCST90001982,rs1800973,A,C,0.0797, || id:ebi-a-GCST90001982,TRUE,reported,igd
3621,70642363,1.92199e-06,0.1391,13,0.6635,ebi-a-GCST90001982,rs187783209,T,C,0.0081, || id:ebi-a-GCST90001982,TRUE,reported,igd
3621,60271139,1.679e-06,0.02677,16,-0.1284,ebi-a-GCST90001982,rs1545208,C,T,0.6958, || id:ebi-a-GCST90001982,TRUE,reported,igd
3621,58686602,2.36499e-06,0.03912,16,-0.1849,ebi-a-GCST90001982,rs72792415,G,A,0.1105, || id:ebi-a-GCST90001982,TRUE,reported,igd
