pval.exposure,chr.exposure,pos.exposure,se.exposure,samplesize.exposure,beta.exposure,id.exposure,SNP,effect_allele.exposure,other_allele.exposure,eaf.exposure,exposure,mr_keep.exposure,pval_origin.exposure,data_source.exposure
1.85601e-06,1,167160690,0.1157,3435,-0.5528,ebi-a-GCST90001934,rs74458586,G,A,0.0115, || id:ebi-a-GCST90001934,TRUE,reported,igd
3.51601e-06,2,75102130,0.1656,3435,-0.7695,ebi-a-GCST90001934,rs1869339,G,A,0.0054, || id:ebi-a-GCST90001934,TRUE,reported,igd
4.08e-06,3,143929156,0.02528,3435,0.1166,ebi-a-GCST90001934,rs55751874,A,C,0.3755, || id:ebi-a-GCST90001934,TRUE,reported,igd
2.115e-06,7,18687542,0.3382,3435,-1.607,ebi-a-GCST90001934,rs35614472,T,A,0.0013, || id:ebi-a-GCST90001934,TRUE,reported,igd
2.56094e-14,10,6115171,0.02982,3435,0.2281,ebi-a-GCST90001934,rs10905719,A,G,0.2083, || id:ebi-a-GCST90001934,TRUE,reported,igd
2.17601e-06,10,91533071,0.0748,3435,-0.3549,ebi-a-GCST90001934,rs116411520,A,G,0.0266, || id:ebi-a-GCST90001934,TRUE,reported,igd
7.29693e-07,16,85734699,0.4659,3435,2.312,ebi-a-GCST90001934,rs79506783,C,A,6e-04, || id:ebi-a-GCST90001934,TRUE,reported,igd
1.82301e-06,16,12639025,0.02548,3435,0.1218,ebi-a-GCST90001934,rs62026958,C,G,0.3472, || id:ebi-a-GCST90001934,TRUE,reported,igd
9.04503e-07,17,73587784,0.02543,3435,-0.1251,ebi-a-GCST90001934,rs936056,G,A,0.6397, || id:ebi-a-GCST90001934,TRUE,reported,igd
2.89701e-06,20,44737407,0.04984,3435,-0.2336,ebi-a-GCST90001934,rs73112886,A,T,0.0632, || id:ebi-a-GCST90001934,TRUE,reported,igd
