samplesize.exposure,se.exposure,beta.exposure,pval.exposure,pos.exposure,chr.exposure,id.exposure,SNP,effect_allele.exposure,other_allele.exposure,eaf.exposure,exposure,mr_keep.exposure,pval_origin.exposure,data_source.exposure
1570,0.04863,-0.2436,6.06094e-07,163435598,1,ebi-a-GCST90002019,rs10917759,G,A,0.1634, || id:ebi-a-GCST90002019,TRUE,reported,igd
1570,0.08057,-0.3732,3.91102e-06,131748538,4,ebi-a-GCST90002019,rs6818126,C,T,0.9471, || id:ebi-a-GCST90002019,TRUE,reported,igd
1570,0.4641,-2.151,3.87998e-06,163345711,5,ebi-a-GCST90002019,rs6891742,G,A,0.0013, || id:ebi-a-GCST90002019,TRUE,reported,igd
1570,0.05235,-0.255,1.22301e-06,139978645,5,ebi-a-GCST90002019,rs72798896,T,C,0.1373, || id:ebi-a-GCST90002019,TRUE,reported,igd
1570,0.06048,0.3322,4.63799e-08,79151752,5,ebi-a-GCST90002019,rs6453485,T,C,0.0997, || id:ebi-a-GCST90002019,TRUE,reported,igd
1570,0.04943,0.2277,4.41103e-06,77670637,7,ebi-a-GCST90002019,rs3823806,A,G,0.1557, || id:ebi-a-GCST90002019,TRUE,reported,igd
1570,0.09652,-0.4535,2.84898e-06,10790518,10,ebi-a-GCST90002019,rs111912592,C,T,0.036, || id:ebi-a-GCST90002019,TRUE,reported,igd
1570,0.04389,0.2027,4.18004e-06,117765067,12,ebi-a-GCST90002019,rs1520811,A,G,0.2268, || id:ebi-a-GCST90002019,TRUE,reported,igd
1570,0.03634,0.1846,4.24796e-07,58632584,12,ebi-a-GCST90002019,rs1174651,C,A,0.5185, || id:ebi-a-GCST90002019,TRUE,reported,igd
