se.exposure,samplesize.exposure,pos.exposure,beta.exposure,chr.exposure,pval.exposure,id.exposure,SNP,effect_allele.exposure,other_allele.exposure,eaf.exposure,exposure,mr_keep.exposure,pval_origin.exposure,data_source.exposure
0.08328,3113,205560814,0.4358,1,1.78098e-07,ebi-a-GCST90002079,rs115752428,A,G,0.0226, || id:ebi-a-GCST90002079,TRUE,reported,igd
0.1756,3113,214244868,0.8542,1,1.19801e-06,ebi-a-GCST90002079,rs150148686,C,T,0.0053, || id:ebi-a-GCST90002079,TRUE,reported,igd
0.03001,3113,32427789,-0.1677,6,2.50202e-08,ebi-a-GCST90002079,rs9268832,C,T,0.7326, || id:ebi-a-GCST90002079,TRUE,reported,igd
0.03106,3113,32583919,0.1452,6,3.07999e-06,ebi-a-GCST90002079,rs33964890,C,T,0.2915, || id:ebi-a-GCST90002079,TRUE,reported,igd
0.2855,3113,5876741,1.336,7,3.00103e-06,ebi-a-GCST90002079,rs567832763,G,A,0.0019, || id:ebi-a-GCST90002079,TRUE,reported,igd
0.02663,3113,18653773,0.1344,9,4.73598e-07,ebi-a-GCST90002079,rs776782,A,G,0.331, || id:ebi-a-GCST90002079,TRUE,reported,igd
0.04015,3113,5229028,0.1844,11,4.53002e-06,ebi-a-GCST90002079,rs78270456,A,C,0.1132, || id:ebi-a-GCST90002079,TRUE,reported,igd
0.02831,3113,74511054,0.1317,13,3.41499e-06,ebi-a-GCST90002079,rs4883958,T,C,0.7314, || id:ebi-a-GCST90002079,TRUE,reported,igd
0.04261,3113,29178686,0.2115,14,7.27696e-07,ebi-a-GCST90002079,rs77789294,C,T,0.0957, || id:ebi-a-GCST90002079,TRUE,reported,igd
0.02568,3113,84697706,-0.1176,16,4.83704e-06,ebi-a-GCST90002079,rs873857,C,G,0.6094, || id:ebi-a-GCST90002079,TRUE,reported,igd
0.02522,3113,22484814,-0.1257,18,6.52094e-07,ebi-a-GCST90002079,rs1823592,C,T,0.5732, || id:ebi-a-GCST90002079,TRUE,reported,igd
0.02581,3113,30483964,-0.1279,22,7.58403e-07,ebi-a-GCST90002079,rs12166583,A,C,0.4123, || id:ebi-a-GCST90002079,TRUE,reported,igd
