beta.exposure,se.exposure,pval.exposure,samplesize.exposure,chr.exposure,pos.exposure,id.exposure,SNP,effect_allele.exposure,other_allele.exposure,eaf.exposure,exposure,mr_keep.exposure,pval_origin.exposure,data_source.exposure
-0.2877,0.06219,3.84503e-06,3657,1,48232179,ebi-a-GCST90001733,rs4927044,A,G,0.0395, || id:ebi-a-GCST90001733,TRUE,reported,igd
0.2426,0.05151,2.57899e-06,3657,1,12881809,ebi-a-GCST90001733,rs112978597,G,A,0.06, || id:ebi-a-GCST90001733,TRUE,reported,igd
-0.2671,0.05641,2.26501e-06,3657,6,19588752,ebi-a-GCST90001733,rs67145622,T,C,0.0476, || id:ebi-a-GCST90001733,TRUE,reported,igd
0.6915,0.1438,1.58599e-06,3657,6,32409141,ebi-a-GCST90001733,rs114369132,A,C,0.0082, || id:ebi-a-GCST90001733,TRUE,reported,igd
-0.1346,0.02818,1.862e-06,3657,7,51994027,ebi-a-GCST90001733,rs62463053,C,G,0.2628, || id:ebi-a-GCST90001733,TRUE,reported,igd
0.1984,0.04284,3.77103e-06,3657,8,69895735,ebi-a-GCST90001733,rs75663256,A,C,0.0896, || id:ebi-a-GCST90001733,TRUE,reported,igd
-0.1148,0.02474,3.56098e-06,3657,9,95899884,ebi-a-GCST90001733,rs10761194,A,G,0.4403, || id:ebi-a-GCST90001733,TRUE,reported,igd
-1.278,0.2768,4.02903e-06,3657,9,26801194,ebi-a-GCST90001733,rs143330436,T,C,0.0021, || id:ebi-a-GCST90001733,TRUE,reported,igd
0.136,0.02791,1.14599e-06,3657,9,97103437,ebi-a-GCST90001733,rs12346584,C,T,0.2743, || id:ebi-a-GCST90001733,TRUE,reported,igd
-0.1252,0.02593,1.43599e-06,3657,15,76897663,ebi-a-GCST90001733,rs12904834,C,T,0.6325, || id:ebi-a-GCST90001733,TRUE,reported,igd
0.1434,0.025,1.06601e-08,3657,16,28913787,ebi-a-GCST90001733,rs7189927,C,T,0.5982, || id:ebi-a-GCST90001733,TRUE,reported,igd
-0.3129,0.06277,6.468e-07,3657,22,43167446,ebi-a-GCST90001733,rs113612962,C,G,0.0402, || id:ebi-a-GCST90001733,TRUE,reported,igd
0.1472,0.03135,2.76898e-06,3657,22,27530934,ebi-a-GCST90001733,rs5762000,T,C,0.1854, || id:ebi-a-GCST90001733,TRUE,reported,igd
