se.exposure,beta.exposure,pval.exposure,samplesize.exposure,chr.exposure,pos.exposure,id.exposure,SNP,effect_allele.exposure,other_allele.exposure,eaf.exposure,exposure,mr_keep.exposure,pval_origin.exposure,data_source.exposure
0.07444,0.3537,2.10601e-06,3655,3,1103352,ebi-a-GCST90001731,rs71307996,A,G,0.0272, || id:ebi-a-GCST90001731,TRUE,reported,igd
0.05834,0.2777,2.003e-06,3655,4,139618949,ebi-a-GCST90001731,rs76451648,C,T,0.0469, || id:ebi-a-GCST90001731,TRUE,reported,igd
0.04578,0.2135,3.21299e-06,3655,6,75109409,ebi-a-GCST90001731,rs16884870,C,T,0.0795, || id:ebi-a-GCST90001731,TRUE,reported,igd
0.18,-0.8449,2.77997e-06,3655,6,72550483,ebi-a-GCST90001731,rs148597489,A,C,0.0045, || id:ebi-a-GCST90001731,TRUE,reported,igd
0.0272,0.1265,3.42098e-06,3655,10,11781967,ebi-a-GCST90001731,rs10906006,A,G,0.7248, || id:ebi-a-GCST90001731,TRUE,reported,igd
0.1929,0.8939,3.70604e-06,3655,11,18601510,ebi-a-GCST90001731,rs61884722,C,T,0.0041, || id:ebi-a-GCST90001731,TRUE,reported,igd
0.04996,-0.2327,3.29503e-06,3655,13,41688557,ebi-a-GCST90001731,rs7332415,G,A,0.0648, || id:ebi-a-GCST90001731,TRUE,reported,igd
0.03799,-0.1879,7.90406e-07,3655,16,17014673,ebi-a-GCST90001731,rs1453509,A,C,0.1181, || id:ebi-a-GCST90001731,TRUE,reported,igd
0.02628,-0.1275,1.28301e-06,3655,18,60850310,ebi-a-GCST90001731,rs12968867,A,G,0.6743, || id:ebi-a-GCST90001731,TRUE,reported,igd
0.05845,0.2705,3.82103e-06,3655,19,52235616,ebi-a-GCST90001731,rs73056862,T,C,0.0461, || id:ebi-a-GCST90001731,TRUE,reported,igd
