pos.exposure,samplesize.exposure,chr.exposure,pval.exposure,beta.exposure,se.exposure,id.exposure,SNP,effect_allele.exposure,other_allele.exposure,eaf.exposure,exposure,mr_keep.exposure,pval_origin.exposure,data_source.exposure
113666355,3405,1,3.80496e-06,-0.1911,0.04127,ebi-a-GCST90001504,rs61817905,T,G,0.1154, || id:ebi-a-GCST90001504,TRUE,reported,igd
149148053,3405,1,4.53002e-06,-0.4772,0.1039,ebi-a-GCST90001504,rs78193200,A,G,0.0167, || id:ebi-a-GCST90001504,TRUE,reported,igd
21238984,3405,2,1.84001e-06,0.6588,0.1379,ebi-a-GCST90001504,rs150956240,G,A,0.0091, || id:ebi-a-GCST90001504,TRUE,reported,igd
109031005,3405,6,1.502e-06,0.7221,0.1498,ebi-a-GCST90001504,rs507492,C,G,0.007, || id:ebi-a-GCST90001504,TRUE,reported,igd
18003774,3405,7,2.09599e-06,0.3864,0.08132,ebi-a-GCST90001504,rs17717645,C,T,0.0267, || id:ebi-a-GCST90001504,TRUE,reported,igd
158180337,3405,7,4.65704e-06,0.3573,0.07789,ebi-a-GCST90001504,rs140960913,T,C,0.0276, || id:ebi-a-GCST90001504,TRUE,reported,igd
6094697,3405,10,4.05415e-16,0.4625,0.05656,ebi-a-GCST90001504,rs61839660,T,C,0.0542, || id:ebi-a-GCST90001504,TRUE,reported,igd
130770585,3405,11,4.21502e-06,-0.9764,0.2119,ebi-a-GCST90001504,rs137903114,C,T,0.0035, || id:ebi-a-GCST90001504,TRUE,reported,igd
19280601,3405,13,4.82103e-06,-0.4767,0.1041,ebi-a-GCST90001504,rs145600407,T,C,0.0206, || id:ebi-a-GCST90001504,TRUE,reported,igd
77778611,3405,16,1.232e-06,0.4896,0.1007,ebi-a-GCST90001504,rs142289362,A,G,0.016, || id:ebi-a-GCST90001504,TRUE,reported,igd
41137136,3405,17,8.48106e-07,0.2152,0.04361,ebi-a-GCST90001504,rs149951966,C,T,0.1035, || id:ebi-a-GCST90001504,TRUE,reported,igd
43093014,3405,20,3.209e-06,0.1763,0.03779,ebi-a-GCST90001504,rs11697981,C,T,0.132, || id:ebi-a-GCST90001504,TRUE,reported,igd
15742230,3405,20,1.67402e-06,-0.3605,0.07513,ebi-a-GCST90001504,rs6131700,C,G,0.0311, || id:ebi-a-GCST90001504,TRUE,reported,igd
25652094,3405,22,3.71604e-06,0.1203,0.02597,ebi-a-GCST90001504,rs2019002,A,G,0.4972, || id:ebi-a-GCST90001504,TRUE,reported,igd
