chr.exposure,pos.exposure,pval.exposure,beta.exposure,samplesize.exposure,se.exposure,id.exposure,SNP,effect_allele.exposure,other_allele.exposure,eaf.exposure,exposure,mr_keep.exposure,pval_origin.exposure,data_source.exposure
2,75536553,1.47999e-07,-0.1546,3657,0.02937,ebi-a-GCST90001421,rs57641238,C,G,0.2252, || id:ebi-a-GCST90001421,TRUE,reported,igd
3,133253719,4.11396e-06,0.1193,3657,0.02587,ebi-a-GCST90001421,rs36123742,T,A,0.6555, || id:ebi-a-GCST90001421,TRUE,reported,igd
4,90909176,2.031e-06,0.2348,3657,0.04935,ebi-a-GCST90001421,rs74786971,C,G,0.0645, || id:ebi-a-GCST90001421,TRUE,reported,igd
5,142419461,3.24399e-06,-0.2732,3657,0.05861,ebi-a-GCST90001421,rs116699251,A,G,0.0446, || id:ebi-a-GCST90001421,TRUE,reported,igd
6,128553518,8.31209e-08,1.508,3657,0.2808,ebi-a-GCST90001421,rs7773849,G,A,0.0018, || id:ebi-a-GCST90001421,TRUE,reported,igd
6,32614025,3.17001e-07,0.177,3657,0.03455,ebi-a-GCST90001421,rs9273241,T,C,0.5975, || id:ebi-a-GCST90001421,TRUE,reported,igd
7,15900650,3.21203e-06,-0.1541,3657,0.03305,ebi-a-GCST90001421,rs38182,T,C,0.1693, || id:ebi-a-GCST90001421,TRUE,reported,igd
8,19139514,4.34901e-06,-0.1182,3657,0.02568,ebi-a-GCST90001421,rs6586822,C,T,0.6508, || id:ebi-a-GCST90001421,TRUE,reported,igd
11,19531128,3.49897e-06,0.1881,3657,0.04049,ebi-a-GCST90001421,rs16936840,T,C,0.102, || id:ebi-a-GCST90001421,TRUE,reported,igd
13,24882401,3.51901e-06,-0.1249,3657,0.0269,ebi-a-GCST90001421,rs77553819,C,G,0.2863, || id:ebi-a-GCST90001421,TRUE,reported,igd
14,95266847,3.49398e-06,-0.1932,3657,0.04158,ebi-a-GCST90001421,rs71431666,C,G,0.0946, || id:ebi-a-GCST90001421,TRUE,reported,igd
17,32078878,3.75301e-06,-0.1164,3657,0.02513,ebi-a-GCST90001421,rs2637364,C,T,0.6221, || id:ebi-a-GCST90001421,TRUE,reported,igd
20,39267990,3.23102e-06,0.3071,3657,0.06585,ebi-a-GCST90001421,rs6029245,C,T,0.0358, || id:ebi-a-GCST90001421,TRUE,reported,igd
