samplesize.exposure,pval.exposure,chr.exposure,beta.exposure,pos.exposure,se.exposure,id.exposure,SNP,effect_allele.exposure,other_allele.exposure,eaf.exposure,exposure,mr_keep.exposure,pval_origin.exposure,data_source.exposure
3657,1.911e-06,1,1.467,102294391,0.3075,ebi-a-GCST90001405,rs80297308,T,C,0.0015, || id:ebi-a-GCST90001405,TRUE,reported,igd
3657,2.89701e-06,2,2.692,121699864,0.5745,ebi-a-GCST90001405,rs74458303,A,G,4e-04, || id:ebi-a-GCST90001405,TRUE,reported,igd
3657,3.02998e-06,2,2.566,187165335,0.5486,ebi-a-GCST90001405,rs148362575,T,A,8e-04, || id:ebi-a-GCST90001405,TRUE,reported,igd
3657,3.53403e-06,4,0.3653,168102710,0.07865,ebi-a-GCST90001405,rs62353585,C,T,0.0227, || id:ebi-a-GCST90001405,TRUE,reported,igd
3657,4.06097e-06,5,-0.1773,179574693,0.03843,ebi-a-GCST90001405,rs76709581,C,T,0.1061, || id:ebi-a-GCST90001405,TRUE,reported,igd
3657,1.736e-06,6,0.5137,5266557,0.1072,ebi-a-GCST90001405,rs61294310,G,A,0.0124, || id:ebi-a-GCST90001405,TRUE,reported,igd
3657,2.10199e-06,8,0.4919,24520468,0.1035,ebi-a-GCST90001405,rs74565954,T,C,0.0135, || id:ebi-a-GCST90001405,TRUE,reported,igd
3657,2.791e-06,8,-0.1239,118376967,0.02639,ebi-a-GCST90001405,rs62519719,A,G,0.2815, || id:ebi-a-GCST90001405,TRUE,reported,igd
3657,7.18704e-07,10,-0.16,130483163,0.03222,ebi-a-GCST90001405,rs12412378,A,C,0.1608, || id:ebi-a-GCST90001405,TRUE,reported,igd
3657,1.34499e-06,16,-0.3422,65999760,0.07069,ebi-a-GCST90001405,rs17765677,C,T,0.0304, || id:ebi-a-GCST90001405,TRUE,reported,igd
3657,4.30299e-06,20,-0.1186,53613034,0.02577,ebi-a-GCST90001405,rs6014246,A,G,0.3112, || id:ebi-a-GCST90001405,TRUE,reported,igd
3657,1.19399e-06,22,0.1172,21022887,0.02408,ebi-a-GCST90001405,rs4820558,G,C,0.466, || id:ebi-a-GCST90001405,TRUE,reported,igd
