beta.exposure,chr.exposure,samplesize.exposure,pos.exposure,se.exposure,pval.exposure,id.exposure,SNP,effect_allele.exposure,other_allele.exposure,eaf.exposure,exposure,mr_keep.exposure,pval_origin.exposure,data_source.exposure
-0.1981,2,3668,137472168,0.04193,2.38501e-06,ebi-a-GCST90001632,rs34994982,G,A,0.0994, || id:ebi-a-GCST90001632,TRUE,reported,igd
-1.466,3,3668,183735909,0.3182,4.18504e-06,ebi-a-GCST90001632,rs60553229,A,G,0.0014, || id:ebi-a-GCST90001632,TRUE,reported,igd
0.2125,6,3668,44207850,0.04611,4.19295e-06,ebi-a-GCST90001632,rs115889733,A,G,0.0777, || id:ebi-a-GCST90001632,TRUE,reported,igd
0.1479,6,3668,32447085,0.0299,7.86593e-07,ebi-a-GCST90001632,rs2395191,C,T,0.3721, || id:ebi-a-GCST90001632,TRUE,reported,igd
0.2652,7,3668,23209757,0.05718,3.64401e-06,ebi-a-GCST90001632,rs34575510,T,C,0.0488, || id:ebi-a-GCST90001632,TRUE,reported,igd
0.1491,7,3668,52580478,0.0321,3.52201e-06,ebi-a-GCST90001632,rs2041561,C,G,0.8213, || id:ebi-a-GCST90001632,TRUE,reported,igd
0.1222,8,3668,145057868,0.02527,1.38599e-06,ebi-a-GCST90001632,rs11544989,G,A,0.6125, || id:ebi-a-GCST90001632,TRUE,reported,igd
-0.1213,10,3668,90258876,0.02557,2.18399e-06,ebi-a-GCST90001632,rs725683,T,C,0.5781, || id:ebi-a-GCST90001632,TRUE,reported,igd
-0.3039,11,3668,112189184,0.06611,4.44201e-06,ebi-a-GCST90001632,rs12792298,T,C,0.0345, || id:ebi-a-GCST90001632,TRUE,reported,igd
-0.1242,11,3668,2325581,0.02469,5.06302e-07,ebi-a-GCST90001632,rs2074023,T,C,0.4124, || id:ebi-a-GCST90001632,TRUE,reported,igd
-0.3961,11,3668,112705025,0.03859,2.18424e-24,ebi-a-GCST90001632,rs78268116,T,C,0.1095, || id:ebi-a-GCST90001632,TRUE,reported,igd
0.14,11,3668,112914680,0.03055,4.76299e-06,ebi-a-GCST90001632,rs12224032,G,C,0.2087, || id:ebi-a-GCST90001632,TRUE,reported,igd
0.324,11,3668,70988762,0.06651,1.153e-06,ebi-a-GCST90001632,rs144156455,C,T,0.0361, || id:ebi-a-GCST90001632,TRUE,reported,igd
-0.7638,13,3668,27907115,0.1631,2.93103e-06,ebi-a-GCST90001632,rs61944019,A,G,0.0052, || id:ebi-a-GCST90001632,TRUE,reported,igd
-0.4752,13,3668,109403845,0.1027,3.83698e-06,ebi-a-GCST90001632,rs117122100,T,C,0.0142, || id:ebi-a-GCST90001632,TRUE,reported,igd
-0.1928,17,3668,33793208,0.03853,5.851e-07,ebi-a-GCST90001632,rs75361910,T,C,0.117, || id:ebi-a-GCST90001632,TRUE,reported,igd
