samplesize.exposure,se.exposure,pval.exposure,beta.exposure,chr.exposure,pos.exposure,id.exposure,SNP,effect_allele.exposure,other_allele.exposure,eaf.exposure,exposure,mr_keep.exposure,pval_origin.exposure,data_source.exposure
3440,0.1827,4.01504e-06,0.8439,1,208712244,ebi-a-GCST90001656,rs17187533,A,G,0.0044, || id:ebi-a-GCST90001656,TRUE,reported,igd
3440,0.1729,4.29705e-06,0.7959,1,14588462,ebi-a-GCST90001656,rs78686313,T,C,0.0052, || id:ebi-a-GCST90001656,TRUE,reported,igd
3440,0.028,7.75408e-08,0.1507,2,7659940,ebi-a-GCST90001656,rs10174322,G,A,0.2719, || id:ebi-a-GCST90001656,TRUE,reported,igd
3440,0.02521,3.58204e-06,0.117,3,72391950,ebi-a-GCST90001656,rs11128263,T,G,0.524, || id:ebi-a-GCST90001656,TRUE,reported,igd
3440,0.02812,1.834e-06,0.1344,4,169595404,ebi-a-GCST90001656,rs11930576,C,T,0.2746, || id:ebi-a-GCST90001656,TRUE,reported,igd
3440,0.03644,1.65501e-06,-0.1749,4,147357834,ebi-a-GCST90001656,rs66989520,T,C,0.1456, || id:ebi-a-GCST90001656,TRUE,reported,igd
3440,0.06073,1.46501e-06,0.293,5,83073780,ebi-a-GCST90001656,rs143066848,G,A,0.0448, || id:ebi-a-GCST90001656,TRUE,reported,igd
3440,0.04098,1.439e-06,0.1978,6,32666487,ebi-a-GCST90001656,rs114170505,C,T,0.1839, || id:ebi-a-GCST90001656,TRUE,reported,igd
3440,0.3553,1.53402e-06,1.711,6,15826226,ebi-a-GCST90001656,rs74593262,T,C,0.0012, || id:ebi-a-GCST90001656,TRUE,reported,igd
3440,0.05127,1.243e-06,-0.249,7,132484052,ebi-a-GCST90001656,rs56009006,T,C,0.0667, || id:ebi-a-GCST90001656,TRUE,reported,igd
3440,0.02983,4.37905e-07,0.151,10,2967899,ebi-a-GCST90001656,rs1875167,C,T,0.7741, || id:ebi-a-GCST90001656,TRUE,reported,igd
3440,0.04254,1.95398e-06,0.2028,17,80030971,ebi-a-GCST90001656,rs59211785,T,C,0.0985, || id:ebi-a-GCST90001656,TRUE,reported,igd
3440,0.0371,6.12915e-11,0.2435,17,33814758,ebi-a-GCST90001656,rs4796089,C,T,0.1343, || id:ebi-a-GCST90001656,TRUE,reported,igd
3440,0.03264,4.11898e-06,0.1505,17,80624957,ebi-a-GCST90001656,rs9914549,G,A,0.1759, || id:ebi-a-GCST90001656,TRUE,reported,igd
