samplesize.exposure,pos.exposure,pval.exposure,se.exposure,chr.exposure,beta.exposure,id.exposure,SNP,effect_allele.exposure,other_allele.exposure,eaf.exposure,exposure,mr_keep.exposure,pval_origin.exposure,data_source.exposure
3653,8845344,7.30298e-07,0.02392,3,-0.1187,ebi-a-GCST90001642,rs2679580,G,A,0.5182, || id:ebi-a-GCST90001642,TRUE,reported,igd
3653,109048591,5.90799e-07,0.06652,4,-0.3328,ebi-a-GCST90001642,rs182527768,A,G,0.0342, || id:ebi-a-GCST90001642,TRUE,reported,igd
3653,167552605,3.30499e-06,0.02801,5,-0.1305,ebi-a-GCST90001642,rs1897558,C,A,0.2447, || id:ebi-a-GCST90001642,TRUE,reported,igd
3653,104445996,3.48401e-06,0.09774,6,-0.4542,ebi-a-GCST90001642,rs117693242,G,A,0.0159, || id:ebi-a-GCST90001642,TRUE,reported,igd
3653,119556485,3.68697e-06,0.02608,8,0.1209,ebi-a-GCST90001642,rs7834992,G,A,0.6731, || id:ebi-a-GCST90001642,TRUE,reported,igd
3653,130617819,3.312e-06,0.02725,8,-0.1269,ebi-a-GCST90001642,rs2395904,G,T,0.2658, || id:ebi-a-GCST90001642,TRUE,reported,igd
3653,118756021,1.213e-07,0.08473,9,0.4493,ebi-a-GCST90001642,rs73520180,C,T,0.0216, || id:ebi-a-GCST90001642,TRUE,reported,igd
3653,116171120,7.03801e-08,0.1941,11,-1.048,ebi-a-GCST90001642,rs142089808,G,A,0.0037, || id:ebi-a-GCST90001642,TRUE,reported,igd
3653,67638132,2.377e-07,0.03578,12,0.1852,ebi-a-GCST90001642,rs58114937,G,A,0.1313, || id:ebi-a-GCST90001642,TRUE,reported,igd
3653,120533696,1.95898e-06,0.0364,12,-0.1735,ebi-a-GCST90001642,rs1057686,G,A,0.1291, || id:ebi-a-GCST90001642,TRUE,reported,igd
3653,108970631,1.834e-10,0.02404,13,0.1537,ebi-a-GCST90001642,rs12865434,G,A,0.4777, || id:ebi-a-GCST90001642,TRUE,reported,igd
3653,66304049,2.813e-06,0.02444,14,-0.1147,ebi-a-GCST90001642,rs11627066,T,C,0.4989, || id:ebi-a-GCST90001642,TRUE,reported,igd
3653,87692225,2.509e-07,0.02435,16,-0.1258,ebi-a-GCST90001642,rs7500855,T,C,0.5064, || id:ebi-a-GCST90001642,TRUE,reported,igd
3653,2718946,5.52497e-07,0.02419,17,-0.1213,ebi-a-GCST90001642,rs1966302,C,T,0.5591, || id:ebi-a-GCST90001642,TRUE,reported,igd
3653,38125346,1.34701e-07,0.02545,17,0.1344,ebi-a-GCST90001642,rs3894193,G,C,0.467, || id:ebi-a-GCST90001642,TRUE,reported,igd
3653,49836652,2.26199e-06,0.05507,17,0.2608,ebi-a-GCST90001642,rs62061834,C,T,0.0511, || id:ebi-a-GCST90001642,TRUE,reported,igd
3653,37746783,4.74002e-06,0.02972,22,-0.1362,ebi-a-GCST90001642,rs5756641,A,G,0.1993, || id:ebi-a-GCST90001642,TRUE,reported,igd
