pval.exposure,samplesize.exposure,pos.exposure,beta.exposure,chr.exposure,se.exposure,id.exposure,SNP,effect_allele.exposure,other_allele.exposure,eaf.exposure,exposure,mr_keep.exposure,pval_origin.exposure,data_source.exposure
3.42397e-06,3112,208063067,-0.1325,1,0.02848,ebi-a-GCST90002028,rs2179634,A,G,0.3204, || id:ebi-a-GCST90002028,TRUE,reported,igd
6.11195e-07,3112,167583141,-0.1359,1,0.02719,ebi-a-GCST90002028,rs6698444,G,T,0.5786, || id:ebi-a-GCST90002028,TRUE,reported,igd
4.82303e-06,3112,232217689,-0.4915,2,0.1073,ebi-a-GCST90002028,rs143306403,G,A,0.0186, || id:ebi-a-GCST90002028,TRUE,reported,igd
3.27303e-06,3112,178371750,-0.2554,3,0.05479,ebi-a-GCST90002028,rs73181184,A,T,0.0638, || id:ebi-a-GCST90002028,TRUE,reported,igd
3.16403e-06,3112,131590387,-0.1286,5,0.02756,ebi-a-GCST90002028,rs17516457,C,T,0.549, || id:ebi-a-GCST90002028,TRUE,reported,igd
9.6781e-07,3112,32586721,0.1908,6,0.03889,ebi-a-GCST90002028,rs28383305,G,T,0.1734, || id:ebi-a-GCST90002028,TRUE,reported,igd
3.12601e-06,3112,73769459,0.155,7,0.03319,ebi-a-GCST90002028,rs571514,C,T,0.7884, || id:ebi-a-GCST90002028,TRUE,reported,igd
3.22597e-06,3112,41408227,0.6549,8,0.1404,ebi-a-GCST90002028,rs2977855,C,G,0.0088, || id:ebi-a-GCST90002028,TRUE,reported,igd
1.17899e-06,3112,125505878,0.2775,11,0.05699,ebi-a-GCST90002028,rs76929802,A,G,0.0609, || id:ebi-a-GCST90002028,TRUE,reported,igd
2.476e-06,3112,74865635,-0.1341,13,0.02841,ebi-a-GCST90002028,rs9543559,G,A,0.3207, || id:ebi-a-GCST90002028,TRUE,reported,igd
1.97601e-06,3112,79819451,-0.3454,15,0.07249,ebi-a-GCST90002028,rs74628013,A,G,0.035, || id:ebi-a-GCST90002028,TRUE,reported,igd
2.89301e-06,3112,29181468,-1.962,16,0.4185,ebi-a-GCST90002028,rs111853663,A,G,8e-04, || id:ebi-a-GCST90002028,TRUE,reported,igd
7.29693e-10,3112,28944396,0.1678,16,0.02716,ebi-a-GCST90002028,rs2904880,G,C,0.5987, || id:ebi-a-GCST90002028,TRUE,reported,igd
2.37799e-06,3112,3787550,-0.1315,20,0.02781,ebi-a-GCST90002028,rs910655,T,C,0.6599, || id:ebi-a-GCST90002028,TRUE,reported,igd
2.85799e-06,3112,31533137,-0.4007,22,0.08545,ebi-a-GCST90002028,rs2232181,C,T,0.027, || id:ebi-a-GCST90002028,TRUE,reported,igd
