pos.exposure,samplesize.exposure,se.exposure,chr.exposure,pval.exposure,beta.exposure,id.exposure,SNP,effect_allele.exposure,other_allele.exposure,eaf.exposure,exposure,mr_keep.exposure,pval_origin.exposure,data_source.exposure
46613239,3043,0.08042,1,7.006e-08,0.4346,ebi-a-GCST90001449,rs191730825,G,A,0.0292, || id:ebi-a-GCST90001449,TRUE,reported,igd
101915678,3043,0.1021,3,3.10699e-06,0.4772,ebi-a-GCST90001449,rs115058278,A,T,0.0168, || id:ebi-a-GCST90001449,TRUE,reported,igd
172744541,3043,0.1245,3,3.36597e-07,0.6366,ebi-a-GCST90001449,rs74610143,T,C,0.0125, || id:ebi-a-GCST90001449,TRUE,reported,igd
182768743,3043,0.04484,4,1.76901e-06,-0.2147,ebi-a-GCST90001449,rs35237330,A,G,0.0971, || id:ebi-a-GCST90001449,TRUE,reported,igd
153684820,3043,0.06121,7,4.94698e-06,-0.28,ebi-a-GCST90001449,rs13241407,G,A,0.0483, || id:ebi-a-GCST90001449,TRUE,reported,igd
22775663,3043,0.1283,7,4.23399e-06,0.591,ebi-a-GCST90001449,rs11766273,A,G,0.0115, || id:ebi-a-GCST90001449,TRUE,reported,igd
23486970,3043,0.08775,7,2.377e-06,0.4148,ebi-a-GCST90001449,rs73073066,T,C,0.023, || id:ebi-a-GCST90001449,TRUE,reported,igd
27966210,3043,0.02698,12,4.532e-06,-0.124,ebi-a-GCST90001449,rs11610005,G,C,0.4358, || id:ebi-a-GCST90001449,TRUE,reported,igd
42973243,3043,0.06253,12,4.66702e-07,0.3158,ebi-a-GCST90001449,rs57566659,C,G,0.0462, || id:ebi-a-GCST90001449,TRUE,reported,igd
31160823,3043,0.0957,14,6.82402e-07,-0.4763,ebi-a-GCST90001449,rs76968110,A,G,0.0189, || id:ebi-a-GCST90001449,TRUE,reported,igd
29918210,3043,0.1414,14,1.81201e-06,-0.6761,ebi-a-GCST90001449,rs117909439,T,C,0.0089, || id:ebi-a-GCST90001449,TRUE,reported,igd
45062476,3043,0.02963,17,8.10793e-07,0.1465,ebi-a-GCST90001449,rs8065103,G,A,0.7212, || id:ebi-a-GCST90001449,TRUE,reported,igd
5421681,3043,0.03301,20,1.79602e-06,0.1579,ebi-a-GCST90001449,rs35149557,C,T,0.198, || id:ebi-a-GCST90001449,TRUE,reported,igd
