pval.exposure,chr.exposure,samplesize.exposure,pos.exposure,beta.exposure,se.exposure,id.exposure,SNP,effect_allele.exposure,other_allele.exposure,eaf.exposure,exposure,mr_keep.exposure,pval_origin.exposure,data_source.exposure
6.51929e-26,1,3060,167432949,0.2805,0.0264,ebi-a-GCST90001850,rs1773542,C,T,0.4552, || id:ebi-a-GCST90001850,TRUE,reported,igd
2.96401e-07,1,3060,167797924,0.1701,0.03312,ebi-a-GCST90001850,rs2863272,A,G,0.2039, || id:ebi-a-GCST90001850,TRUE,reported,igd
4.79204e-07,1,3060,167156419,0.143,0.02834,ebi-a-GCST90001850,rs12032130,T,C,0.3475, || id:ebi-a-GCST90001850,TRUE,reported,igd
1.81201e-06,2,3060,5593978,0.1269,0.02653,ebi-a-GCST90001850,rs4668614,A,G,0.4763, || id:ebi-a-GCST90001850,TRUE,reported,igd
1.98999e-06,5,3060,40515928,-0.391,0.08208,ebi-a-GCST90001850,rs181802824,G,A,0.0284, || id:ebi-a-GCST90001850,TRUE,reported,igd
3.71202e-06,5,3060,11004941,-0.1558,0.03361,ebi-a-GCST90001850,rs864075,T,C,0.8044, || id:ebi-a-GCST90001850,TRUE,reported,igd
2.29699e-06,5,3060,26389125,0.6276,0.1326,ebi-a-GCST90001850,rs2036009,A,G,0.9889, || id:ebi-a-GCST90001850,TRUE,reported,igd
1.51499e-06,7,3060,79908084,-0.1553,0.03223,ebi-a-GCST90001850,rs7788673,T,A,0.2242, || id:ebi-a-GCST90001850,TRUE,reported,igd
8.7579e-08,7,3060,5305788,0.4985,0.09294,ebi-a-GCST90001850,rs7782316,T,C,0.0214, || id:ebi-a-GCST90001850,TRUE,reported,igd
3.38704e-06,11,3060,83711222,0.2377,0.05106,ebi-a-GCST90001850,rs11233873,C,A,0.0752, || id:ebi-a-GCST90001850,TRUE,reported,igd
1.63501e-06,11,3060,122175217,-0.3516,0.07319,ebi-a-GCST90001850,rs76442794,G,A,0.0342, || id:ebi-a-GCST90001850,TRUE,reported,igd
4.12496e-06,16,3060,10969282,0.1434,0.03109,ebi-a-GCST90001850,rs6498116,T,A,0.2333, || id:ebi-a-GCST90001850,TRUE,reported,igd
1.048e-06,18,3060,46992743,-0.4918,0.1005,ebi-a-GCST90001850,rs112025123,C,T,0.0185, || id:ebi-a-GCST90001850,TRUE,reported,igd
