pos.exposure,se.exposure,beta.exposure,pval.exposure,chr.exposure,samplesize.exposure,id.exposure,SNP,effect_allele.exposure,other_allele.exposure,eaf.exposure,exposure,mr_keep.exposure,pval_origin.exposure,data_source.exposure
119667997,0.06747,0.3131,3.60703e-06,2,3440,ebi-a-GCST90001655,rs79892959,A,G,0.0294, || id:ebi-a-GCST90001655,TRUE,reported,igd
8452313,0.023,0.1109,1.50598e-06,2,3440,ebi-a-GCST90001655,rs3111416,A,G,0.3994, || id:ebi-a-GCST90001655,TRUE,reported,igd
87021659,0.02878,0.1659,8.92401e-09,2,3440,ebi-a-GCST90001655,rs34546581,A,G,0.1927, || id:ebi-a-GCST90001655,TRUE,reported,igd
136255776,0.05945,-0.2734,4.394e-06,3,3440,ebi-a-GCST90001655,rs9880099,G,A,0.0363, || id:ebi-a-GCST90001655,TRUE,reported,igd
185796785,0.05271,-0.2413,4.869e-06,3,3440,ebi-a-GCST90001655,rs4077189,A,G,0.0499, || id:ebi-a-GCST90001655,TRUE,reported,igd
12611030,0.03907,0.1841,2.54097e-06,5,3440,ebi-a-GCST90001655,rs6890802,G,A,0.0911, || id:ebi-a-GCST90001655,TRUE,reported,igd
68594062,0.04068,0.1872,4.346e-06,5,3440,ebi-a-GCST90001655,rs112667234,C,T,0.0846, || id:ebi-a-GCST90001655,TRUE,reported,igd
71939663,0.09941,0.4675,2.65999e-06,6,3440,ebi-a-GCST90001655,rs73503175,C,T,0.0128, || id:ebi-a-GCST90001655,TRUE,reported,igd
32795706,0.03082,0.1531,7.07604e-07,6,3440,ebi-a-GCST90001655,rs55781756,A,G,0.2147, || id:ebi-a-GCST90001655,TRUE,reported,igd
7668809,0.02927,0.1352,3.99301e-06,6,3440,ebi-a-GCST90001655,rs35662273,A,G,0.1836, || id:ebi-a-GCST90001655,TRUE,reported,igd
110080212,0.3581,1.736,1.30599e-06,7,3440,ebi-a-GCST90001655,rs147994116,C,T,9e-04, || id:ebi-a-GCST90001655,TRUE,reported,igd
44090370,0.03532,-0.1806,3.36698e-07,11,3440,ebi-a-GCST90001655,rs75679242,A,C,0.1147, || id:ebi-a-GCST90001655,TRUE,reported,igd
101688448,0.04888,0.2487,3.82798e-07,14,3440,ebi-a-GCST90001655,rs57672161,T,C,0.0592, || id:ebi-a-GCST90001655,TRUE,reported,igd
77852215,0.1903,0.9109,1.766e-06,15,3440,ebi-a-GCST90001655,rs532816650,G,A,0.0047, || id:ebi-a-GCST90001655,TRUE,reported,igd
21265508,0.02879,0.1431,7.04693e-07,17,3440,ebi-a-GCST90001655,rs17774204,C,G,0.2028, || id:ebi-a-GCST90001655,TRUE,reported,igd
45261041,0.04447,-0.204,4.64505e-06,20,3440,ebi-a-GCST90001655,rs941206,C,A,0.0693, || id:ebi-a-GCST90001655,TRUE,reported,igd
