samplesize.exposure,pos.exposure,se.exposure,beta.exposure,pval.exposure,chr.exposure,id.exposure,SNP,effect_allele.exposure,other_allele.exposure,eaf.exposure,exposure,mr_keep.exposure,pval_origin.exposure,data_source.exposure
3669,240584083,0.06403,0.2941,4.52002e-06,1,ebi-a-GCST90001652,rs112405229,A,G,0.039, || id:ebi-a-GCST90001652,TRUE,reported,igd
3669,62836414,0.0248,0.124,5.99998e-07,1,ebi-a-GCST90001652,rs6701133,C,T,0.4869, || id:ebi-a-GCST90001652,TRUE,reported,igd
3669,159175494,0.06647,-0.3169,1.93299e-06,1,ebi-a-GCST90001652,rs34599082,T,C,0.0356, || id:ebi-a-GCST90001652,TRUE,reported,igd
3669,74174855,0.08129,-0.3807,2.93603e-06,3,ebi-a-GCST90001652,rs893978,T,C,0.0232, || id:ebi-a-GCST90001652,TRUE,reported,igd
3669,22954240,0.03985,-0.1823,4.94595e-06,6,ebi-a-GCST90001652,rs35640478,T,C,0.1141, || id:ebi-a-GCST90001652,TRUE,reported,igd
3669,120860297,0.03204,0.1563,1.12001e-06,8,ebi-a-GCST90001652,rs11998531,G,C,0.1924, || id:ebi-a-GCST90001652,TRUE,reported,igd
3669,83891503,0.03596,0.1711,2.04602e-06,10,ebi-a-GCST90001652,rs2434066,C,A,0.8609, || id:ebi-a-GCST90001652,TRUE,reported,igd
3669,134188542,0.02455,0.1239,4.71998e-07,11,ebi-a-GCST90001652,rs481252,C,T,0.4516, || id:ebi-a-GCST90001652,TRUE,reported,igd
3669,100617766,0.02528,-0.1175,3.44199e-06,14,ebi-a-GCST90001652,rs79855296,T,C,0.3993, || id:ebi-a-GCST90001652,TRUE,reported,igd
3669,101601125,0.057,-0.2627,4.17696e-06,14,ebi-a-GCST90001652,rs145016200,T,C,0.0496, || id:ebi-a-GCST90001652,TRUE,reported,igd
3669,9142206,0.02611,-0.1211,3.61601e-06,17,ebi-a-GCST90001652,rs7219272,A,G,0.6727, || id:ebi-a-GCST90001652,TRUE,reported,igd
3669,12394263,0.0265,0.1512,1.25101e-08,18,ebi-a-GCST90001652,rs77650974,A,G,0.3227, || id:ebi-a-GCST90001652,TRUE,reported,igd
