se.exposure,pos.exposure,pval.exposure,chr.exposure,beta.exposure,samplesize.exposure,id.exposure,SNP,effect_allele.exposure,other_allele.exposure,eaf.exposure,exposure,mr_keep.exposure,pval_origin.exposure,data_source.exposure
0.031,161526397,3.13401e-60,1,0.5196,2871,ebi-a-GCST90001903,rs71632979,G,A,0.2454, || id:ebi-a-GCST90001903,TRUE,reported,igd
0.0554,161937774,5.95306e-07,1,0.2772,2871,ebi-a-GCST90001903,rs71639910,A,G,0.0702, || id:ebi-a-GCST90001903,TRUE,reported,igd
0.035,161410253,2.47298e-06,1,-0.1652,2871,ebi-a-GCST90001903,rs115805162,T,C,0.2088, || id:ebi-a-GCST90001903,TRUE,reported,igd
0.03405,118023763,2.13801e-06,2,-0.1617,2871,ebi-a-GCST90001903,rs7591875,G,A,0.7809, || id:ebi-a-GCST90001903,TRUE,reported,igd
0.03466,234940795,3.02301e-06,2,-0.1622,2871,ebi-a-GCST90001903,rs76114682,T,G,0.2079, || id:ebi-a-GCST90001903,TRUE,reported,igd
0.02965,181521530,2.51299e-06,3,0.1398,2871,ebi-a-GCST90001903,rs59167197,G,C,0.3483, || id:ebi-a-GCST90001903,TRUE,reported,igd
0.3207,22730743,2.36401e-06,4,1.517,2871,ebi-a-GCST90001903,rs138596085,T,C,0.0019, || id:ebi-a-GCST90001903,TRUE,reported,igd
0.1348,85770092,2.16098e-06,9,0.6398,2871,ebi-a-GCST90001903,rs79989067,T,G,0.0106, || id:ebi-a-GCST90001903,TRUE,reported,igd
0.02865,132853310,3.52899e-06,10,0.1331,2871,ebi-a-GCST90001903,rs4750846,T,A,0.5744, || id:ebi-a-GCST90001903,TRUE,reported,igd
0.05994,974326,2.83798e-06,12,-0.2812,2871,ebi-a-GCST90001903,rs11611231,C,G,0.0585, || id:ebi-a-GCST90001903,TRUE,reported,igd
0.08661,35493491,2.01502e-06,15,-0.4124,2871,ebi-a-GCST90001903,rs143271161,G,A,0.0259, || id:ebi-a-GCST90001903,TRUE,reported,igd
0.09172,64116331,1.74502e-06,16,0.4394,2871,ebi-a-GCST90001903,rs7194233,C,T,0.0225, || id:ebi-a-GCST90001903,TRUE,reported,igd
0.08613,18091720,2.688e-06,19,-0.4051,2871,ebi-a-GCST90001903,rs56372685,G,A,0.0266, || id:ebi-a-GCST90001903,TRUE,reported,igd
0.127,3457280,4.78399e-06,20,0.5821,2871,ebi-a-GCST90001903,rs186130451,T,C,0.0125, || id:ebi-a-GCST90001903,TRUE,reported,igd
