samplesize.exposure,chr.exposure,pos.exposure,se.exposure,beta.exposure,pval.exposure,id.exposure,SNP,effect_allele.exposure,other_allele.exposure,eaf.exposure,exposure,mr_keep.exposure,pval_origin.exposure,data_source.exposure
3113,1,44148499,0.03444,-0.1617,2.77198e-06,ebi-a-GCST90002080,rs61768373,C,G,0.1616, || id:ebi-a-GCST90002080,TRUE,reported,igd
3113,1,205560814,0.08487,0.482,1.47401e-08,ebi-a-GCST90002080,rs115752428,A,G,0.0226, || id:ebi-a-GCST90002080,TRUE,reported,igd
3113,3,129503109,0.03514,0.1743,7.43498e-07,ebi-a-GCST90002080,rs12635110,A,G,0.8365, || id:ebi-a-GCST90002080,TRUE,reported,igd
3113,3,134400604,0.05178,-0.2418,3.15798e-06,ebi-a-GCST90002080,rs112262410,T,C,0.0641, || id:ebi-a-GCST90002080,TRUE,reported,igd
3113,6,32582401,0.0288,-0.1477,3.094e-07,ebi-a-GCST90002080,rs5004278,C,G,0.5936, || id:ebi-a-GCST90002080,TRUE,reported,igd
3113,6,30270080,0.02866,-0.1421,7.53304e-07,ebi-a-GCST90002080,rs261949,A,G,0.4149, || id:ebi-a-GCST90002080,TRUE,reported,igd
3113,8,136208763,0.02592,0.1213,3.02099e-06,ebi-a-GCST90002080,rs1842502,T,C,0.5896, || id:ebi-a-GCST90002080,TRUE,reported,igd
3113,9,18653773,0.02723,0.1333,1.034e-06,ebi-a-GCST90002080,rs776782,A,G,0.331, || id:ebi-a-GCST90002080,TRUE,reported,igd
3113,11,44623672,0.03088,0.1449,2.80401e-06,ebi-a-GCST90002080,rs11607999,C,T,0.2313, || id:ebi-a-GCST90002080,TRUE,reported,igd
3113,14,29178686,0.04355,0.2007,4.20204e-06,ebi-a-GCST90002080,rs77789294,C,T,0.0957, || id:ebi-a-GCST90002080,TRUE,reported,igd
3113,16,84697706,0.02622,-0.1302,7.26507e-07,ebi-a-GCST90002080,rs873857,C,G,0.6094, || id:ebi-a-GCST90002080,TRUE,reported,igd
3113,18,22484814,0.02579,-0.1218,2.44602e-06,ebi-a-GCST90002080,rs1823592,C,T,0.5732, || id:ebi-a-GCST90002080,TRUE,reported,igd
3113,22,30400641,0.06934,-0.3239,3.10799e-06,ebi-a-GCST90002080,rs113026874,T,A,0.0389, || id:ebi-a-GCST90002080,TRUE,reported,igd
