beta.exposure,pval.exposure,samplesize.exposure,se.exposure,pos.exposure,chr.exposure,id.exposure,SNP,effect_allele.exposure,other_allele.exposure,eaf.exposure,exposure,mr_keep.exposure,pval_origin.exposure,data_source.exposure
0.3032,1.41299e-06,3130,0.06273,57910243,1,ebi-a-GCST90001675,rs35089045,C,T,0.0436, || id:ebi-a-GCST90001675,TRUE,reported,igd
0.3431,2.43501e-06,3130,0.07265,120551817,1,ebi-a-GCST90001675,rs3879969,T,A,0.0323, || id:ebi-a-GCST90001675,TRUE,reported,igd
0.2961,2.53303e-06,3130,0.06281,122691344,2,ebi-a-GCST90001675,rs62166861,A,G,0.0428, || id:ebi-a-GCST90001675,TRUE,reported,igd
0.1186,4.04902e-06,3130,0.02569,20984750,5,ebi-a-GCST90001675,rs6881158,T,C,0.5169, || id:ebi-a-GCST90001675,TRUE,reported,igd
0.1789,4.51804e-08,3130,0.03263,32446459,6,ebi-a-GCST90001675,rs17203563,A,G,0.2767, || id:ebi-a-GCST90001675,TRUE,reported,igd
-0.1603,1.41801e-06,3130,0.03317,7026245,7,ebi-a-GCST90001675,rs10952014,G,C,0.1823, || id:ebi-a-GCST90001675,TRUE,reported,igd
-0.1475,4.05005e-06,3130,0.03195,62998415,8,ebi-a-GCST90001675,rs77397960,C,T,0.2102, || id:ebi-a-GCST90001675,TRUE,reported,igd
-0.116,4.69602e-06,3130,0.0253,95276540,15,ebi-a-GCST90001675,rs1871360,A,T,0.4323, || id:ebi-a-GCST90001675,TRUE,reported,igd
0.4095,5.97599e-07,3130,0.08185,86074353,16,ebi-a-GCST90001675,rs66790175,G,T,0.0241, || id:ebi-a-GCST90001675,TRUE,reported,igd
0.1237,1.071e-06,3130,0.02531,74615933,17,ebi-a-GCST90001675,rs12450916,T,C,0.5425, || id:ebi-a-GCST90001675,TRUE,reported,igd
0.2525,9.06004e-07,3130,0.0513,29871886,17,ebi-a-GCST90001675,rs62063923,G,C,0.0642, || id:ebi-a-GCST90001675,TRUE,reported,igd
-0.1333,3.63999e-06,3130,0.02873,67151077,18,ebi-a-GCST90001675,rs9319779,T,C,0.7284, || id:ebi-a-GCST90001675,TRUE,reported,igd
0.248,3.323e-07,3130,0.04848,5222441,20,ebi-a-GCST90001675,rs6085043,G,T,0.0796, || id:ebi-a-GCST90001675,TRUE,reported,igd
