se.exposure,samplesize.exposure,pval.exposure,chr.exposure,beta.exposure,pos.exposure,id.exposure,SNP,effect_allele.exposure,other_allele.exposure,eaf.exposure,exposure,mr_keep.exposure,pval_origin.exposure,data_source.exposure
0.03427,3668,3.2e-06,2,-0.1599,20748761,ebi-a-GCST90001608,rs16987794,C,T,0.1512, || id:ebi-a-GCST90001608,TRUE,reported,igd
0.07212,3668,2.19599e-06,5,0.342,169816374,ebi-a-GCST90001608,rs45551732,T,C,0.029, || id:ebi-a-GCST90001608,TRUE,reported,igd
0.02688,3668,3.16599e-07,6,0.1377,132534887,ebi-a-GCST90001608,rs9493240,A,G,0.3101, || id:ebi-a-GCST90001608,TRUE,reported,igd
0.06501,3668,4.76201e-06,9,-0.2978,120915115,ebi-a-GCST90001608,rs77965313,C,A,0.0375, || id:ebi-a-GCST90001608,TRUE,reported,igd
0.09847,3668,1.957e-06,10,-0.4693,64810319,ebi-a-GCST90001608,rs147688743,A,G,0.0153, || id:ebi-a-GCST90001608,TRUE,reported,igd
0.08196,3668,1.90599e-07,11,-0.4277,19175633,ebi-a-GCST90001608,rs11025036,A,G,0.0221, || id:ebi-a-GCST90001608,TRUE,reported,igd
0.02665,3668,2.41702e-06,12,-0.1259,6833104,ebi-a-GCST90001608,rs3759343,C,T,0.2916, || id:ebi-a-GCST90001608,TRUE,reported,igd
0.02741,3668,4.29339e-26,12,0.2919,6900616,ebi-a-GCST90001608,rs2857229,G,A,0.2578, || id:ebi-a-GCST90001608,TRUE,reported,igd
0.1229,3668,4.24502e-06,14,0.566,106214819,ebi-a-GCST90001608,rs189060675,C,G,0.0135, || id:ebi-a-GCST90001608,TRUE,reported,igd
0.05195,3668,2.67997e-06,14,0.2442,51336044,ebi-a-GCST90001608,rs76251345,G,T,0.06, || id:ebi-a-GCST90001608,TRUE,reported,igd
0.03941,3668,3.20797e-07,14,0.2018,31506505,ebi-a-GCST90001608,rs7160965,C,T,0.8949, || id:ebi-a-GCST90001608,TRUE,reported,igd
0.05364,3668,2.537e-06,15,-0.2528,42829973,ebi-a-GCST90001608,rs117340321,T,G,0.0578, || id:ebi-a-GCST90001608,TRUE,reported,igd
0.02542,3668,4.20001e-06,15,-0.1172,29054740,ebi-a-GCST90001608,rs4966346,G,A,0.5196, || id:ebi-a-GCST90001608,TRUE,reported,igd
0.05788,3668,2.068e-06,16,-0.2752,11640890,ebi-a-GCST90001608,rs62022846,C,T,0.0472, || id:ebi-a-GCST90001608,TRUE,reported,igd
0.07997,3668,2.70402e-06,19,-0.3758,1185530,ebi-a-GCST90001608,rs529770358,C,A,0.0248, || id:ebi-a-GCST90001608,TRUE,reported,igd
0.02488,3668,4.02903e-06,20,-0.1148,51305288,ebi-a-GCST90001608,rs6022045,C,T,0.5748, || id:ebi-a-GCST90001608,TRUE,reported,igd
