samplesize.exposure,pval.exposure,chr.exposure,pos.exposure,se.exposure,beta.exposure,id.exposure,SNP,effect_allele.exposure,other_allele.exposure,eaf.exposure,exposure,mr_keep.exposure,pval_origin.exposure,data_source.exposure
1559,1.639e-06,1,170916456,0.1066,-0.5131,ebi-a-GCST90002095,rs114446732,A,G,0.033, || id:ebi-a-GCST90002095,TRUE,reported,igd
1559,4.29497e-06,4,38170624,0.07278,0.3357,ebi-a-GCST90002095,rs79689885,A,G,0.0693, || id:ebi-a-GCST90002095,TRUE,reported,igd
1559,1.59199e-07,6,106580040,0.03719,-0.1958,ebi-a-GCST90002095,rs72943419,A,T,0.3903, || id:ebi-a-GCST90002095,TRUE,reported,igd
1559,2.42198e-06,6,120034199,0.2196,-1.039,ebi-a-GCST90002095,rs2015467,A,T,0.9917, || id:ebi-a-GCST90002095,TRUE,reported,igd
1559,3.70698e-06,7,24364831,0.1247,-0.5789,ebi-a-GCST90002095,rs73084604,C,T,0.0266, || id:ebi-a-GCST90002095,TRUE,reported,igd
1559,1.583e-07,7,48224317,0.1228,-0.647,ebi-a-GCST90002095,rs149090801,C,T,0.0234, || id:ebi-a-GCST90002095,TRUE,reported,igd
1559,4.12098e-06,7,113164548,0.04352,0.2011,ebi-a-GCST90002095,rs2462681,C,T,0.2453, || id:ebi-a-GCST90002095,TRUE,reported,igd
1559,2.014e-06,10,112465154,0.05198,0.2479,ebi-a-GCST90002095,rs1547784,G,A,0.144, || id:ebi-a-GCST90002095,TRUE,reported,igd
1559,3.16898e-06,10,99476915,0.04442,-0.2077,ebi-a-GCST90002095,rs7896853,C,T,0.2287, || id:ebi-a-GCST90002095,TRUE,reported,igd
1559,2.78298e-07,10,122530940,0.04007,0.2068,ebi-a-GCST90002095,rs72837738,A,G,0.3207, || id:ebi-a-GCST90002095,TRUE,reported,igd
1559,2.75899e-06,12,81094063,0.0999,0.4701,ebi-a-GCST90002095,rs11114574,A,G,0.0366, || id:ebi-a-GCST90002095,TRUE,reported,igd
1559,3.78303e-06,14,99782579,0.03702,-0.1718,ebi-a-GCST90002095,rs8018158,T,C,0.4243, || id:ebi-a-GCST90002095,TRUE,reported,igd
1559,8.29698e-07,19,33754548,0.07745,-0.3833,ebi-a-GCST90002095,rs78744187,T,C,0.0625, || id:ebi-a-GCST90002095,TRUE,reported,igd
1559,5.30274e-20,21,46328099,0.04722,0.4384,ebi-a-GCST90002095,rs760462,C,T,0.8262, || id:ebi-a-GCST90002095,TRUE,reported,igd
