samplesize.exposure,pos.exposure,chr.exposure,se.exposure,pval.exposure,beta.exposure,id.exposure,SNP,effect_allele.exposure,other_allele.exposure,eaf.exposure,exposure,mr_keep.exposure,pval_origin.exposure,data_source.exposure
3395,198151688,1,0.2117,7.48704e-09,-1.226,ebi-a-GCST90001548,rs113435341,G,A,0.0032, || id:ebi-a-GCST90001548,TRUE,reported,igd
3395,233371652,2,0.2333,2.776e-06,1.095,ebi-a-GCST90001548,rs138265071,C,A,0.0024, || id:ebi-a-GCST90001548,TRUE,reported,igd
3395,29218896,3,0.05835,4.22795e-07,-0.2957,ebi-a-GCST90001548,rs78389248,A,G,0.0421, || id:ebi-a-GCST90001548,TRUE,reported,igd
3395,52037812,5,0.06085,1.84302e-06,-0.2907,ebi-a-GCST90001548,rs78805150,A,T,0.0378, || id:ebi-a-GCST90001548,TRUE,reported,igd
3395,31411457,6,0.04561,6.80801e-07,-0.227,ebi-a-GCST90001548,rs80120480,A,C,0.0857, || id:ebi-a-GCST90001548,TRUE,reported,igd
3395,97286991,6,0.03035,3.15697e-06,0.1417,ebi-a-GCST90001548,rs57031530,T,C,0.1971, || id:ebi-a-GCST90001548,TRUE,reported,igd
3395,60906565,8,0.07686,2.74998e-06,0.361,ebi-a-GCST90001548,rs149060712,G,A,0.0259, || id:ebi-a-GCST90001548,TRUE,reported,igd
3395,12222651,16,0.04148,2.848e-06,-0.1945,ebi-a-GCST90001548,rs12149562,C,T,0.09, || id:ebi-a-GCST90001548,TRUE,reported,igd
3395,4623421,16,0.05027,2.467e-07,-0.2599,ebi-a-GCST90001548,rs78160658,T,C,0.0586, || id:ebi-a-GCST90001548,TRUE,reported,igd
3395,53154832,16,0.02366,5.719e-07,-0.1186,ebi-a-GCST90001548,rs62047982,T,C,0.4717, || id:ebi-a-GCST90001548,TRUE,reported,igd
3395,7398995,16,0.04192,1.109e-06,-0.2046,ebi-a-GCST90001548,rs9924010,A,G,0.0851, || id:ebi-a-GCST90001548,TRUE,reported,igd
3395,44531878,20,0.02485,2.68999e-06,-0.1168,ebi-a-GCST90001548,rs6073949,A,G,0.6521, || id:ebi-a-GCST90001548,TRUE,reported,igd
3395,45749966,22,0.05861,1.196e-06,0.2852,ebi-a-GCST90001548,rs61735519,C,G,0.0415, || id:ebi-a-GCST90001548,TRUE,reported,igd
