chr.exposure,beta.exposure,pval.exposure,se.exposure,pos.exposure,samplesize.exposure,id.exposure,SNP,effect_allele.exposure,other_allele.exposure,eaf.exposure,exposure,mr_keep.exposure,pval_origin.exposure,data_source.exposure
2,0.1383,7.57199e-07,0.02791,135429002,3113,ebi-a-GCST90002076,rs7575742,G,A,0.3696, || id:ebi-a-GCST90002076,TRUE,reported,igd
4,-0.1642,4.48198e-06,0.03573,149325342,3113,ebi-a-GCST90002076,rs6850820,A,G,0.8275, || id:ebi-a-GCST90002076,TRUE,reported,igd
4,1.113,4.42303e-06,0.242,72546264,3113,ebi-a-GCST90002076,rs77154024,C,T,0.0027, || id:ebi-a-GCST90002076,TRUE,reported,igd
5,0.2553,3.84804e-07,0.05018,127586596,3113,ebi-a-GCST90002076,rs6863338,T,C,0.084, || id:ebi-a-GCST90002076,TRUE,reported,igd
5,0.5466,2.063e-06,0.1149,80236683,3113,ebi-a-GCST90002076,rs79025422,A,G,0.0148, || id:ebi-a-GCST90002076,TRUE,reported,igd
6,0.1637,1.305e-06,0.03376,33791515,3113,ebi-a-GCST90002076,rs767896,T,C,0.2114, || id:ebi-a-GCST90002076,TRUE,reported,igd
10,0.4144,3.61327e-24,0.04052,126346603,3113,ebi-a-GCST90002076,rs1006368,T,C,0.1224, || id:ebi-a-GCST90002076,TRUE,reported,igd
12,-0.2652,6.54696e-07,0.05319,62296066,3113,ebi-a-GCST90002076,rs2198787,C,A,0.9269, || id:ebi-a-GCST90002076,TRUE,reported,igd
17,0.1471,6.80205e-08,0.02719,33805730,3113,ebi-a-GCST90002076,rs9912354,T,C,0.5254, || id:ebi-a-GCST90002076,TRUE,reported,igd
17,-0.1684,4.30695e-06,0.03658,33770802,3113,ebi-a-GCST90002076,rs10512469,T,C,0.1646, || id:ebi-a-GCST90002076,TRUE,reported,igd
18,-0.3945,2.56898e-06,0.08374,19722536,3113,ebi-a-GCST90002076,rs11081793,G,A,0.0255, || id:ebi-a-GCST90002076,TRUE,reported,igd
18,-0.2893,5.23396e-07,0.05753,39079198,3113,ebi-a-GCST90002076,rs72901909,G,T,0.058, || id:ebi-a-GCST90002076,TRUE,reported,igd
19,0.1706,2.87098e-06,0.03639,43649306,3113,ebi-a-GCST90002076,rs28691703,C,T,0.2127, || id:ebi-a-GCST90002076,TRUE,reported,igd
22,-0.1793,1.56801e-06,0.03727,18542023,3113,ebi-a-GCST90002076,rs11703193,A,G,0.1597, || id:ebi-a-GCST90002076,TRUE,reported,igd
