pos.exposure,pval.exposure,beta.exposure,chr.exposure,samplesize.exposure,se.exposure,id.exposure,SNP,effect_allele.exposure,other_allele.exposure,eaf.exposure,exposure,mr_keep.exposure,pval_origin.exposure,data_source.exposure
2487766,2.74e-09,0.2382,1,1245,0.03976,ebi-a-GCST90001879,rs2227313,C,T,0.5747, || id:ebi-a-GCST90001879,TRUE,reported,igd
10709816,4.46396e-06,-0.2499,2,1245,0.05421,ebi-a-GCST90001879,rs759400,T,C,0.8414, || id:ebi-a-GCST90001879,TRUE,reported,igd
53194393,6.86499e-07,0.207,5,1245,0.04148,ebi-a-GCST90001879,rs7735724,C,T,0.5365, || id:ebi-a-GCST90001879,TRUE,reported,igd
19764946,3.133e-06,-0.2028,7,1245,0.0433,ebi-a-GCST90001879,rs2158382,T,G,0.655, || id:ebi-a-GCST90001879,TRUE,reported,igd
147205421,4.31599e-06,-0.1882,7,1245,0.04078,ebi-a-GCST90001879,rs1541415,C,T,0.5566, || id:ebi-a-GCST90001879,TRUE,reported,igd
7820271,4.36797e-06,-0.2229,9,1245,0.04832,ebi-a-GCST90001879,rs12378405,A,C,0.7703, || id:ebi-a-GCST90001879,TRUE,reported,igd
9681323,4.22202e-06,-0.2013,9,1245,0.04357,ebi-a-GCST90001879,rs2382040,A,T,0.3297, || id:ebi-a-GCST90001879,TRUE,reported,igd
96367900,4.43496e-07,-0.3326,9,1245,0.06552,ebi-a-GCST90001879,rs76025942,A,G,0.1112, || id:ebi-a-GCST90001879,TRUE,reported,igd
24786510,2.84603e-07,-0.217,10,1245,0.04205,ebi-a-GCST90001879,rs11014115,A,G,0.3944, || id:ebi-a-GCST90001879,TRUE,reported,igd
130668546,6.99198e-07,-0.2759,12,1245,0.05532,ebi-a-GCST90001879,rs12833432,T,C,0.1526, || id:ebi-a-GCST90001879,TRUE,reported,igd
