chr.exposure,pos.exposure,pval.exposure,se.exposure,samplesize.exposure,beta.exposure,id.exposure,SNP,effect_allele.exposure,other_allele.exposure,eaf.exposure,exposure,mr_keep.exposure,pval_origin.exposure,data_source.exposure
4,178658413,1.21099e-06,0.06147,3656,-0.2989,ebi-a-GCST90001416,rs71615254,C,A,0.0406, || id:ebi-a-GCST90001416,TRUE,reported,igd
5,158285953,3.98602e-06,0.04553,3656,-0.2103,ebi-a-GCST90001416,rs17056318,C,T,0.081, || id:ebi-a-GCST90001416,TRUE,reported,igd
6,100821460,2.63099e-06,0.4501,3656,2.118,ebi-a-GCST90001416,rs12197153,A,G,7e-04, || id:ebi-a-GCST90001416,TRUE,reported,igd
6,67039330,4.42099e-07,0.02729,3656,0.138,ebi-a-GCST90001416,rs9354413,C,T,0.2964, || id:ebi-a-GCST90001416,TRUE,reported,igd
7,77469688,2.94198e-06,0.05716,3656,-0.2677,ebi-a-GCST90001416,rs34910780,T,A,0.048, || id:ebi-a-GCST90001416,TRUE,reported,igd
8,130617819,1.26e-06,0.0275,3656,-0.1335,ebi-a-GCST90001416,rs2395904,G,T,0.2657, || id:ebi-a-GCST90001416,TRUE,reported,igd
8,75563339,3.642e-07,0.08139,3656,0.4148,ebi-a-GCST90001416,rs117190494,A,G,0.022, || id:ebi-a-GCST90001416,TRUE,reported,igd
11,119980729,2.391e-06,0.02794,3656,0.132,ebi-a-GCST90001416,rs12799241,A,G,0.2619, || id:ebi-a-GCST90001416,TRUE,reported,igd
12,14302579,4.43598e-06,0.08033,3656,-0.3693,ebi-a-GCST90001416,rs34771848,T,C,0.023, || id:ebi-a-GCST90001416,TRUE,reported,igd
14,22954777,2.59801e-06,0.02685,3656,-0.1264,ebi-a-GCST90001416,rs3811215,T,G,0.3032, || id:ebi-a-GCST90001416,TRUE,reported,igd
17,77637123,3.09699e-06,0.03458,3656,-0.1616,ebi-a-GCST90001416,rs73426855,C,T,0.1469, || id:ebi-a-GCST90001416,TRUE,reported,igd
17,38038391,2.61198e-08,0.02856,3656,-0.1593,ebi-a-GCST90001416,rs62067029,T,A,0.4148, || id:ebi-a-GCST90001416,TRUE,reported,igd
