pos.exposure,beta.exposure,chr.exposure,samplesize.exposure,pval.exposure,se.exposure,id.exposure,SNP,effect_allele.exposure,other_allele.exposure,eaf.exposure,exposure,mr_keep.exposure,pval_origin.exposure,data_source.exposure
186852597,-0.4588,1,2920,9.33706e-07,0.09334,ebi-a-GCST90002068,rs10911945,A,G,0.0226, || id:ebi-a-GCST90002068,TRUE,reported,igd
145671913,-0.628,2,2920,4.71205e-06,0.1369,ebi-a-GCST90002068,rs9646681,A,G,0.0104, || id:ebi-a-GCST90002068,TRUE,reported,igd
26464408,-0.3031,2,2920,4.45297e-06,0.06592,ebi-a-GCST90002068,rs12185614,G,A,0.9527, || id:ebi-a-GCST90002068,TRUE,reported,igd
172247417,-0.2994,5,2920,3.52201e-06,0.06443,ebi-a-GCST90002068,rs6898033,T,C,0.0455, || id:ebi-a-GCST90002068,TRUE,reported,igd
157352502,-0.8328,5,2920,2.54097e-06,0.1767,ebi-a-GCST90002068,rs6875686,A,G,0.006, || id:ebi-a-GCST90002068,TRUE,reported,igd
80154074,0.2833,6,2920,1.98802e-06,0.05946,ebi-a-GCST90002068,rs196695,G,A,0.9421, || id:ebi-a-GCST90002068,TRUE,reported,igd
32509457,0.4159,6,2920,2.72402e-07,0.0807,ebi-a-GCST90002068,rs571270084,A,C,0.0735, || id:ebi-a-GCST90002068,TRUE,reported,igd
22050169,0.2201,7,2920,1.24601e-06,0.04531,ebi-a-GCST90002068,rs2699463,C,T,0.8967, || id:ebi-a-GCST90002068,TRUE,reported,igd
118251913,-0.1295,8,2920,3.36202e-06,0.02781,ebi-a-GCST90002068,rs1793733,A,G,0.4567, || id:ebi-a-GCST90002068,TRUE,reported,igd
124586000,0.1592,8,2920,2.88197e-06,0.03395,ebi-a-GCST90002068,rs62520866,T,C,0.208, || id:ebi-a-GCST90002068,TRUE,reported,igd
25354093,1.57,10,2920,1.096e-06,0.3215,ebi-a-GCST90002068,rs79998393,A,C,0.0017, || id:ebi-a-GCST90002068,TRUE,reported,igd
6094697,0.2908,10,2920,5.90201e-07,0.05809,ebi-a-GCST90002068,rs61839660,T,C,0.0575, || id:ebi-a-GCST90002068,TRUE,reported,igd
6903631,-0.2046,12,2920,9.9977e-11,0.03153,ebi-a-GCST90002068,rs11615628,A,G,0.2466, || id:ebi-a-GCST90002068,TRUE,reported,igd
4770669,-0.5841,12,2920,8.99394e-07,0.1186,ebi-a-GCST90002068,rs11610038,T,G,0.0128, || id:ebi-a-GCST90002068,TRUE,reported,igd
52190962,0.1349,17,2920,2.142e-06,0.02841,ebi-a-GCST90002068,rs1840913,G,A,0.6402, || id:ebi-a-GCST90002068,TRUE,reported,igd
13471119,-0.3819,19,2920,3.00698e-06,0.0816,ebi-a-GCST90002068,rs62111177,G,A,0.0308, || id:ebi-a-GCST90002068,TRUE,reported,igd
