se.exposure,beta.exposure,pos.exposure,pval.exposure,chr.exposure,samplesize.exposure,id.exposure,SNP,effect_allele.exposure,other_allele.exposure,eaf.exposure,exposure,mr_keep.exposure,pval_origin.exposure,data_source.exposure
0.1363,-0.6306,61322867,3.96598e-06,1,1837,ebi-a-GCST90001782,rs143132954,C,T,0.0161, || id:ebi-a-GCST90001782,TRUE,reported,igd
0.6699,3.199,224393629,1.94299e-06,1,1837,ebi-a-GCST90001782,rs77910234,C,A,5e-04, || id:ebi-a-GCST90001782,TRUE,reported,igd
0.04266,-0.1962,118876072,4.53701e-06,2,1837,ebi-a-GCST90001782,rs11673894,T,G,0.1892, || id:ebi-a-GCST90001782,TRUE,reported,igd
0.07081,-0.3274,28889318,4.03599e-06,2,1837,ebi-a-GCST90001782,rs113066333,A,G,0.0574, || id:ebi-a-GCST90001782,TRUE,reported,igd
0.1428,0.6723,121050031,2.68497e-06,3,1837,ebi-a-GCST90001782,rs116270586,G,T,0.0131, || id:ebi-a-GCST90001782,TRUE,reported,igd
0.2068,0.9867,364476,1.97802e-06,6,1837,ebi-a-GCST90001782,rs58327586,T,C,0.0073, || id:ebi-a-GCST90001782,TRUE,reported,igd
0.4718,2.241,46669974,2.197e-06,7,1837,ebi-a-GCST90001782,rs117315714,T,C,0.0011, || id:ebi-a-GCST90001782,TRUE,reported,igd
0.0564,0.2605,62471902,4.10696e-06,8,1837,ebi-a-GCST90001782,rs72657101,C,T,0.098, || id:ebi-a-GCST90001782,TRUE,reported,igd
0.4114,1.904,1676361,3.96296e-06,10,1837,ebi-a-GCST90001782,rs139703496,T,C,0.0016, || id:ebi-a-GCST90001782,TRUE,reported,igd
0.06431,0.3007,7830675,3.12903e-06,10,1837,ebi-a-GCST90001782,rs2853765,C,G,0.9287, || id:ebi-a-GCST90001782,TRUE,reported,igd
0.0338,-0.1829,6177617,7.03996e-08,10,1837,ebi-a-GCST90001782,rs12218872,C,G,0.5936, || id:ebi-a-GCST90001782,TRUE,reported,igd
0.03721,-0.4537,6114010,6.15035e-33,10,1837,ebi-a-GCST90001782,rs10905716,T,C,0.2439, || id:ebi-a-GCST90001782,TRUE,reported,igd
0.0333,-0.1818,67173624,5.424e-08,18,1837,ebi-a-GCST90001782,rs8097813,C,T,0.5457, || id:ebi-a-GCST90001782,TRUE,reported,igd
0.8138,3.855,61958726,2.34002e-06,20,1837,ebi-a-GCST90001782,rs148503715,A,T,5e-04, || id:ebi-a-GCST90001782,TRUE,reported,igd
