samplesize.exposure,beta.exposure,se.exposure,pos.exposure,chr.exposure,pval.exposure,id.exposure,SNP,effect_allele.exposure,other_allele.exposure,eaf.exposure,exposure,mr_keep.exposure,pval_origin.exposure,data_source.exposure
3656,0.1517,0.02904,84127219,1,1.83802e-07,ebi-a-GCST90001427,rs61790670,A,C,0.23, || id:ebi-a-GCST90001427,TRUE,reported,igd
3656,0.1428,0.0306,59700800,1,3.17497e-06,ebi-a-GCST90001427,rs12128328,C,T,0.2113, || id:ebi-a-GCST90001427,TRUE,reported,igd
3656,0.1403,0.02729,238550072,2,2.84302e-07,ebi-a-GCST90001427,rs6723786,G,A,0.2924, || id:ebi-a-GCST90001427,TRUE,reported,igd
3656,-0.2723,0.05703,66709035,2,1.86698e-06,ebi-a-GCST90001427,rs114551034,A,G,0.0509, || id:ebi-a-GCST90001427,TRUE,reported,igd
3656,-1.231,0.2689,134727496,4,4.85601e-06,ebi-a-GCST90001427,rs72942964,T,C,0.0021, || id:ebi-a-GCST90001427,TRUE,reported,igd
3656,-0.1322,0.0277,144608340,5,1.88599e-06,ebi-a-GCST90001427,rs17405603,T,A,0.2842, || id:ebi-a-GCST90001427,TRUE,reported,igd
3656,-0.1246,0.02505,144986103,8,6.83392e-07,ebi-a-GCST90001427,rs11777835,C,T,0.5715, || id:ebi-a-GCST90001427,TRUE,reported,igd
3656,0.391,0.07669,55620993,8,3.59104e-07,ebi-a-GCST90001427,rs190799514,C,T,0.0272, || id:ebi-a-GCST90001427,TRUE,reported,igd
3656,0.204,0.04436,9936753,8,4.40099e-06,ebi-a-GCST90001427,rs814418,T,C,0.0907, || id:ebi-a-GCST90001427,TRUE,reported,igd
3656,-0.1952,0.04268,54797571,12,4.95199e-06,ebi-a-GCST90001427,rs12426629,G,C,0.0989, || id:ebi-a-GCST90001427,TRUE,reported,igd
3656,0.1207,0.025,109144845,13,1.43999e-06,ebi-a-GCST90001427,rs9514859,C,G,0.4402, || id:ebi-a-GCST90001427,TRUE,reported,igd
3656,0.1408,0.02668,108993494,13,1.378e-07,ebi-a-GCST90001427,rs12874404,G,A,0.3256, || id:ebi-a-GCST90001427,TRUE,reported,igd
3656,-0.1169,0.0249,2716535,17,2.77997e-06,ebi-a-GCST90001427,rs11653761,T,G,0.592, || id:ebi-a-GCST90001427,TRUE,reported,igd
3656,0.1163,0.02497,60947111,18,3.33096e-06,ebi-a-GCST90001427,rs7236090,C,T,0.5922, || id:ebi-a-GCST90001427,TRUE,reported,igd
3656,-0.5436,0.1119,42362418,21,1.24e-06,ebi-a-GCST90001427,rs77741094,G,C,0.0126, || id:ebi-a-GCST90001427,TRUE,reported,igd
