pval.exposure,beta.exposure,chr.exposure,samplesize.exposure,pos.exposure,se.exposure,id.exposure,SNP,effect_allele.exposure,other_allele.exposure,eaf.exposure,exposure,mr_keep.exposure,pval_origin.exposure,data_source.exposure
3.71099e-06,1.146,6,2918,16748948,0.2472,ebi-a-GCST90001862,rs72827833,G,T,0.0031, || id:ebi-a-GCST90001862,TRUE,reported,igd
1.48399e-06,0.1413,6,2918,30458064,0.02929,ebi-a-GCST90001862,rs1264457,A,G,0.4532, || id:ebi-a-GCST90001862,TRUE,reported,igd
3.20398e-06,0.2745,7,2918,148293966,0.05883,ebi-a-GCST90001862,rs117404466,A,G,0.0567, || id:ebi-a-GCST90001862,TRUE,reported,igd
2.464e-06,0.7409,8,2918,99091321,0.1569,ebi-a-GCST90001862,rs116969543,C,T,0.0084, || id:ebi-a-GCST90001862,TRUE,reported,igd
4.78895e-06,-0.1304,11,2918,35999988,0.02845,ebi-a-GCST90001862,rs7949056,T,C,0.3566, || id:ebi-a-GCST90001862,TRUE,reported,igd
1.87802e-06,0.2157,14,2918,78276958,0.04517,ebi-a-GCST90001862,rs113707507,G,A,0.1062, || id:ebi-a-GCST90001862,TRUE,reported,igd
1.12899e-06,2.034,15,2918,92143848,0.417,ebi-a-GCST90001862,rs76548676,T,G,0.001, || id:ebi-a-GCST90001862,TRUE,reported,igd
1.388e-06,0.1959,16,2918,57886567,0.0405,ebi-a-GCST90001862,rs62039948,A,G,0.1354, || id:ebi-a-GCST90001862,TRUE,reported,igd
2.87799e-06,0.2511,19,2918,4331621,0.05356,ebi-a-GCST90001862,rs7257674,A,T,0.0728, || id:ebi-a-GCST90001862,TRUE,reported,igd
