pval.exposure,beta.exposure,samplesize.exposure,chr.exposure,se.exposure,pos.exposure,id.exposure,SNP,effect_allele.exposure,other_allele.exposure,eaf.exposure,exposure,mr_keep.exposure,pval_origin.exposure,data_source.exposure
6.40295e-07,0.1231,3656,1,0.02468,99311831,ebi-a-GCST90001578,rs1384162,G,A,0.6035, || id:ebi-a-GCST90001578,TRUE,reported,igd
4.77002e-06,0.1139,3656,1,0.02487,96015938,ebi-a-GCST90001578,rs10158474,G,A,0.602, || id:ebi-a-GCST90001578,TRUE,reported,igd
4.94903e-07,-0.3216,3656,2,0.06383,105581937,ebi-a-GCST90001578,rs140088532,C,T,0.0368, || id:ebi-a-GCST90001578,TRUE,reported,igd
1.61901e-06,-0.4197,3656,4,0.08737,15915069,ebi-a-GCST90001578,rs76112278,A,G,0.0194, || id:ebi-a-GCST90001578,TRUE,reported,igd
4.57804e-06,0.3204,3656,5,0.06981,153628389,ebi-a-GCST90001578,rs77886121,A,G,0.0321, || id:ebi-a-GCST90001578,TRUE,reported,igd
2.249e-07,-0.2384,3656,5,0.04596,158317602,ebi-a-GCST90001578,rs75512885,A,T,0.0788, || id:ebi-a-GCST90001578,TRUE,reported,igd
3.73904e-06,-0.2114,3656,6,0.04563,32665490,ebi-a-GCST90001578,rs17206161,C,T,0.118, || id:ebi-a-GCST90001578,TRUE,reported,igd
1.477e-06,-0.1301,3656,8,0.02697,130597858,ebi-a-GCST90001578,rs7005227,A,C,0.2626, || id:ebi-a-GCST90001578,TRUE,reported,igd
3.897e-06,-0.1966,3656,10,0.04253,132652504,ebi-a-GCST90001578,rs12360242,T,C,0.0946, || id:ebi-a-GCST90001578,TRUE,reported,igd
4.17302e-07,0.33,3656,10,0.06509,24415064,ebi-a-GCST90001578,rs190371014,G,C,0.0371, || id:ebi-a-GCST90001578,TRUE,reported,igd
8.69301e-07,-0.4763,3656,12,0.09666,75564449,ebi-a-GCST90001578,rs59879144,A,C,0.0161, || id:ebi-a-GCST90001578,TRUE,reported,igd
7.63203e-07,0.2573,3656,13,0.05195,95198601,ebi-a-GCST90001578,rs117943886,T,C,0.0594, || id:ebi-a-GCST90001578,TRUE,reported,igd
1.77799e-06,0.1795,3656,14,0.03752,22499870,ebi-a-GCST90001578,rs3811315,A,T,0.1157, || id:ebi-a-GCST90001578,TRUE,reported,igd
6.32004e-07,-0.1544,3656,16,0.03095,84759446,ebi-a-GCST90001578,rs2216762,C,T,0.8141, || id:ebi-a-GCST90001578,TRUE,reported,igd
2.52499e-06,-0.4087,3656,16,0.08671,8263526,ebi-a-GCST90001578,rs146347064,A,C,0.0187, || id:ebi-a-GCST90001578,TRUE,reported,igd
1.64502e-06,-0.1135,3656,17,0.02363,2731370,ebi-a-GCST90001578,rs11657531,T,C,0.4884, || id:ebi-a-GCST90001578,TRUE,reported,igd
3.185e-06,-0.1251,3656,17,0.02681,38038389,ebi-a-GCST90001578,rs12939565,T,A,0.4267, || id:ebi-a-GCST90001578,TRUE,reported,igd
