chr.exposure,samplesize.exposure,pos.exposure,pval.exposure,se.exposure,beta.exposure,id.exposure,SNP,effect_allele.exposure,other_allele.exposure,eaf.exposure,exposure,mr_keep.exposure,pval_origin.exposure,data_source.exposure
1,1247,56037629,4.47899e-06,0.04209,-0.194,ebi-a-GCST90001871,rs1499672,G,A,0.5978, || id:ebi-a-GCST90001871,TRUE,reported,igd
1,1247,2488608,7.00164e-13,0.03948,0.2864,ebi-a-GCST90001871,rs1886730,C,T,0.5778, || id:ebi-a-GCST90001871,TRUE,reported,igd
2,1247,153797694,2.913e-06,0.04612,0.2167,ebi-a-GCST90001871,rs13014690,A,C,0.2686, || id:ebi-a-GCST90001871,TRUE,reported,igd
4,1247,7148069,3.91697e-06,0.04231,0.1962,ebi-a-GCST90001871,rs10008912,G,A,0.5754, || id:ebi-a-GCST90001871,TRUE,reported,igd
6,1247,83760703,1.736e-06,0.04713,0.2264,ebi-a-GCST90001871,rs7738988,A,C,0.751, || id:ebi-a-GCST90001871,TRUE,reported,igd
7,1247,81160961,2.249e-06,0.1084,-0.5153,ebi-a-GCST90001871,rs78389375,T,C,0.0357, || id:ebi-a-GCST90001871,TRUE,reported,igd
10,1247,70782592,1.84701e-06,0.05822,0.279,ebi-a-GCST90001871,rs2246952,G,A,0.1371, || id:ebi-a-GCST90001871,TRUE,reported,igd
11,1247,7000368,4.52002e-06,0.09448,-0.4352,ebi-a-GCST90001871,rs1552721,C,G,0.0497, || id:ebi-a-GCST90001871,TRUE,reported,igd
11,1247,107761682,1.73101e-07,0.256,-1.345,ebi-a-GCST90001871,rs11212429,T,C,0.0064, || id:ebi-a-GCST90001871,TRUE,reported,igd
11,1247,107699559,3.30202e-06,0.2918,-1.363,ebi-a-GCST90001871,rs12284339,A,G,0.0048, || id:ebi-a-GCST90001871,TRUE,reported,igd
13,1247,24033981,4.45102e-06,0.06242,0.2877,ebi-a-GCST90001871,rs73449242,T,C,0.1239, || id:ebi-a-GCST90001871,TRUE,reported,igd
17,1247,32645949,1.42298e-06,0.04403,0.2134,ebi-a-GCST90001871,rs3138035,T,C,0.2979, || id:ebi-a-GCST90001871,TRUE,reported,igd
18,1247,1705002,3.80198e-06,0.1189,-0.5518,ebi-a-GCST90001871,rs79388518,C,T,0.0329, || id:ebi-a-GCST90001871,TRUE,reported,igd
19,1247,47298263,2.35603e-06,0.04776,0.2265,ebi-a-GCST90001871,rs313856,C,T,0.7522, || id:ebi-a-GCST90001871,TRUE,reported,igd
