samplesize.exposure,pos.exposure,beta.exposure,chr.exposure,pval.exposure,se.exposure,id.exposure,SNP,effect_allele.exposure,other_allele.exposure,eaf.exposure,exposure,mr_keep.exposure,pval_origin.exposure,data_source.exposure
1838,161479745,-0.3112,1,1.06292e-20,0.03296,ebi-a-GCST90001799,rs1801274,G,A,0.3166, || id:ebi-a-GCST90001799,TRUE,reported,igd
1838,32533246,0.3669,3,9.5971e-08,0.06851,ebi-a-GCST90001799,rs35574803,C,T,0.0566, || id:ebi-a-GCST90001799,TRUE,reported,igd
1838,38807887,0.3593,6,4.43997e-06,0.07805,ebi-a-GCST90001799,rs62396405,G,A,0.0433, || id:ebi-a-GCST90001799,TRUE,reported,igd
1838,132142740,0.3983,9,8.37799e-07,0.08057,ebi-a-GCST90001799,rs111986434,A,G,0.0411, || id:ebi-a-GCST90001799,TRUE,reported,igd
1838,52916173,-0.1474,10,4.78101e-06,0.03213,ebi-a-GCST90001799,rs7893773,T,C,0.556, || id:ebi-a-GCST90001799,TRUE,reported,igd
1838,66846516,0.434,10,3.24997e-06,0.09296,ebi-a-GCST90001799,rs10996192,A,C,0.0299, || id:ebi-a-GCST90001799,TRUE,reported,igd
1838,131356267,0.1651,11,4.47095e-06,0.03589,ebi-a-GCST90001799,rs4937631,A,G,0.7369, || id:ebi-a-GCST90001799,TRUE,reported,igd
1838,124564198,1.289,12,3.24698e-07,0.2514,ebi-a-GCST90001799,rs184776859,A,G,0.0041, || id:ebi-a-GCST90001799,TRUE,reported,igd
1838,45593682,0.4051,12,5.25303e-07,0.08047,ebi-a-GCST90001799,rs10785556,A,G,0.0394, || id:ebi-a-GCST90001799,TRUE,reported,igd
1838,108846787,0.1754,13,4.96101e-06,0.03829,ebi-a-GCST90001799,rs9520817,G,A,0.7709, || id:ebi-a-GCST90001799,TRUE,reported,igd
1838,33793953,0.1531,18,2.30298e-06,0.03229,ebi-a-GCST90001799,rs2848587,C,A,0.4181, || id:ebi-a-GCST90001799,TRUE,reported,igd
