beta.exposure,samplesize.exposure,pos.exposure,pval.exposure,chr.exposure,se.exposure,id.exposure,SNP,effect_allele.exposure,other_allele.exposure,eaf.exposure,exposure,mr_keep.exposure,pval_origin.exposure,data_source.exposure
0.189,1858,161185058,2.37001e-07,1,0.03644,ebi-a-GCST90001529,rs2070901,T,G,0.2871, || id:ebi-a-GCST90001529,TRUE,reported,igd
0.2119,1858,223074399,4.19498e-06,2,0.0459,ebi-a-GCST90001529,rs59277927,A,C,0.1512, || id:ebi-a-GCST90001529,TRUE,reported,igd
0.1999,1858,60042425,2.49701e-06,3,0.04232,ebi-a-GCST90001529,rs2630166,G,C,0.8089, || id:ebi-a-GCST90001529,TRUE,reported,igd
0.4988,1858,90493819,1.54099e-06,4,0.1035,ebi-a-GCST90001529,rs114469087,A,T,0.0285, || id:ebi-a-GCST90001529,TRUE,reported,igd
-0.1528,1858,52249612,4.72705e-06,5,0.03328,ebi-a-GCST90001529,rs1047483,T,A,0.5579, || id:ebi-a-GCST90001529,TRUE,reported,igd
1.74,1858,132711992,3.10499e-06,10,0.3719,ebi-a-GCST90001529,rs72845259,A,G,0.0019, || id:ebi-a-GCST90001529,TRUE,reported,igd
0.3401,1858,122458787,1.08101e-06,11,0.06951,ebi-a-GCST90001529,rs11218704,G,A,0.0584, || id:ebi-a-GCST90001529,TRUE,reported,igd
0.2036,1858,74096868,4.55701e-07,12,0.04022,ebi-a-GCST90001529,rs1899009,G,A,0.2182, || id:ebi-a-GCST90001529,TRUE,reported,igd
0.1792,1858,52138563,1.009e-07,19,0.03351,ebi-a-GCST90001529,rs10419309,G,A,0.5, || id:ebi-a-GCST90001529,TRUE,reported,igd
