chr.exposure,se.exposure,pos.exposure,pval.exposure,beta.exposure,samplesize.exposure,id.exposure,SNP,effect_allele.exposure,other_allele.exposure,eaf.exposure,exposure,mr_keep.exposure,pval_origin.exposure,data_source.exposure
5,0.02216,10837029,3.38704e-06,-0.1031,3595,ebi-a-GCST90001625,rs10052603,G,A,0.5772, || id:ebi-a-GCST90001625,TRUE,reported,igd
6,0.02563,66862504,3.26302e-06,-0.1195,3595,ebi-a-GCST90001625,rs1832967,A,C,0.2878, || id:ebi-a-GCST90001625,TRUE,reported,igd
6,0.02613,32582577,1.28e-06,0.1268,3595,ebi-a-GCST90001625,rs3104415,C,A,0.3819, || id:ebi-a-GCST90001625,TRUE,reported,igd
9,0.03045,130974142,4.51596e-06,-0.1399,3595,ebi-a-GCST90001625,rs79563199,A,C,0.1449, || id:ebi-a-GCST90001625,TRUE,reported,igd
9,0.02281,117645562,1.54999e-07,-0.1199,3595,ebi-a-GCST90001625,rs7032773,T,C,0.4182, || id:ebi-a-GCST90001625,TRUE,reported,igd
10,0.03748,3066899,4.13599e-06,-0.1728,3595,ebi-a-GCST90001625,rs7088079,A,G,0.0892, || id:ebi-a-GCST90001625,TRUE,reported,igd
12,0.02265,14354060,1.05e-06,0.1108,3595,ebi-a-GCST90001625,rs7972178,T,G,0.6476, || id:ebi-a-GCST90001625,TRUE,reported,igd
16,0.02511,10986596,4.5196e-32,-0.2989,3595,ebi-a-GCST90001625,rs11641185,T,C,0.7744, || id:ebi-a-GCST90001625,TRUE,reported,igd
19,0.02341,39400504,2.434e-06,-0.1105,3595,ebi-a-GCST90001625,rs12609975,G,A,0.7039, || id:ebi-a-GCST90001625,TRUE,reported,igd
20,0.02228,58624500,2.49098e-06,-0.1051,3595,ebi-a-GCST90001625,rs6071096,C,T,0.6328, || id:ebi-a-GCST90001625,TRUE,reported,igd
22,0.119,48226137,2.67898e-06,-0.5593,3595,ebi-a-GCST90001625,rs149004280,T,C,0.0079, || id:ebi-a-GCST90001625,TRUE,reported,igd
