samplesize.exposure,chr.exposure,beta.exposure,pos.exposure,pval.exposure,se.exposure,id.exposure,SNP,effect_allele.exposure,other_allele.exposure,eaf.exposure,exposure,mr_keep.exposure,pval_origin.exposure,data_source.exposure
3656,5,-0.479,135756457,3.26701e-06,0.1028,ebi-a-GCST90001437,rs115204570,T,G,0.0161, || id:ebi-a-GCST90001437,TRUE,reported,igd
3656,5,-0.2266,158285953,8.38591e-07,0.04592,ebi-a-GCST90001437,rs17056318,C,T,0.081, || id:ebi-a-GCST90001437,TRUE,reported,igd
3656,7,0.1611,67653879,2.82703e-06,0.03434,ebi-a-GCST90001437,rs35607968,T,C,0.1536, || id:ebi-a-GCST90001437,TRUE,reported,igd
3656,7,0.4648,108191234,4.93799e-06,0.1016,ebi-a-GCST90001437,rs140197720,T,C,0.0153, || id:ebi-a-GCST90001437,TRUE,reported,igd
3656,8,-0.1504,130617819,6.15106e-08,0.02772,ebi-a-GCST90001437,rs2395904,G,T,0.2657, || id:ebi-a-GCST90001437,TRUE,reported,igd
3656,8,0.3348,75515052,2.50098e-07,0.06479,ebi-a-GCST90001437,rs533239981,C,G,0.0387, || id:ebi-a-GCST90001437,TRUE,reported,igd
3656,8,0.1509,35485504,1.84599e-06,0.0316,ebi-a-GCST90001437,rs2978582,C,T,0.1969, || id:ebi-a-GCST90001437,TRUE,reported,igd
3656,10,0.3341,97801073,4.39097e-06,0.07265,ebi-a-GCST90001437,rs74151247,A,C,0.0302, || id:ebi-a-GCST90001437,TRUE,reported,igd
3656,12,-0.3176,25018659,1.679e-06,0.06621,ebi-a-GCST90001437,rs74397782,A,G,0.0343, || id:ebi-a-GCST90001437,TRUE,reported,igd
3656,12,0.2756,107821321,1.42498e-06,0.05706,ebi-a-GCST90001437,rs78433555,A,C,0.0501, || id:ebi-a-GCST90001437,TRUE,reported,igd
3656,14,-0.2342,65713895,3.92202e-06,0.05066,ebi-a-GCST90001437,rs116844769,A,G,0.0662, || id:ebi-a-GCST90001437,TRUE,reported,igd
3656,14,0.3445,103229069,1.46299e-06,0.07141,ebi-a-GCST90001437,rs112850074,G,A,0.031, || id:ebi-a-GCST90001437,TRUE,reported,igd
3656,19,-0.1599,33468482,1.41501e-06,0.03309,ebi-a-GCST90001437,rs4805840,G,A,0.823, || id:ebi-a-GCST90001437,TRUE,reported,igd
