se.exposure,beta.exposure,samplesize.exposure,pos.exposure,chr.exposure,pval.exposure,id.exposure,SNP,effect_allele.exposure,other_allele.exposure,eaf.exposure,exposure,mr_keep.exposure,pval_origin.exposure,data_source.exposure
0.05193,0.2428,1580,24698029,1,3.176e-06,ebi-a-GCST90002053,rs7533281,T,C,0.1557, || id:ebi-a-GCST90002053,TRUE,reported,igd
0.06628,0.3586,1580,61134076,1,7.24102e-08,ebi-a-GCST90002053,rs72677097,G,A,0.0861, || id:ebi-a-GCST90002053,TRUE,reported,igd
0.04542,0.2113,1580,29787554,5,3.57199e-06,ebi-a-GCST90002053,rs2330139,G,A,0.1972, || id:ebi-a-GCST90002053,TRUE,reported,igd
0.1357,0.6465,1580,26499129,5,2.06101e-06,ebi-a-GCST90002053,rs114094080,A,C,0.0222, || id:ebi-a-GCST90002053,TRUE,reported,igd
0.03629,0.1733,1580,1329138,7,1.97301e-06,ebi-a-GCST90002053,rs73264490,A,G,0.4551, || id:ebi-a-GCST90002053,TRUE,reported,igd
0.08404,-0.3912,1580,62711027,11,3.50397e-06,ebi-a-GCST90002053,rs139335095,T,C,0.0506, || id:ebi-a-GCST90002053,TRUE,reported,igd
0.06201,-0.2993,1580,85802779,11,1.521e-06,ebi-a-GCST90002053,rs61907325,T,C,0.0975, || id:ebi-a-GCST90002053,TRUE,reported,igd
0.03881,-0.1848,1580,1831355,12,2.09402e-06,ebi-a-GCST90002053,rs11612383,A,G,0.3367, || id:ebi-a-GCST90002053,TRUE,reported,igd
0.1149,-0.5575,1580,66283602,18,1.33801e-06,ebi-a-GCST90002053,rs12970861,A,G,0.0259, || id:ebi-a-GCST90002053,TRUE,reported,igd
0.4531,-2.088,1580,49965537,19,4.38601e-06,ebi-a-GCST90002053,rs147597282,A,G,0.0016, || id:ebi-a-GCST90002053,TRUE,reported,igd
