pos.exposure,chr.exposure,se.exposure,pval.exposure,beta.exposure,samplesize.exposure,id.exposure,SNP,effect_allele.exposure,other_allele.exposure,eaf.exposure,exposure,mr_keep.exposure,pval_origin.exposure,data_source.exposure
247244688,1,0.03883,3.74602e-06,0.1798,3651,ebi-a-GCST90001807,rs112481165,A,G,0.1078, || id:ebi-a-GCST90001807,TRUE,reported,igd
161478859,1,0.02581,9.69304e-09,-0.1484,3651,ebi-a-GCST90001807,rs4657041,C,T,0.3347, || id:ebi-a-GCST90001807,TRUE,reported,igd
234267536,1,0.02407,1.90999e-06,-0.1148,3651,ebi-a-GCST90001807,rs10910352,A,G,0.463, || id:ebi-a-GCST90001807,TRUE,reported,igd
175917268,4,0.02868,1.23001e-06,0.1394,3651,ebi-a-GCST90001807,rs34020577,A,T,0.2365, || id:ebi-a-GCST90001807,TRUE,reported,igd
15915069,4,0.08832,1.42899e-06,0.4265,3651,ebi-a-GCST90001807,rs76112278,A,G,0.0193, || id:ebi-a-GCST90001807,TRUE,reported,igd
12580949,8,0.03176,3.09599e-06,0.1484,3651,ebi-a-GCST90001807,rs73202627,C,T,0.1753, || id:ebi-a-GCST90001807,TRUE,reported,igd
55344683,12,0.04054,5.26805e-08,-0.2211,3651,ebi-a-GCST90001807,rs960984,T,C,0.1019, || id:ebi-a-GCST90001807,TRUE,reported,igd
87016628,16,0.03724,1.242e-06,-0.1809,3651,ebi-a-GCST90001807,rs8059711,C,G,0.8787, || id:ebi-a-GCST90001807,TRUE,reported,igd
57072098,20,0.02777,2.07401e-06,0.132,3651,ebi-a-GCST90001807,rs1077349,A,G,0.736, || id:ebi-a-GCST90001807,TRUE,reported,igd
