samplesize.exposure,se.exposure,chr.exposure,pos.exposure,beta.exposure,pval.exposure,id.exposure,SNP,effect_allele.exposure,other_allele.exposure,eaf.exposure,exposure,mr_keep.exposure,pval_origin.exposure,data_source.exposure
3656,0.02666,1,6307255,-0.1228,4.23497e-06,ebi-a-GCST90001732,rs6577565,C,T,0.6823, || id:ebi-a-GCST90001732,TRUE,reported,igd
3656,0.03114,2,48878727,0.1482,2.00198e-06,ebi-a-GCST90001732,rs1524155,A,T,0.8079, || id:ebi-a-GCST90001732,TRUE,reported,igd
3656,0.02609,2,223088415,0.1193,4.96604e-06,ebi-a-GCST90001732,rs7608595,C,T,0.6675, || id:ebi-a-GCST90001732,TRUE,reported,igd
3656,0.07346,3,1066077,0.3581,1.13799e-06,ebi-a-GCST90001732,rs34205222,A,G,0.0279, || id:ebi-a-GCST90001732,TRUE,reported,igd
3656,0.1285,3,60405606,0.6101,2.13801e-06,ebi-a-GCST90001732,rs242172,G,T,0.0093, || id:ebi-a-GCST90001732,TRUE,reported,igd
3656,0.08576,4,173244216,0.414,1.43599e-06,ebi-a-GCST90001732,rs115952864,A,G,0.0208, || id:ebi-a-GCST90001732,TRUE,reported,igd
3656,0.05837,4,2746567,0.2691,4.17503e-06,ebi-a-GCST90001732,rs116412781,T,C,0.0475, || id:ebi-a-GCST90001732,TRUE,reported,igd
3656,0.05347,4,163336202,0.2567,1.639e-06,ebi-a-GCST90001732,rs144574165,T,C,0.0581, || id:ebi-a-GCST90001732,TRUE,reported,igd
3656,0.04284,8,69895735,0.1981,3.91399e-06,ebi-a-GCST90001732,rs75663256,A,C,0.0896, || id:ebi-a-GCST90001732,TRUE,reported,igd
3656,0.02466,9,95896099,-0.1158,2.73099e-06,ebi-a-GCST90001732,rs10821075,A,G,0.4393, || id:ebi-a-GCST90001732,TRUE,reported,igd
3656,0.1926,11,18601510,0.8987,3.18398e-06,ebi-a-GCST90001732,rs61884722,C,T,0.0041, || id:ebi-a-GCST90001732,TRUE,reported,igd
3656,0.2187,16,32422808,-1.105,4.53503e-07,ebi-a-GCST90001732,rs138920008,C,G,0.0041, || id:ebi-a-GCST90001732,TRUE,reported,igd
3656,0.02626,18,60850310,-0.137,1.923e-07,ebi-a-GCST90001732,rs12968867,A,G,0.6744, || id:ebi-a-GCST90001732,TRUE,reported,igd
3656,0.06279,22,43167446,-0.2905,3.84804e-06,ebi-a-GCST90001732,rs113612962,C,G,0.0402, || id:ebi-a-GCST90001732,TRUE,reported,igd
