pval.exposure,pos.exposure,samplesize.exposure,chr.exposure,beta.exposure,se.exposure,id.exposure,SNP,effect_allele.exposure,other_allele.exposure,eaf.exposure,exposure,mr_keep.exposure,pval_origin.exposure,data_source.exposure
4.31599e-07,35143865,1858,2,1.355,0.2671,ebi-a-GCST90001521,rs187359230,A,G,0.0038, || id:ebi-a-GCST90001521,TRUE,reported,igd
2.08901e-07,43688496,1858,2,0.1782,0.03421,ebi-a-GCST90001521,rs6544660,T,C,0.4451, || id:ebi-a-GCST90001521,TRUE,reported,igd
2.17601e-06,236068499,1858,2,-0.4851,0.1021,ebi-a-GCST90001521,rs76092047,C,T,0.0277, || id:ebi-a-GCST90001521,TRUE,reported,igd
1.54999e-06,41352496,1858,3,1.621,0.3364,ebi-a-GCST90001521,rs182987179,G,T,0.0024, || id:ebi-a-GCST90001521,TRUE,reported,igd
1.02901e-06,163124522,1858,5,0.173,0.03528,ebi-a-GCST90001521,rs12655500,A,G,0.3251, || id:ebi-a-GCST90001521,TRUE,reported,igd
3.04397e-08,112408670,1858,5,1.244,0.2236,ebi-a-GCST90001521,rs111231787,T,C,0.0057, || id:ebi-a-GCST90001521,TRUE,reported,igd
5.62704e-07,162155632,1858,6,0.3264,0.06501,ebi-a-GCST90001521,rs2982905,G,T,0.0705, || id:ebi-a-GCST90001521,TRUE,reported,igd
2.01999e-06,91006227,1858,6,0.1629,0.03418,ebi-a-GCST90001521,rs1504215,A,G,0.4249, || id:ebi-a-GCST90001521,TRUE,reported,igd
3.91904e-06,108801624,1858,7,-0.2597,0.0561,ebi-a-GCST90001521,rs6951925,T,G,0.9058, || id:ebi-a-GCST90001521,TRUE,reported,igd
1.98198e-06,5338183,1858,8,1.402,0.294,ebi-a-GCST90001521,rs138834110,A,T,0.0032, || id:ebi-a-GCST90001521,TRUE,reported,igd
9.81703e-07,17952241,1858,9,-0.1645,0.03348,ebi-a-GCST90001521,rs2811828,C,T,0.4467, || id:ebi-a-GCST90001521,TRUE,reported,igd
2.064e-06,72634959,1858,14,-0.8814,0.1851,ebi-a-GCST90001521,rs72719861,A,G,0.0086, || id:ebi-a-GCST90001521,TRUE,reported,igd
2.78702e-06,81880726,1858,16,0.1857,0.03951,ebi-a-GCST90001521,rs12933012,G,C,0.2317, || id:ebi-a-GCST90001521,TRUE,reported,igd
2.13201e-06,13088666,1858,18,0.6437,0.1354,ebi-a-GCST90001521,rs117734358,T,C,0.0156, || id:ebi-a-GCST90001521,TRUE,reported,igd
4.917e-06,28098310,1858,19,-0.7418,0.1619,ebi-a-GCST90001521,rs73030477,A,G,0.014, || id:ebi-a-GCST90001521,TRUE,reported,igd
