pos.exposure,beta.exposure,pval.exposure,chr.exposure,samplesize.exposure,se.exposure,id.exposure,SNP,effect_allele.exposure,other_allele.exposure,eaf.exposure,exposure,mr_keep.exposure,pval_origin.exposure,data_source.exposure
34491589,-0.2457,2.38199e-06,2,3658,0.05199,ebi-a-GCST90001444,rs75839951,G,T,0.0585, || id:ebi-a-GCST90001444,TRUE,reported,igd
113092883,0.6295,1.88599e-06,4,3658,0.1319,ebi-a-GCST90001444,rs182720746,T,C,0.0089, || id:ebi-a-GCST90001444,TRUE,reported,igd
173070505,-0.1476,3.12299e-07,5,3658,0.02879,ebi-a-GCST90001444,rs2339996,A,G,0.7802, || id:ebi-a-GCST90001444,TRUE,reported,igd
32509333,0.2022,1.21899e-06,6,3658,0.0416,ebi-a-GCST90001444,rs72492305,T,C,0.6662, || id:ebi-a-GCST90001444,TRUE,reported,igd
19948908,0.2924,2.20999e-06,9,3658,0.06168,ebi-a-GCST90001444,rs118073973,A,T,0.0402, || id:ebi-a-GCST90001444,TRUE,reported,igd
17048435,-0.1443,4.19402e-06,10,3658,0.03132,ebi-a-GCST90001444,rs55767134,C,G,0.1837, || id:ebi-a-GCST90001444,TRUE,reported,igd
123385425,0.1512,8.46292e-08,11,3658,0.02817,ebi-a-GCST90001444,rs34666228,T,G,0.2346, || id:ebi-a-GCST90001444,TRUE,reported,igd
82233392,-1.031,3.84698e-06,12,3658,0.2228,ebi-a-GCST90001444,rs78301150,A,G,0.0033, || id:ebi-a-GCST90001444,TRUE,reported,igd
31993501,-0.7613,4.02096e-07,14,3658,0.1499,ebi-a-GCST90001444,rs117308259,C,T,0.0066, || id:ebi-a-GCST90001444,TRUE,reported,igd
52971060,0.3075,8.46292e-07,17,3658,0.06234,ebi-a-GCST90001444,rs16955339,T,G,0.0377, || id:ebi-a-GCST90001444,TRUE,reported,igd
34838106,-0.2605,3.92103e-06,18,3658,0.05636,ebi-a-GCST90001444,rs77510701,A,C,0.0484, || id:ebi-a-GCST90001444,TRUE,reported,igd
53396009,-0.2259,2.07501e-06,19,3658,0.04752,ebi-a-GCST90001444,rs80339814,C,T,0.0794, || id:ebi-a-GCST90001444,TRUE,reported,igd
46576714,-0.1164,2.60699e-06,20,3658,0.02472,ebi-a-GCST90001444,rs6125184,A,G,0.5914, || id:ebi-a-GCST90001444,TRUE,reported,igd
765164,0.1556,3.19198e-06,20,3658,0.03334,ebi-a-GCST90001444,rs36071180,A,G,0.1597, || id:ebi-a-GCST90001444,TRUE,reported,igd
