samplesize.exposure,se.exposure,beta.exposure,pval.exposure,pos.exposure,chr.exposure,id.exposure,SNP,effect_allele.exposure,other_allele.exposure,eaf.exposure,exposure,mr_keep.exposure,pval_origin.exposure,data_source.exposure
3629,0.2683,-1.305,1.185e-06,110012633,1,ebi-a-GCST90001583,rs115451299,C,T,0.0018, || id:ebi-a-GCST90001583,TRUE,reported,igd
3629,0.06381,0.3032,2.08901e-06,92925654,1,ebi-a-GCST90001583,rs150649461,C,G,0.0459, || id:ebi-a-GCST90001583,TRUE,reported,igd
3629,0.03176,0.1482,3.16301e-06,198164530,2,ebi-a-GCST90001583,rs1896857,G,A,0.1736, || id:ebi-a-GCST90001583,TRUE,reported,igd
3629,0.02481,0.127,3.264e-07,182323766,2,ebi-a-GCST90001583,rs1375493,A,G,0.3781, || id:ebi-a-GCST90001583,TRUE,reported,igd
3629,0.5658,-2.819,6.57295e-07,58124445,4,ebi-a-GCST90001583,rs189962728,C,T,4e-04, || id:ebi-a-GCST90001583,TRUE,reported,igd
3629,0.03309,0.1693,3.29397e-07,190199873,4,ebi-a-GCST90001583,rs13121143,C,T,0.1536, || id:ebi-a-GCST90001583,TRUE,reported,igd
3629,0.03191,0.1594,6.17007e-07,92510918,4,ebi-a-GCST90001583,rs12501003,G,A,0.1674, || id:ebi-a-GCST90001583,TRUE,reported,igd
3629,0.03005,-0.1523,4.25402e-07,92408370,7,ebi-a-GCST90001583,rs445,T,C,0.1941, || id:ebi-a-GCST90001583,TRUE,reported,igd
3629,0.07238,-0.332,4.65104e-06,65604757,7,ebi-a-GCST90001583,rs145530955,T,C,0.0285, || id:ebi-a-GCST90001583,TRUE,reported,igd
3629,0.02947,0.1356,4.35502e-06,35423859,7,ebi-a-GCST90001583,rs2541899,T,C,0.8002, || id:ebi-a-GCST90001583,TRUE,reported,igd
3629,0.07803,0.362,3.62502e-06,49196586,8,ebi-a-GCST90001583,rs78805826,A,T,0.0263, || id:ebi-a-GCST90001583,TRUE,reported,igd
3629,0.04488,-0.2237,6.485e-07,135163467,8,ebi-a-GCST90001583,rs75791731,T,G,0.0778, || id:ebi-a-GCST90001583,TRUE,reported,igd
3629,0.0244,-0.1378,1.76799e-08,113902881,9,ebi-a-GCST90001583,rs12346499,T,C,0.5233, || id:ebi-a-GCST90001583,TRUE,reported,igd
3629,0.02965,0.1409,2.1e-06,131900390,12,ebi-a-GCST90001583,rs11061521,A,C,0.1962, || id:ebi-a-GCST90001583,TRUE,reported,igd
3629,0.05573,0.2687,1.47999e-06,28964708,13,ebi-a-GCST90001583,rs116981568,T,C,0.0477, || id:ebi-a-GCST90001583,TRUE,reported,igd
3629,0.2946,1.359,4.08997e-06,98059388,14,ebi-a-GCST90001583,rs142584082,G,A,0.0015, || id:ebi-a-GCST90001583,TRUE,reported,igd
3629,0.02416,-0.1189,8.9121e-07,1015996,17,ebi-a-GCST90001583,rs2120231,G,T,0.5141, || id:ebi-a-GCST90001583,TRUE,reported,igd
