se.exposure,samplesize.exposure,chr.exposure,pval.exposure,beta.exposure,pos.exposure,id.exposure,SNP,effect_allele.exposure,other_allele.exposure,eaf.exposure,exposure,mr_keep.exposure,pval_origin.exposure,data_source.exposure
0.2876,3642,1,4.09298e-06,1.327,168838486,ebi-a-GCST90001822,rs80179084,T,G,0.0021, || id:ebi-a-GCST90001822,TRUE,reported,igd
0.02946,3642,4,9.73307e-07,0.1445,179196108,ebi-a-GCST90001822,rs75131268,A,G,0.2408, || id:ebi-a-GCST90001822,TRUE,reported,igd
0.03469,3642,6,7.19996e-08,-0.1872,32654149,ebi-a-GCST90001822,rs3134971,C,A,0.2608, || id:ebi-a-GCST90001822,TRUE,reported,igd
0.03049,3642,6,1.23101e-06,-0.1481,32714143,ebi-a-GCST90001822,rs2071800,A,G,0.2926, || id:ebi-a-GCST90001822,TRUE,reported,igd
0.02586,3642,9,6.17903e-07,-0.1292,37002142,ebi-a-GCST90001822,rs12554596,G,A,0.3895, || id:ebi-a-GCST90001822,TRUE,reported,igd
0.02993,3642,11,7.10493e-07,-0.1486,34213286,ebi-a-GCST90001822,rs2473909,G,C,0.2184, || id:ebi-a-GCST90001822,TRUE,reported,igd
0.09023,3642,13,1.99301e-06,-0.4297,50212885,ebi-a-GCST90001822,rs73192651,T,C,0.0196, || id:ebi-a-GCST90001822,TRUE,reported,igd
0.03076,3642,14,4.99804e-58,-0.5029,106306841,ebi-a-GCST90001822,rs709589,T,C,0.4558, || id:ebi-a-GCST90001822,TRUE,reported,igd
0.07346,3642,14,2.524e-06,0.3463,106644507,ebi-a-GCST90001822,rs28723652,A,C,0.0442, || id:ebi-a-GCST90001822,TRUE,reported,igd
0.03068,3642,15,3.76799e-06,-0.1421,38002606,ebi-a-GCST90001822,rs7162750,T,G,0.2087, || id:ebi-a-GCST90001822,TRUE,reported,igd
0.02498,3642,15,1.191e-06,0.1215,41038693,ebi-a-GCST90001822,rs8033829,T,C,0.5319, || id:ebi-a-GCST90001822,TRUE,reported,igd
0.1338,3642,15,3.90904e-06,0.6186,40119703,ebi-a-GCST90001822,rs183915,G,A,0.9911, || id:ebi-a-GCST90001822,TRUE,reported,igd
0.03336,3642,16,4.32703e-06,0.1535,48808506,ebi-a-GCST90001822,rs9923814,C,T,0.1657, || id:ebi-a-GCST90001822,TRUE,reported,igd
0.03254,3642,20,1.72001e-06,-0.1559,51360154,ebi-a-GCST90001822,rs17733969,T,C,0.1822, || id:ebi-a-GCST90001822,TRUE,reported,igd
0.02594,3642,22,4.93197e-06,-0.1187,44323074,ebi-a-GCST90001822,rs139047,A,G,0.3587, || id:ebi-a-GCST90001822,TRUE,reported,igd
