pos.exposure,pval.exposure,beta.exposure,samplesize.exposure,se.exposure,chr.exposure,id.exposure,SNP,effect_allele.exposure,other_allele.exposure,eaf.exposure,exposure,mr_keep.exposure,pval_origin.exposure,data_source.exposure
206902437,1.87202e-07,0.4679,3645,0.0896,1,ebi-a-GCST90001726,rs55712453,G,A,0.0202, || id:ebi-a-GCST90001726,TRUE,reported,igd
47996882,3.92103e-06,0.1303,3645,0.02818,1,ebi-a-GCST90001726,rs34762764,T,C,0.2642, || id:ebi-a-GCST90001726,TRUE,reported,igd
207276336,3.33903e-06,0.426,3645,0.0915,1,ebi-a-GCST90001726,rs113812519,G,A,0.0185, || id:ebi-a-GCST90001726,TRUE,reported,igd
205241642,9.3261e-07,0.251,3645,0.05108,1,ebi-a-GCST90001726,rs79856590,A,G,0.0609, || id:ebi-a-GCST90001726,TRUE,reported,igd
68968349,4.70002e-06,-0.2298,3645,0.05013,4,ebi-a-GCST90001726,rs11733521,T,C,0.0645, || id:ebi-a-GCST90001726,TRUE,reported,igd
170699036,1.65901e-06,-1.275,3645,0.2657,4,ebi-a-GCST90001726,rs115727814,A,G,0.0021, || id:ebi-a-GCST90001726,TRUE,reported,igd
141805137,3.52501e-06,-0.2485,3645,0.05349,8,ebi-a-GCST90001726,rs62524107,C,T,0.0527, || id:ebi-a-GCST90001726,TRUE,reported,igd
37002142,1.82201e-07,-0.1325,3645,0.02534,9,ebi-a-GCST90001726,rs12554596,G,A,0.3892, || id:ebi-a-GCST90001726,TRUE,reported,igd
89640021,1.86599e-06,0.429,3645,0.08985,10,ebi-a-GCST90001726,rs112802874,G,T,0.0207, || id:ebi-a-GCST90001726,TRUE,reported,igd
97702226,2.41702e-06,0.4784,3645,0.1013,14,ebi-a-GCST90001726,rs117004076,G,A,0.0147, || id:ebi-a-GCST90001726,TRUE,reported,igd
21168467,3.01502e-06,0.4192,3645,0.08962,16,ebi-a-GCST90001726,rs78044532,T,C,0.0188, || id:ebi-a-GCST90001726,TRUE,reported,igd
2406183,4.63404e-06,0.2451,3645,0.05343,16,ebi-a-GCST90001726,rs118099810,T,C,0.0572, || id:ebi-a-GCST90001726,TRUE,reported,igd
71378301,1.265e-06,0.1555,3645,0.03203,16,ebi-a-GCST90001726,rs2356414,T,C,0.8106, || id:ebi-a-GCST90001726,TRUE,reported,igd
52235616,4.89396e-06,0.2658,3645,0.05809,19,ebi-a-GCST90001726,rs73056862,T,C,0.0462, || id:ebi-a-GCST90001726,TRUE,reported,igd
