chr.exposure,pos.exposure,samplesize.exposure,se.exposure,beta.exposure,pval.exposure,id.exposure,SNP,effect_allele.exposure,other_allele.exposure,eaf.exposure,exposure,mr_keep.exposure,pval_origin.exposure,data_source.exposure
1,8009985,3657,0.08737,-0.4552,1.99402e-07,ebi-a-GCST90001411,rs75766272,T,C,0.0201, || id:ebi-a-GCST90001411,TRUE,reported,igd
6,32553200,3657,0.09069,0.4368,1.52398e-06,ebi-a-GCST90001411,rs34418535,G,A,0.064, || id:ebi-a-GCST90001411,TRUE,reported,igd
6,42013868,3657,0.02675,-0.1237,3.92103e-06,ebi-a-GCST90001411,rs9369326,C,T,0.3121, || id:ebi-a-GCST90001411,TRUE,reported,igd
9,21576571,3657,0.09145,-0.4312,2.51102e-06,ebi-a-GCST90001411,rs62562996,A,G,0.0172, || id:ebi-a-GCST90001411,TRUE,reported,igd
12,2866164,3657,0.1031,-0.4808,3.23601e-06,ebi-a-GCST90001411,rs112570989,T,C,0.0149, || id:ebi-a-GCST90001411,TRUE,reported,igd
13,108993494,3657,0.027,0.1313,1.20301e-06,ebi-a-GCST90001411,rs12874404,G,A,0.3257, || id:ebi-a-GCST90001411,TRUE,reported,igd
13,51367583,3657,0.02683,-0.1353,4.79204e-07,ebi-a-GCST90001411,rs7988851,T,C,0.3266, || id:ebi-a-GCST90001411,TRUE,reported,igd
13,50147180,3657,0.08918,0.4747,1.07999e-07,ebi-a-GCST90001411,rs76477280,G,A,0.0206, || id:ebi-a-GCST90001411,TRUE,reported,igd
14,96205838,3657,0.05855,0.2816,1.567e-06,ebi-a-GCST90001411,rs77762131,C,G,0.045, || id:ebi-a-GCST90001411,TRUE,reported,igd
16,4127619,3657,0.02634,0.1207,4.73097e-06,ebi-a-GCST90001411,rs17256322,A,T,0.3234, || id:ebi-a-GCST90001411,TRUE,reported,igd
