pval.exposure,samplesize.exposure,pos.exposure,beta.exposure,chr.exposure,se.exposure,id.exposure,SNP,effect_allele.exposure,other_allele.exposure,eaf.exposure,exposure,mr_keep.exposure,pval_origin.exposure,data_source.exposure
9.53103e-08,2920,198283058,-1.598,1,0.2987,ebi-a-GCST90001928,rs541367304,A,G,0.0029, || id:ebi-a-GCST90001928,TRUE,reported,igd
9.12599e-07,2920,195873850,-0.3525,2,0.07165,ebi-a-GCST90001928,rs17822001,C,T,0.0389, || id:ebi-a-GCST90001928,TRUE,reported,igd
4.45205e-06,2920,114954389,0.2367,4,0.05148,ebi-a-GCST90001928,rs114103379,G,A,0.0764, || id:ebi-a-GCST90001928,TRUE,reported,igd
1.37401e-08,2920,174310054,0.8507,5,0.1494,ebi-a-GCST90001928,rs116423144,A,G,0.0077, || id:ebi-a-GCST90001928,TRUE,reported,igd
4.29705e-06,2920,111492432,-0.2002,6,0.04348,ebi-a-GCST90001928,rs17605660,G,A,0.1122, || id:ebi-a-GCST90001928,TRUE,reported,igd
4.469e-06,2920,43599281,0.3943,11,0.08577,ebi-a-GCST90001928,rs117293308,A,G,0.025, || id:ebi-a-GCST90001928,TRUE,reported,igd
4.98999e-06,2920,20892947,-0.2638,14,0.05768,ebi-a-GCST90001928,rs8009540,A,G,0.0567, || id:ebi-a-GCST90001928,TRUE,reported,igd
9.47807e-07,2920,24042401,1.14,15,0.232,ebi-a-GCST90001928,rs77266206,T,A,0.0036, || id:ebi-a-GCST90001928,TRUE,reported,igd
3.79699e-06,2920,50552467,0.2456,19,0.05303,ebi-a-GCST90001928,rs11670885,A,T,0.0702, || id:ebi-a-GCST90001928,TRUE,reported,igd
6.13705e-07,2920,18825905,0.3548,21,0.07099,ebi-a-GCST90001928,rs7275441,C,G,0.963, || id:ebi-a-GCST90001928,TRUE,reported,igd
