chr.exposure,se.exposure,pval.exposure,beta.exposure,samplesize.exposure,pos.exposure,id.exposure,SNP,effect_allele.exposure,other_allele.exposure,eaf.exposure,exposure,mr_keep.exposure,pval_origin.exposure,data_source.exposure
2,0.04184,3.98502e-06,0.1933,3112,40719499,ebi-a-GCST90001967,rs192378299,G,A,0.1226, || id:ebi-a-GCST90001967,TRUE,reported,igd
8,0.02787,5.365e-07,-0.14,3112,29876365,ebi-a-GCST90001967,rs309859,C,G,0.3861, || id:ebi-a-GCST90001967,TRUE,reported,igd
11,0.05796,1.546e-08,-0.3287,3112,4960640,ebi-a-GCST90001967,rs142456232,T,C,0.0572, || id:ebi-a-GCST90001967,TRUE,reported,igd
11,0.07136,2.20298e-06,-0.3384,3112,5544477,ebi-a-GCST90001967,rs78736654,G,T,0.0382, || id:ebi-a-GCST90001967,TRUE,reported,igd
11,0.05098,3.82296e-07,-0.2594,3112,5403108,ebi-a-GCST90001967,rs12364299,T,A,0.0782, || id:ebi-a-GCST90001967,TRUE,reported,igd
11,0.0323,2.97303e-07,-0.1659,3112,68878311,ebi-a-GCST90001967,rs28659991,C,A,0.2158, || id:ebi-a-GCST90001967,TRUE,reported,igd
15,0.1286,9.54004e-07,-0.6313,3112,24528125,ebi-a-GCST90001967,rs150082330,T,A,0.0114, || id:ebi-a-GCST90001967,TRUE,reported,igd
16,0.04792,4.62605e-06,0.2199,3112,84971669,ebi-a-GCST90001967,rs72801520,G,A,0.0877, || id:ebi-a-GCST90001967,TRUE,reported,igd
21,0.04226,4.67595e-06,0.1938,3112,43175027,ebi-a-GCST90001967,rs3787953,C,T,0.1168, || id:ebi-a-GCST90001967,TRUE,reported,igd
