se.exposure,pos.exposure,samplesize.exposure,pval.exposure,chr.exposure,beta.exposure,id.exposure,SNP,effect_allele.exposure,other_allele.exposure,eaf.exposure,exposure,mr_keep.exposure,pval_origin.exposure,data_source.exposure
0.02645,202946868,2920,4.50101e-06,2,0.1215,ebi-a-GCST90001902,rs9288325,C,T,0.513, || id:ebi-a-GCST90001902,TRUE,reported,igd
0.03258,204609402,2920,1.13006e-27,2,-0.3589,ebi-a-GCST90001902,rs62183989,T,C,0.1983, || id:ebi-a-GCST90001902,TRUE,reported,igd
0.1233,123701658,2920,3.09599e-06,3,-0.5763,ebi-a-GCST90001902,rs72968907,A,G,0.0113, || id:ebi-a-GCST90001902,TRUE,reported,igd
0.04703,55110241,2920,9.45802e-07,3,0.2311,ebi-a-GCST90001902,rs468118,C,T,0.0844, || id:ebi-a-GCST90001902,TRUE,reported,igd
0.02613,71667063,2920,1.52198e-06,3,-0.1259,ebi-a-GCST90001902,rs830643,A,G,0.5106, || id:ebi-a-GCST90001902,TRUE,reported,igd
0.02632,90958231,2920,2.16401e-07,6,0.1368,ebi-a-GCST90001902,rs11755527,G,C,0.5224, || id:ebi-a-GCST90001902,TRUE,reported,igd
0.05287,37144660,2920,1.012e-06,8,-0.259,ebi-a-GCST90001902,rs72639339,A,G,0.0647, || id:ebi-a-GCST90001902,TRUE,reported,igd
0.08508,100887301,2920,4.67897e-06,12,-0.3903,ebi-a-GCST90001902,rs7304328,C,T,0.0245, || id:ebi-a-GCST90001902,TRUE,reported,igd
0.304,82047636,2920,2.33502e-07,14,1.575,ebi-a-GCST90001902,rs111860462,T,C,0.0017, || id:ebi-a-GCST90001902,TRUE,reported,igd
0.0295,92878020,2920,4.95599e-06,14,0.135,ebi-a-GCST90001902,rs7143529,G,A,0.7394, || id:ebi-a-GCST90001902,TRUE,reported,igd
0.04351,96077835,2920,2.913e-06,15,0.2039,ebi-a-GCST90001902,rs72764027,A,G,0.0998, || id:ebi-a-GCST90001902,TRUE,reported,igd
