pval.exposure,beta.exposure,se.exposure,chr.exposure,pos.exposure,samplesize.exposure,id.exposure,SNP,effect_allele.exposure,other_allele.exposure,eaf.exposure,exposure,mr_keep.exposure,pval_origin.exposure,data_source.exposure
1.16899e-06,-0.1868,0.03837,2,237195419,3656,ebi-a-GCST90001412,rs7586359,G,T,0.8907, || id:ebi-a-GCST90001412,TRUE,reported,igd
3.304e-06,-0.1191,0.02557,4,156739300,3656,ebi-a-GCST90001412,rs13132141,A,G,0.6385, || id:ebi-a-GCST90001412,TRUE,reported,igd
1.508e-06,-0.3012,0.06251,5,148456360,3656,ebi-a-GCST90001412,rs147556975,T,C,0.039, || id:ebi-a-GCST90001412,TRUE,reported,igd
3.07999e-06,0.197,0.04215,5,4700587,3656,ebi-a-GCST90001412,rs4702913,C,A,0.9123, || id:ebi-a-GCST90001412,TRUE,reported,igd
2.14299e-07,0.3121,0.06005,13,108710731,3656,ebi-a-GCST90001412,rs183466766,A,G,0.0402, || id:ebi-a-GCST90001412,TRUE,reported,igd
5.22998e-07,0.3005,0.05978,13,108488351,3656,ebi-a-GCST90001412,rs139981802,C,T,0.0418, || id:ebi-a-GCST90001412,TRUE,reported,igd
1.91898e-06,1.819,0.3815,13,46224092,3656,ebi-a-GCST90001412,rs557577736,G,A,0.001, || id:ebi-a-GCST90001412,TRUE,reported,igd
1.02101e-06,0.4292,0.08767,13,70325772,3656,ebi-a-GCST90001412,rs145371905,T,G,0.0194, || id:ebi-a-GCST90001412,TRUE,reported,igd
3.926e-06,-0.1608,0.03478,13,114873368,3656,ebi-a-GCST90001412,rs9314892,G,A,0.8553, || id:ebi-a-GCST90001412,TRUE,reported,igd
5.61824e-14,0.1963,0.02601,13,108993494,3656,ebi-a-GCST90001412,rs12874404,G,A,0.3256, || id:ebi-a-GCST90001412,TRUE,reported,igd
4.05005e-07,0.4428,0.08724,13,50212885,3656,ebi-a-GCST90001412,rs73192651,T,C,0.02, || id:ebi-a-GCST90001412,TRUE,reported,igd
3.565e-06,-0.1136,0.02446,14,94936964,3656,ebi-a-GCST90001412,rs8014978,C,T,0.5737, || id:ebi-a-GCST90001412,TRUE,reported,igd
3.22404e-07,0.291,0.05685,14,96205838,3656,ebi-a-GCST90001412,rs77762131,C,G,0.045, || id:ebi-a-GCST90001412,TRUE,reported,igd
4.67897e-06,-0.1821,0.03971,16,8963501,3656,ebi-a-GCST90001412,rs880312,A,G,0.1034, || id:ebi-a-GCST90001412,TRUE,reported,igd
2.83302e-07,-0.125,0.02429,17,2716535,3656,ebi-a-GCST90001412,rs11653761,T,G,0.592, || id:ebi-a-GCST90001412,TRUE,reported,igd
1.46501e-06,-0.4122,0.08546,22,44688150,3656,ebi-a-GCST90001412,rs9614226,G,T,0.9792, || id:ebi-a-GCST90001412,TRUE,reported,igd
