beta.exposure,pval.exposure,samplesize.exposure,se.exposure,pos.exposure,chr.exposure,id.exposure,SNP,effect_allele.exposure,other_allele.exposure,eaf.exposure,exposure,mr_keep.exposure,pval_origin.exposure,data_source.exposure
0.5431,3.75198e-06,3668,0.1173,167583792,1,ebi-a-GCST90001591,rs75478218,A,G,0.0109, || id:ebi-a-GCST90001591,TRUE,reported,igd
-0.1299,1.31099e-06,3668,0.02681,212828793,2,ebi-a-GCST90001591,rs6744796,G,A,0.2854, || id:ebi-a-GCST90001591,TRUE,reported,igd
-0.5469,1.15699e-06,3668,0.1123,149887929,2,ebi-a-GCST90001591,rs114828374,G,A,0.012, || id:ebi-a-GCST90001591,TRUE,reported,igd
-0.1368,4.38299e-06,3668,0.02974,1685211,4,ebi-a-GCST90001591,rs798726,C,T,0.7814, || id:ebi-a-GCST90001591,TRUE,reported,igd
0.1665,1.348e-06,3668,0.0344,31328612,6,ebi-a-GCST90001591,rs9266287,G,A,0.3092, || id:ebi-a-GCST90001591,TRUE,reported,igd
-0.3507,1.10701e-06,3668,0.07187,102272234,6,ebi-a-GCST90001591,rs13210358,T,C,0.0315, || id:ebi-a-GCST90001591,TRUE,reported,igd
-0.1388,3.23899e-06,3668,0.02977,30466596,6,ebi-a-GCST90001591,rs2516660,A,G,0.4903, || id:ebi-a-GCST90001591,TRUE,reported,igd
-0.2316,3.54797e-06,3668,0.04988,132484052,7,ebi-a-GCST90001591,rs56009006,T,C,0.0667, || id:ebi-a-GCST90001591,TRUE,reported,igd
0.1237,1.126e-06,3668,0.02537,90271135,10,ebi-a-GCST90001591,rs2576166,G,C,0.5532, || id:ebi-a-GCST90001591,TRUE,reported,igd
1.04,4.57699e-06,3668,0.2266,68353355,17,ebi-a-GCST90001591,rs3914424,A,G,0.0026, || id:ebi-a-GCST90001591,TRUE,reported,igd
0.1252,3.23303e-06,3668,0.02684,74602286,17,ebi-a-GCST90001591,rs2590261,T,C,0.2902, || id:ebi-a-GCST90001591,TRUE,reported,igd
-0.1197,1.032e-06,3668,0.02447,33775713,17,ebi-a-GCST90001591,rs11869223,G,C,0.4388, || id:ebi-a-GCST90001591,TRUE,reported,igd
