beta.exposure,pos.exposure,se.exposure,chr.exposure,pval.exposure,samplesize.exposure,id.exposure,SNP,effect_allele.exposure,other_allele.exposure,eaf.exposure,exposure,mr_keep.exposure,pval_origin.exposure,data_source.exposure
-0.4047,11620068,0.08262,1,1.009e-06,3658,ebi-a-GCST90001419,rs529500582,A,G,0.0254, || id:ebi-a-GCST90001419,TRUE,reported,igd
-0.9447,242186219,0.1934,1,1.07999e-06,3658,ebi-a-GCST90001419,rs187723151,A,G,0.004, || id:ebi-a-GCST90001419,TRUE,reported,igd
0.1401,154090291,0.02947,3,2.07998e-06,3658,ebi-a-GCST90001419,rs58352426,A,G,0.2246, || id:ebi-a-GCST90001419,TRUE,reported,igd
0.2993,93014071,0.06479,5,3.971e-06,3658,ebi-a-GCST90001419,rs316122,C,G,0.0372, || id:ebi-a-GCST90001419,TRUE,reported,igd
0.1364,32572202,0.02871,6,2.10499e-06,3658,ebi-a-GCST90001419,rs9270911,T,C,0.6083, || id:ebi-a-GCST90001419,TRUE,reported,igd
-0.2663,17687837,0.0544,11,1.02901e-06,3658,ebi-a-GCST90001419,rs118084343,G,A,0.0547, || id:ebi-a-GCST90001419,TRUE,reported,igd
-0.1233,39319915,0.02622,15,2.67399e-06,3658,ebi-a-GCST90001419,rs4244568,G,T,0.3414, || id:ebi-a-GCST90001419,TRUE,reported,igd
-1.694,80306120,0.3528,15,1.639e-06,3658,ebi-a-GCST90001419,rs140134875,A,C,0.0011, || id:ebi-a-GCST90001419,TRUE,reported,igd
0.2021,74140113,0.04383,16,4.17503e-06,3658,ebi-a-GCST90001419,rs2107459,A,C,0.0853, || id:ebi-a-GCST90001419,TRUE,reported,igd
-0.2182,6103341,0.04616,20,2.35798e-06,3658,ebi-a-GCST90001419,rs7265879,G,C,0.0778, || id:ebi-a-GCST90001419,TRUE,reported,igd
