pos.exposure,chr.exposure,samplesize.exposure,se.exposure,pval.exposure,beta.exposure,id.exposure,SNP,effect_allele.exposure,other_allele.exposure,eaf.exposure,exposure,mr_keep.exposure,pval_origin.exposure,data_source.exposure
224272792,1,3017,0.03003,3.597e-07,0.1532,ebi-a-GCST90001452,rs2404849,G,T,0.7463, || id:ebi-a-GCST90001452,TRUE,reported,igd
161515326,1,3017,0.03084,4.94698e-09,-0.1809,ebi-a-GCST90001452,rs55971447,T,C,0.231, || id:ebi-a-GCST90001452,TRUE,reported,igd
34019363,1,3017,0.04321,3.60903e-06,-0.2006,ebi-a-GCST90001452,rs72660177,T,C,0.1018, || id:ebi-a-GCST90001452,TRUE,reported,igd
89327063,1,3017,0.2002,2.46899e-06,0.9448,ebi-a-GCST90001452,rs72724781,G,A,0.0041, || id:ebi-a-GCST90001452,TRUE,reported,igd
79926958,2,3017,0.03322,2.80802e-06,-0.1559,ebi-a-GCST90001452,rs3040901,T,C,0.2224, || id:ebi-a-GCST90001452,TRUE,reported,igd
81660130,6,3017,0.2904,2.947e-06,-1.36,ebi-a-GCST90001452,rs75220521,G,T,0.002, || id:ebi-a-GCST90001452,TRUE,reported,igd
23594922,7,3017,0.04872,4.02402e-06,0.225,ebi-a-GCST90001452,rs11772116,C,G,0.0766, || id:ebi-a-GCST90001452,TRUE,reported,igd
26355696,12,3017,0.2836,4.24004e-06,1.307,ebi-a-GCST90001452,rs76524078,A,G,0.0023, || id:ebi-a-GCST90001452,TRUE,reported,igd
69766606,12,3017,0.05911,1.68298e-07,0.3099,ebi-a-GCST90001452,rs113800324,T,C,0.05, || id:ebi-a-GCST90001452,TRUE,reported,igd
100593548,13,3017,0.1093,1.76498e-06,-0.5233,ebi-a-GCST90001452,rs17474599,T,C,0.0146, || id:ebi-a-GCST90001452,TRUE,reported,igd
61748527,15,3017,0.0547,4.70002e-06,0.2509,ebi-a-GCST90001452,rs4359381,C,G,0.06, || id:ebi-a-GCST90001452,TRUE,reported,igd
66062093,16,3017,0.03262,3.00898e-06,-0.1526,ebi-a-GCST90001452,rs12708874,T,A,0.7957, || id:ebi-a-GCST90001452,TRUE,reported,igd
45778747,17,3017,0.08485,1.355e-06,-0.4108,ebi-a-GCST90001452,rs9894233,A,T,0.0268, || id:ebi-a-GCST90001452,TRUE,reported,igd
46373171,21,3017,0.05149,2.273e-06,0.2439,ebi-a-GCST90001452,rs150248455,A,G,0.0673, || id:ebi-a-GCST90001452,TRUE,reported,igd
