chr.exposure,se.exposure,pval.exposure,beta.exposure,pos.exposure,samplesize.exposure,id.exposure,SNP,effect_allele.exposure,other_allele.exposure,eaf.exposure,exposure,mr_keep.exposure,pval_origin.exposure,data_source.exposure
1,0.4162,4.19295e-06,-1.918,177556743,3113,ebi-a-GCST90001972,rs190188611,C,T,8e-04, || id:ebi-a-GCST90001972,TRUE,reported,igd
1,0.08303,4.171e-06,0.3828,205560814,3113,ebi-a-GCST90001972,rs115752428,A,G,0.0226, || id:ebi-a-GCST90001972,TRUE,reported,igd
2,0.04404,4.00304e-06,0.2034,60404215,3113,ebi-a-GCST90001972,rs75668319,T,C,0.0885, || id:ebi-a-GCST90001972,TRUE,reported,igd
2,0.03998,2.512e-06,-0.1885,115150773,3113,ebi-a-GCST90001972,rs76883038,T,G,0.1036, || id:ebi-a-GCST90001972,TRUE,reported,igd
2,0.02532,2.37197e-06,0.1197,224307687,3113,ebi-a-GCST90001972,rs10169473,A,G,0.3675, || id:ebi-a-GCST90001972,TRUE,reported,igd
3,0.1049,3.42302e-06,-0.4881,72227397,3113,ebi-a-GCST90001972,rs9825166,G,A,0.0145, || id:ebi-a-GCST90001972,TRUE,reported,igd
6,0.02778,1.45301e-06,-0.1341,32582435,3113,ebi-a-GCST90001972,rs7451962,A,G,0.5885, || id:ebi-a-GCST90001972,TRUE,reported,igd
6,0.1646,3.59402e-06,-0.764,110886518,3113,ebi-a-GCST90001972,rs17071867,G,T,0.0056, || id:ebi-a-GCST90001972,TRUE,reported,igd
7,0.0291,4.08301e-07,-0.1477,48232877,3113,ebi-a-GCST90001972,rs143298995,G,A,0.7695, || id:ebi-a-GCST90001972,TRUE,reported,igd
7,0.515,2.00701e-06,2.452,15148913,3113,ebi-a-GCST90001972,rs144027086,A,G,5e-04, || id:ebi-a-GCST90001972,TRUE,reported,igd
14,0.04238,1.02799e-06,0.2075,29178686,3113,ebi-a-GCST90001972,rs77789294,C,T,0.0957, || id:ebi-a-GCST90001972,TRUE,reported,igd
22,0.02563,8.04693e-07,-0.1267,30483964,3113,ebi-a-GCST90001972,rs12166583,A,C,0.4123, || id:ebi-a-GCST90001972,TRUE,reported,igd
