chr.exposure,se.exposure,samplesize.exposure,pos.exposure,pval.exposure,beta.exposure,id.exposure,SNP,effect_allele.exposure,other_allele.exposure,eaf.exposure,exposure,mr_keep.exposure,pval_origin.exposure,data_source.exposure
1,0.02465,3130,217982930,2.03002e-06,0.1173,ebi-a-GCST90001678,rs2377708,C,A,0.6099, || id:ebi-a-GCST90001678,TRUE,reported,igd
1,0.2569,3130,181205200,2.13098e-06,1.22,ebi-a-GCST90001678,rs116011991,C,A,0.0021, || id:ebi-a-GCST90001678,TRUE,reported,igd
2,0.1535,3130,66305842,1.28201e-06,0.7448,ebi-a-GCST90001678,rs79660525,G,A,0.0061, || id:ebi-a-GCST90001678,TRUE,reported,igd
2,0.05873,3130,122691344,8.788e-07,0.2893,ebi-a-GCST90001678,rs62166861,A,G,0.0428, || id:ebi-a-GCST90001678,TRUE,reported,igd
3,0.1291,3130,60344346,6.187e-07,-0.6449,ebi-a-GCST90001678,rs115134707,C,T,0.0088, || id:ebi-a-GCST90001678,TRUE,reported,igd
3,0.02693,3130,76705353,1.61399e-06,-0.1294,ebi-a-GCST90001678,rs1839051,C,A,0.7407, || id:ebi-a-GCST90001678,TRUE,reported,igd
4,0.03638,3130,161897744,1.649e-06,0.1747,ebi-a-GCST90001678,rs75596593,G,C,0.1217, || id:ebi-a-GCST90001678,TRUE,reported,igd
6,0.02782,3130,32443266,1.035e-08,0.1597,ebi-a-GCST90001678,rs9269109,C,T,0.3593, || id:ebi-a-GCST90001678,TRUE,reported,igd
6,0.0272,3130,31307885,4.81704e-06,-0.1246,ebi-a-GCST90001678,rs1634734,A,G,0.5722, || id:ebi-a-GCST90001678,TRUE,reported,igd
9,0.1676,3130,128841396,2.45002e-06,-0.7914,ebi-a-GCST90001678,rs142133440,T,C,0.0053, || id:ebi-a-GCST90001678,TRUE,reported,igd
16,0.07679,3130,86074353,3.09999e-06,0.3588,ebi-a-GCST90001678,rs66790175,G,T,0.0241, || id:ebi-a-GCST90001678,TRUE,reported,igd
17,0.04809,3130,29871886,1.67001e-07,0.2522,ebi-a-GCST90001678,rs62063923,G,C,0.0642, || id:ebi-a-GCST90001678,TRUE,reported,igd
19,0.02398,3130,13114434,1.281e-06,0.1164,ebi-a-GCST90001678,rs10413329,G,A,0.5032, || id:ebi-a-GCST90001678,TRUE,reported,igd
21,0.0781,3130,41072897,4.81105e-06,0.3578,ebi-a-GCST90001678,rs79172657,T,C,0.024, || id:ebi-a-GCST90001678,TRUE,reported,igd
