samplesize.exposure,pos.exposure,beta.exposure,pval.exposure,se.exposure,chr.exposure,id.exposure,SNP,effect_allele.exposure,other_allele.exposure,eaf.exposure,exposure,mr_keep.exposure,pval_origin.exposure,data_source.exposure
3437,149047683,-0.5916,9.73801e-07,0.1206,1,ebi-a-GCST90001506,rs115815681,A,C,0.0132, || id:ebi-a-GCST90001506,TRUE,reported,igd
3437,42801648,0.2544,3.27303e-06,0.05459,2,ebi-a-GCST90001506,rs113339346,T,C,0.0634, || id:ebi-a-GCST90001506,TRUE,reported,igd
3437,144158111,-2.022,2.27698e-07,0.39,3,ebi-a-GCST90001506,rs79327855,T,C,9e-04, || id:ebi-a-GCST90001506,TRUE,reported,igd
3437,14769598,-0.1174,4.20504e-06,0.02547,3,ebi-a-GCST90001506,rs6771179,G,C,0.5601, || id:ebi-a-GCST90001506,TRUE,reported,igd
3437,1760374,-0.1753,4.92595e-06,0.03831,4,ebi-a-GCST90001506,rs2403273,G,C,0.1269, || id:ebi-a-GCST90001506,TRUE,reported,igd
3437,102089442,-0.1445,1.10101e-06,0.02961,5,ebi-a-GCST90001506,rs419099,G,A,0.2912, || id:ebi-a-GCST90001506,TRUE,reported,igd
3437,79791344,-0.9208,2.62803e-06,0.1957,7,ebi-a-GCST90001506,rs117469911,A,C,0.0036, || id:ebi-a-GCST90001506,TRUE,reported,igd
3437,37391292,0.1265,2.712e-06,0.02692,9,ebi-a-GCST90001506,rs2004605,T,C,0.35, || id:ebi-a-GCST90001506,TRUE,reported,igd
3437,6094697,0.5156,3.2107e-20,0.05562,10,ebi-a-GCST90001506,rs61839660,T,C,0.0543, || id:ebi-a-GCST90001506,TRUE,reported,igd
3437,6128374,0.1454,2.43899e-06,0.0308,10,ebi-a-GCST90001506,rs62626343,G,C,0.214, || id:ebi-a-GCST90001506,TRUE,reported,igd
3437,84053417,0.4872,3.51399e-06,0.1049,16,ebi-a-GCST90001506,rs12325554,C,G,0.0147, || id:ebi-a-GCST90001506,TRUE,reported,igd
3437,33775713,-0.1182,3.21899e-06,0.02535,17,ebi-a-GCST90001506,rs11869223,G,C,0.4364, || id:ebi-a-GCST90001506,TRUE,reported,igd
3437,71659838,-0.2661,4.54904e-06,0.05796,18,ebi-a-GCST90001506,rs2702579,T,C,0.049, || id:ebi-a-GCST90001506,TRUE,reported,igd
3437,52169857,-0.1757,2.03198e-06,0.03693,20,ebi-a-GCST90001506,rs67691565,A,G,0.134, || id:ebi-a-GCST90001506,TRUE,reported,igd
