beta.exposure,pos.exposure,pval.exposure,samplesize.exposure,chr.exposure,se.exposure,id.exposure,SNP,effect_allele.exposure,other_allele.exposure,eaf.exposure,exposure,mr_keep.exposure,pval_origin.exposure,data_source.exposure
-0.1029,53595255,4.509e-06,3395,1,0.02239,ebi-a-GCST90001566,rs1679937,T,G,0.7144, || id:ebi-a-GCST90001566,TRUE,reported,igd
0.3132,189898847,2.40198e-06,3395,2,0.06629,ebi-a-GCST90001566,rs78905646,A,G,0.0233, || id:ebi-a-GCST90001566,TRUE,reported,igd
-0.4473,84213945,3.64796e-06,3395,2,0.09644,ebi-a-GCST90001566,rs1348953,A,G,0.0106, || id:ebi-a-GCST90001566,TRUE,reported,igd
-0.1841,31322694,2.42901e-06,3395,6,0.03898,ebi-a-GCST90001566,rs3819288,C,T,0.1029, || id:ebi-a-GCST90001566,TRUE,reported,igd
-0.1356,31320654,1.61801e-07,3395,6,0.02583,ebi-a-GCST90001566,rs2523614,C,T,0.2641, || id:ebi-a-GCST90001566,TRUE,reported,igd
0.1925,8326430,3.54201e-06,3395,7,0.04146,ebi-a-GCST90001566,rs73061672,A,T,0.0636, || id:ebi-a-GCST90001566,TRUE,reported,igd
0.1027,107284126,1.136e-06,3395,9,0.02107,ebi-a-GCST90001566,rs7036108,A,G,0.3542, || id:ebi-a-GCST90001566,TRUE,reported,igd
0.1429,70921568,4.43997e-07,3395,13,0.02824,ebi-a-GCST90001566,rs35761894,G,A,0.1529, || id:ebi-a-GCST90001566,TRUE,reported,igd
0.2769,29113167,1.02101e-06,3395,14,0.05655,ebi-a-GCST90001566,rs113911480,G,T,0.0314, || id:ebi-a-GCST90001566,TRUE,reported,igd
-0.1339,36349479,1.34499e-06,3395,15,0.02765,ebi-a-GCST90001566,rs12907798,T,C,0.1535, || id:ebi-a-GCST90001566,TRUE,reported,igd
