pos.exposure,samplesize.exposure,se.exposure,beta.exposure,pval.exposure,chr.exposure,id.exposure,SNP,effect_allele.exposure,other_allele.exposure,eaf.exposure,exposure,mr_keep.exposure,pval_origin.exposure,data_source.exposure
74390595,2903,0.04418,0.2283,2.54402e-07,2,ebi-a-GCST90002026,rs828892,T,C,0.1032, || id:ebi-a-GCST90002026,TRUE,reported,igd
38895920,2903,0.03094,0.1623,1.66001e-07,2,ebi-a-GCST90002026,rs13024840,A,T,0.2639, || id:ebi-a-GCST90002026,TRUE,reported,igd
129318594,2903,0.1139,0.5783,4.04399e-07,3,ebi-a-GCST90002026,rs35947652,G,A,0.0148, || id:ebi-a-GCST90002026,TRUE,reported,igd
150949998,2903,0.03974,0.1825,4.59801e-06,6,ebi-a-GCST90002026,rs9480502,T,C,0.1342, || id:ebi-a-GCST90002026,TRUE,reported,igd
13715997,2903,0.02857,-0.1541,7.47894e-08,6,ebi-a-GCST90002026,rs424001,T,C,0.6438, || id:ebi-a-GCST90002026,TRUE,reported,igd
144876947,2903,0.02769,0.143,2.56e-07,7,ebi-a-GCST90002026,rs719498,A,G,0.5303, || id:ebi-a-GCST90002026,TRUE,reported,igd
31168474,2903,0.161,-0.7472,3.62001e-06,7,ebi-a-GCST90002026,rs78863652,T,G,0.0065, || id:ebi-a-GCST90002026,TRUE,reported,igd
9938243,2903,0.3702,-1.823,8.96706e-07,8,ebi-a-GCST90002026,rs111931508,T,C,0.0014, || id:ebi-a-GCST90002026,TRUE,reported,igd
8216308,2903,0.06123,0.321,1.69001e-07,8,ebi-a-GCST90002026,rs146861616,G,T,0.0515, || id:ebi-a-GCST90002026,TRUE,reported,igd
49593467,2903,0.04197,0.1989,2.26501e-06,8,ebi-a-GCST90002026,rs72640514,G,A,0.1219, || id:ebi-a-GCST90002026,TRUE,reported,igd
36327582,2903,0.02813,0.1352,1.61298e-06,11,ebi-a-GCST90002026,rs11033545,G,T,0.3779, || id:ebi-a-GCST90002026,TRUE,reported,igd
90950783,2903,0.2648,-1.252,2.37898e-06,11,ebi-a-GCST90002026,rs4414181,A,G,0.0031, || id:ebi-a-GCST90002026,TRUE,reported,igd
22472189,2903,0.03126,-0.1442,4.157e-06,11,ebi-a-GCST90002026,rs11026566,G,A,0.2442, || id:ebi-a-GCST90002026,TRUE,reported,igd
28265035,2903,0.113,0.5469,1.378e-06,21,ebi-a-GCST90002026,rs183650419,A,T,0.0146, || id:ebi-a-GCST90002026,TRUE,reported,igd
