pval.exposure,pos.exposure,beta.exposure,chr.exposure,samplesize.exposure,se.exposure,id.exposure,SNP,effect_allele.exposure,other_allele.exposure,eaf.exposure,exposure,mr_keep.exposure,pval_origin.exposure,data_source.exposure
8.35199e-07,159420307,0.3966,1,3653,0.08035,ebi-a-GCST90001651,rs11265198,A,G,0.9759, || id:ebi-a-GCST90001651,TRUE,reported,igd
4.61095e-07,159175494,-0.3362,1,3653,0.06657,ebi-a-GCST90001651,rs34599082,T,C,0.0357, || id:ebi-a-GCST90001651,TRUE,reported,igd
5.34306e-07,1874340,-0.2653,2,3653,0.05281,ebi-a-GCST90001651,rs12618511,C,T,0.0594, || id:ebi-a-GCST90001651,TRUE,reported,igd
3.62201e-06,66830010,0.3326,2,3653,0.07169,ebi-a-GCST90001651,rs6757897,C,T,0.0319, || id:ebi-a-GCST90001651,TRUE,reported,igd
1.046e-06,23767055,0.1222,3,3653,0.02498,ebi-a-GCST90001651,rs9852120,T,C,0.4094, || id:ebi-a-GCST90001651,TRUE,reported,igd
4.68296e-06,97763960,-0.1142,5,3653,0.0249,ebi-a-GCST90001651,rs1563320,C,T,0.4454, || id:ebi-a-GCST90001651,TRUE,reported,igd
4.87102e-06,43904012,-0.3375,5,3653,0.07374,ebi-a-GCST90001651,rs72762395,T,C,0.029, || id:ebi-a-GCST90001651,TRUE,reported,igd
2.89001e-06,144276224,0.1403,8,3653,0.02995,ebi-a-GCST90001651,rs4074900,G,T,0.785, || id:ebi-a-GCST90001651,TRUE,reported,igd
4.19604e-06,35679591,0.1203,9,3653,0.0261,ebi-a-GCST90001651,rs1890595,T,C,0.3804, || id:ebi-a-GCST90001651,TRUE,reported,igd
1.562e-06,117952387,-0.1888,11,3653,0.03924,ebi-a-GCST90001651,rs671160,T,C,0.1173, || id:ebi-a-GCST90001651,TRUE,reported,igd
2.23501e-06,12394263,0.1262,18,3653,0.02662,ebi-a-GCST90001651,rs77650974,A,G,0.3221, || id:ebi-a-GCST90001651,TRUE,reported,igd
3.21803e-06,50754898,0.2719,19,3653,0.05831,ebi-a-GCST90001651,rs150954312,C,G,0.0483, || id:ebi-a-GCST90001651,TRUE,reported,igd
1.83e-06,60651297,-0.1259,20,3653,0.02634,ebi-a-GCST90001651,rs35566998,A,G,0.3408, || id:ebi-a-GCST90001651,TRUE,reported,igd
2.74897e-06,48187302,-0.8628,20,3653,0.1837,ebi-a-GCST90001651,rs185512917,T,C,0.0048, || id:ebi-a-GCST90001651,TRUE,reported,igd
