se.exposure,pval.exposure,pos.exposure,chr.exposure,samplesize.exposure,beta.exposure,id.exposure,SNP,effect_allele.exposure,other_allele.exposure,eaf.exposure,exposure,mr_keep.exposure,pval_origin.exposure,data_source.exposure
0.03928,9.28795e-07,102844020,2,1465,-0.1935,ebi-a-GCST90002048,rs3755285,C,T,0.3235, || id:ebi-a-GCST90002048,TRUE,reported,igd
0.06766,3.04502e-06,148889235,3,1465,0.317,ebi-a-GCST90002048,rs62275033,A,G,0.0775, || id:ebi-a-GCST90002048,TRUE,reported,igd
0.03935,1.76401e-06,164582905,3,1465,-0.1888,ebi-a-GCST90002048,rs4494933,C,T,0.6812, || id:ebi-a-GCST90002048,TRUE,reported,igd
0.08894,3.35498e-06,130531142,9,1465,-0.415,ebi-a-GCST90002048,rs12555208,T,C,0.044, || id:ebi-a-GCST90002048,TRUE,reported,igd
0.09303,3.99301e-06,23872652,10,1465,0.4307,ebi-a-GCST90002048,rs75424883,C,T,0.0406, || id:ebi-a-GCST90002048,TRUE,reported,igd
0.08039,6.53296e-07,128417551,11,1465,0.4017,ebi-a-GCST90002048,rs61907767,G,C,0.0573, || id:ebi-a-GCST90002048,TRUE,reported,igd
0.2046,3.00601e-06,82723650,12,1465,-0.9592,ebi-a-GCST90002048,rs111573488,A,C,0.0082, || id:ebi-a-GCST90002048,TRUE,reported,igd
0.09575,2.00198e-06,19693627,16,1465,-0.4569,ebi-a-GCST90002048,rs117014682,T,C,0.0375, || id:ebi-a-GCST90002048,TRUE,reported,igd
0.06989,2.319e-06,49958870,17,1465,0.3315,ebi-a-GCST90002048,rs74813486,T,A,0.0782, || id:ebi-a-GCST90002048,TRUE,reported,igd
