se.exposure,beta.exposure,pval.exposure,samplesize.exposure,pos.exposure,chr.exposure,id.exposure,SNP,effect_allele.exposure,other_allele.exposure,eaf.exposure,exposure,mr_keep.exposure,pval_origin.exposure,data_source.exposure
0.04221,0.1953,3.85496e-06,3657,214958496,1,ebi-a-GCST90001428,rs112904733,T,G,0.0956, || id:ebi-a-GCST90001428,TRUE,reported,igd
0.1138,-0.5857,2.81002e-07,3657,233050029,1,ebi-a-GCST90001428,rs9424499,C,G,0.0109, || id:ebi-a-GCST90001428,TRUE,reported,igd
0.03147,0.1484,2.48599e-06,3657,136864703,2,ebi-a-GCST90001428,rs16832731,A,G,0.1987, || id:ebi-a-GCST90001428,TRUE,reported,igd
0.07083,0.3323,2.81799e-06,3657,106275239,3,ebi-a-GCST90001428,rs73205209,C,T,0.0334, || id:ebi-a-GCST90001428,TRUE,reported,igd
0.06245,-0.2872,4.40697e-06,3657,8695105,3,ebi-a-GCST90001428,rs111854570,A,G,0.0388, || id:ebi-a-GCST90001428,TRUE,reported,igd
0.02884,-0.1389,1.51098e-06,3657,144609363,5,ebi-a-GCST90001428,rs17405749,T,C,0.2374, || id:ebi-a-GCST90001428,TRUE,reported,igd
0.1253,0.6398,3.46497e-07,3657,125594743,6,ebi-a-GCST90001428,rs75273600,A,G,0.0093, || id:ebi-a-GCST90001428,TRUE,reported,igd
0.02815,-0.136,1.41101e-06,3657,132983821,10,ebi-a-GCST90001428,rs2397752,T,C,0.248, || id:ebi-a-GCST90001428,TRUE,reported,igd
0.07231,-0.3698,3.31002e-07,3657,128322602,11,ebi-a-GCST90001428,rs80216562,A,G,0.029, || id:ebi-a-GCST90001428,TRUE,reported,igd
0.02529,-0.1167,4.11396e-06,3657,11033950,11,ebi-a-GCST90001428,rs10743163,A,G,0.4035, || id:ebi-a-GCST90001428,TRUE,reported,igd
0.02529,0.1177,3.36202e-06,3657,19499423,13,ebi-a-GCST90001428,rs4038038,A,G,0.359, || id:ebi-a-GCST90001428,TRUE,reported,igd
0.0366,-0.1701,3.48097e-06,3657,81916912,16,ebi-a-GCST90001428,rs11548656,G,A,0.1288, || id:ebi-a-GCST90001428,TRUE,reported,igd
0.05581,0.2621,2.73697e-06,3657,49605668,17,ebi-a-GCST90001428,rs75659776,T,C,0.0515, || id:ebi-a-GCST90001428,TRUE,reported,igd
