chr.exposure,pval.exposure,samplesize.exposure,se.exposure,beta.exposure,pos.exposure,id.exposure,SNP,effect_allele.exposure,other_allele.exposure,eaf.exposure,exposure,mr_keep.exposure,pval_origin.exposure,data_source.exposure
1,2.76198e-06,1247,0.04552,-0.2144,205745932,ebi-a-GCST90001878,rs1772154,T,C,0.7382, || id:ebi-a-GCST90001878,TRUE,reported,igd
1,3.85567e-13,1247,0.03927,0.2882,2499254,ebi-a-GCST90001878,rs2182176,A,G,0.5882, || id:ebi-a-GCST90001878,TRUE,reported,igd
2,1.52398e-07,1247,0.04097,-0.2163,19497003,ebi-a-GCST90001878,rs2002586,G,A,0.3492, || id:ebi-a-GCST90001878,TRUE,reported,igd
2,4.88e-06,1247,0.1453,0.6668,241352278,ebi-a-GCST90001878,rs116838007,A,G,0.0209, || id:ebi-a-GCST90001878,TRUE,reported,igd
6,3.38003e-06,1247,0.1012,-0.4723,117867335,ebi-a-GCST90001878,rs11758857,C,T,0.0389, || id:ebi-a-GCST90001878,TRUE,reported,igd
6,1.78999e-07,1247,0.05775,0.3032,31254496,ebi-a-GCST90001878,rs7754903,T,G,0.1455, || id:ebi-a-GCST90001878,TRUE,reported,igd
8,2.16601e-06,1247,0.09389,-0.4469,22024980,ebi-a-GCST90001878,rs117761782,T,G,0.0517, || id:ebi-a-GCST90001878,TRUE,reported,igd
10,3.21603e-06,1247,0.1182,0.5528,99831579,ebi-a-GCST90001878,rs61873707,A,G,0.0305, || id:ebi-a-GCST90001878,TRUE,reported,igd
11,4.30903e-07,1247,0.2514,-1.277,107670625,ebi-a-GCST90001878,rs524655,G,T,0.0064, || id:ebi-a-GCST90001878,TRUE,reported,igd
18,6.13395e-07,1247,0.06505,-0.3261,610273,ebi-a-GCST90001878,rs557685,A,G,0.8905, || id:ebi-a-GCST90001878,TRUE,reported,igd
19,4.18601e-06,1247,0.2139,0.9888,36235084,ebi-a-GCST90001878,rs147371997,G,A,0.0096, || id:ebi-a-GCST90001878,TRUE,reported,igd
