se.exposure,samplesize.exposure,beta.exposure,chr.exposure,pval.exposure,pos.exposure,id.exposure,SNP,effect_allele.exposure,other_allele.exposure,eaf.exposure,exposure,mr_keep.exposure,pval_origin.exposure,data_source.exposure
0.02874,2920,-0.1496,1,2.066e-07,11797186,ebi-a-GCST90001960,rs12095517,C,T,0.6858, || id:ebi-a-GCST90001960,TRUE,reported,igd
0.1386,2920,-0.64,1,4.04297e-06,111786150,ebi-a-GCST90001960,rs71673415,T,C,0.0087, || id:ebi-a-GCST90001960,TRUE,reported,igd
0.07944,2920,0.3647,2,4.596e-06,14031175,ebi-a-GCST90001960,rs16860924,C,T,0.0281, || id:ebi-a-GCST90001960,TRUE,reported,igd
0.8155,2920,-3.824,7,2.87098e-06,142438302,ebi-a-GCST90001960,rs79647440,T,C,5e-04, || id:ebi-a-GCST90001960,TRUE,reported,igd
0.05083,2920,0.2336,7,4.49604e-06,21800888,ebi-a-GCST90001960,rs112393619,A,C,0.0704, || id:ebi-a-GCST90001960,TRUE,reported,igd
0.06218,2920,0.3067,9,8.54791e-07,124757711,ebi-a-GCST90001960,rs80020399,T,C,0.0514, || id:ebi-a-GCST90001960,TRUE,reported,igd
0.0659,2920,0.3034,9,4.32902e-06,35553793,ebi-a-GCST90001960,rs77506115,A,G,0.0457, || id:ebi-a-GCST90001960,TRUE,reported,igd
0.0569,2920,0.386,10,1.41808e-11,6094697,ebi-a-GCST90001960,rs61839660,T,C,0.0575, || id:ebi-a-GCST90001960,TRUE,reported,igd
0.2367,2920,1.094,12,3.93604e-06,16060925,ebi-a-GCST90001960,rs118110714,A,G,0.0031, || id:ebi-a-GCST90001960,TRUE,reported,igd
0.02651,2920,-0.1259,19,2.142e-06,7616474,ebi-a-GCST90001960,rs661825,G,C,0.5034, || id:ebi-a-GCST90001960,TRUE,reported,igd
