chr.exposure,pos.exposure,effect_allele.exposure,other_allele.exposure,eaf.exposure,beta.exposure,se.exposure,pval.exposure,SNP,samplesize.exposure,exposure,mr_keep.exposure,pval_origin.exposure,id.exposure
2,4912617,C,T,0.0269974,-0.248839,0.0522643,1.92482e-06,rs60490710,6888,Dopamine 4-sulfate levels,TRUE,reported,mysajb
2,6810471,A,G,0.0100175,0.430776,0.0843495,3.27244e-07,rs147902054,6888,Dopamine 4-sulfate levels,TRUE,reported,mysajb
2,65685778,G,A,0.0155977,-0.312702,0.0677539,3.92599e-06,rs4671680,6888,Dopamine 4-sulfate levels,TRUE,reported,mysajb
2,205883338,A,G,0.304726,-0.0841805,0.0183708,4.59888e-06,rs10932134,6888,Dopamine 4-sulfate levels,TRUE,reported,mysajb
3,4210815,A,T,0.0123798,0.403093,0.0764583,1.34896e-07,rs114510136,6888,Dopamine 4-sulfate levels,TRUE,reported,mysajb
3,66637135,G,A,0.010868,0.418259,0.0815512,2.91612e-07,rs149513379,6888,Dopamine 4-sulfate levels,TRUE,reported,mysajb
3,139514522,T,C,0.0895522,0.147275,0.0299475,8.75419e-07,rs295485,6888,Dopamine 4-sulfate levels,TRUE,reported,mysajb
4,110212078,G,T,0.0153365,0.314449,0.0682069,4.02244e-06,rs11932430,6888,Dopamine 4-sulfate levels,TRUE,reported,mysajb
8,6523709,G,C,0.600151,0.081544,0.0173121,2.4744e-06,rs1989105,6888,Dopamine 4-sulfate levels,TRUE,reported,mysajb
8,134960027,C,G,0.255015,0.0960272,0.0195881,9.47097e-07,rs11996447,6888,Dopamine 4-sulfate levels,TRUE,reported,mysajb
13,21895387,G,A,0.241771,0.0954684,0.0196146,1.1318e-06,rs942229,6888,Dopamine 4-sulfate levels,TRUE,reported,mysajb
16,55131977,C,G,0.279618,-0.0951152,0.0188919,4.78552e-07,rs8063011,6888,Dopamine 4-sulfate levels,TRUE,reported,mysajb
17,53748660,A,T,0.0129568,0.403282,0.0726819,2.87983e-08,rs145261788,6888,Dopamine 4-sulfate levels,TRUE,reported,mysajb
18,72925723,T,C,0.025347,0.259625,0.0536121,1.28113e-06,rs62105360,6888,Dopamine 4-sulfate levels,TRUE,reported,mysajb
21,32507708,A,G,0.217163,-0.0961642,0.0203985,2.42561e-06,rs55860967,6888,Dopamine 4-sulfate levels,TRUE,reported,mysajb
22,48248516,G,A,0.405692,0.083165,0.0174393,1.85311e-06,rs4823514,6888,Dopamine 4-sulfate levels,TRUE,reported,mysajb
