chr.exposure,pos.exposure,effect_allele.exposure,other_allele.exposure,eaf.exposure,beta.exposure,se.exposure,pval.exposure,SNP,samplesize.exposure,exposure,mr_keep.exposure,pval_origin.exposure,id.exposure
1,54860813,A,G,0.662635,0.0724401,0.0157868,4.46116e-06,rs4927171,8238,Urea levels,TRUE,reported,9DETza
1,75226805,A,C,0.964746,-0.18807,0.040338,3.12604e-06,rs584901,8238,Urea levels,TRUE,reported,9DETza
1,95312385,T,C,0.0261685,0.217336,0.046795,3.4102e-06,rs142905660,8238,Urea levels,TRUE,reported,9DETza
2,145240644,C,G,0.0237834,0.229887,0.048719,2.37429e-06,rs17409284,8238,Urea levels,TRUE,reported,9DETza
3,192987,T,G,0.954308,-0.164762,0.0357437,4.03572e-06,rs7632791,8238,Urea levels,TRUE,reported,9DETza
3,136182428,A,G,0.275633,-0.0834861,0.016374,3.41991e-07,rs6439629,8238,Urea levels,TRUE,reported,9DETza
9,96625715,A,G,0.130504,-0.101935,0.0222437,4.59135e-06,rs10978403,8238,Urea levels,TRUE,reported,9DETza
10,66872855,T,C,0.0629602,-0.146743,0.0305057,1.50669e-06,rs12262746,8238,Urea levels,TRUE,reported,9DETza
12,41065140,T,C,0.0282867,-0.221113,0.0448921,8.41759e-07,rs61924412,8238,Urea levels,TRUE,reported,9DETza
15,44094848,G,A,0.0124002,-0.340894,0.0674395,4.30824e-07,rs150081553,8238,Urea levels,TRUE,reported,9DETza
15,56079800,T,C,0.89475,0.124442,0.0245488,3.99581e-07,rs7175969,8238,Urea levels,TRUE,reported,9DETza
15,77556271,C,T,0.126663,-0.106484,0.0224641,2.13528e-06,rs79626102,8238,Urea levels,TRUE,reported,9DETza
