chr.exposure,pos.exposure,effect_allele.exposure,other_allele.exposure,eaf.exposure,beta.exposure,se.exposure,pval.exposure,SNP,samplesize.exposure,exposure,mr_keep.exposure,pval_origin.exposure,id.exposure
1,164791381,T,A,0.304108,0.0737841,0.0155331,2.0328e-06,rs4657374,8255,Myristoleate (14:1n5) levels,TRUE,reported,8n5H5Q
2,164605721,A,G,0.0418385,-0.173882,0.035576,1.02069e-06,rs10164764,8255,Myristoleate (14:1n5) levels,TRUE,reported,8n5H5Q
2,230022412,A,G,0.0690223,-0.131294,0.0278821,2.49039e-06,rs143706129,8255,Myristoleate (14:1n5) levels,TRUE,reported,8n5H5Q
3,47628057,T,A,0.644488,-0.0737116,0.0150861,1.02868e-06,rs12497825,8255,Myristoleate (14:1n5) levels,TRUE,reported,8n5H5Q
4,152333620,C,T,0.0271161,-0.210761,0.044548,2.23312e-06,rs113020642,8255,Myristoleate (14:1n5) levels,TRUE,reported,8n5H5Q
4,163033822,T,A,0.0501243,0.167804,0.0338264,7.02277e-07,rs74359901,8255,Myristoleate (14:1n5) levels,TRUE,reported,8n5H5Q
5,159438793,T,C,0.453304,-0.0701876,0.0144292,1.14877e-06,rs1422881,8255,Myristoleate (14:1n5) levels,TRUE,reported,8n5H5Q
7,144404409,A,G,0.383953,-0.0705478,0.0147874,1.83486e-06,rs2371397,8255,Myristoleate (14:1n5) levels,TRUE,reported,8n5H5Q
9,33283540,TC,T,0.0229494,0.220978,0.0471703,2.8039e-06,rs200097564,8255,Myristoleate (14:1n5) levels,TRUE,reported,8n5H5Q
10,100315722,A,G,0.175518,-0.0971173,0.0185985,1.7722e-07,rs603424,8255,Myristoleate (14:1n5) levels,TRUE,reported,8n5H5Q
12,70769855,A,G,0.0648114,0.150671,0.0289097,1.87049e-07,rs180670669,8255,Myristoleate (14:1n5) levels,TRUE,reported,8n5H5Q
15,52191180,T,C,0.655638,-0.0687812,0.0146636,2.72394e-06,rs8024577,8255,Myristoleate (14:1n5) levels,TRUE,reported,8n5H5Q
19,56248382,A,G,0.0626686,-0.142685,0.0291296,9.66861e-07,rs113915691,8255,Myristoleate (14:1n5) levels,TRUE,reported,8n5H5Q
