chr.exposure,pos.exposure,effect_allele.exposure,other_allele.exposure,eaf.exposure,beta.exposure,se.exposure,pval.exposure,SNP,samplesize.exposure,exposure,mr_keep.exposure,pval_origin.exposure,id.exposure
1,169984100,C,T,0.908123,-0.150937,0.0306657,8.56555e-07,rs665774,6270,X-13007 levels,TRUE,reported,Ozmqr7
2,128260490,G,A,0.148108,-0.124309,0.0255117,1.10132e-06,rs35428087,6270,X-13007 levels,TRUE,reported,Ozmqr7
3,6598356,G,A,0.348086,-0.0918226,0.0187376,9.56218e-07,rs62244312,6270,X-13007 levels,TRUE,reported,Ozmqr7
3,79310776,TA,T,0.114578,0.129088,0.0279375,3.82614e-06,rs144150351,6270,X-13007 levels,TRUE,reported,Ozmqr7
5,105759549,C,T,0.369813,-0.0890278,0.0182046,1.00626e-06,rs13182207,6270,X-13007 levels,TRUE,reported,Ozmqr7
5,133905307,G,A,0.773848,-0.0976642,0.0212201,4.17576e-06,rs903078,6270,X-13007 levels,TRUE,reported,Ozmqr7
6,32992717,A,G,0.0182956,0.318282,0.0662974,1.58012e-06,rs140545087,6270,X-13007 levels,TRUE,reported,Ozmqr7
9,33336681,T,G,0.0131705,-0.354687,0.0772807,4.44096e-06,rs72707413,6270,X-13007 levels,TRUE,reported,Ozmqr7
9,35880777,C,T,0.0564336,-0.174821,0.0379381,4.06476e-06,rs79703166,6270,X-13007 levels,TRUE,reported,Ozmqr7
9,80183007,C,T,0.0136625,0.362526,0.076424,2.09933e-06,rs117955750,6270,X-13007 levels,TRUE,reported,Ozmqr7
9,120790823,T,A,0.066009,0.163368,0.0356823,4.68568e-06,rs75326127,6270,X-13007 levels,TRUE,reported,Ozmqr7
11,36309283,A,C,0.0180655,0.336568,0.0668592,4.80393e-07,rs72948124,6270,X-13007 levels,TRUE,reported,Ozmqr7
11,90363716,G,A,0.0203707,0.28707,0.062641,4.58815e-06,rs17235951,6270,X-13007 levels,TRUE,reported,Ozmqr7
11,95424757,T,C,0.0237672,0.270403,0.0588405,4.31648e-06,rs34800392,6270,X-13007 levels,TRUE,reported,Ozmqr7
18,25968286,A,G,0.871787,-0.12263,0.0267985,4.73957e-06,rs521000,6270,X-13007 levels,TRUE,reported,Ozmqr7
18,51699253,T,C,0.214309,-0.102527,0.0216866,2.2715e-06,rs12958550,6270,X-13007 levels,TRUE,reported,Ozmqr7
22,50479557,G,A,0.0607712,0.174045,0.0375274,3.52117e-06,rs78394368,6270,X-13007 levels,TRUE,reported,Ozmqr7
