chr.exposure,pos.exposure,effect_allele.exposure,other_allele.exposure,eaf.exposure,beta.exposure,se.exposure,pval.exposure,SNP,samplesize.exposure,exposure,mr_keep.exposure,pval_origin.exposure,id.exposure
3,196215616,G,A,0.618502,-0.105941,0.0160404,3.98535e-11,rs2342307,8002,X-24947 levels,TRUE,reported,GbMAsu
4,68276152,T,C,0.24387,0.104972,0.0182024,8.07405e-09,rs1996598,8002,X-24947 levels,TRUE,reported,GbMAsu
4,68507689,C,T,0.218851,-0.587303,0.0178102,1e-200,rs9884390,8002,X-24947 levels,TRUE,reported,GbMAsu
4,68736982,A,G,0.167827,-0.252884,0.0206387,1.62025e-34,rs72651926,8002,X-24947 levels,TRUE,reported,GbMAsu
6,25825891,T,C,0.24728,0.127328,0.0180069,1.53768e-12,rs6456703,8002,X-24947 levels,TRUE,reported,GbMAsu
7,99477415,C,T,0.0329071,-0.474046,0.0428798,2.06802e-28,rs148982377,8002,X-24947 levels,TRUE,reported,GbMAsu
10,95050911,T,C,0.118442,0.202943,0.0240137,2.88536e-17,rs56028148,8002,X-24947 levels,TRUE,reported,GbMAsu
19,47865520,A,C,0.841506,0.192647,0.0211277,7.63563e-20,rs296390,8002,X-24947 levels,TRUE,reported,GbMAsu
