chr.exposure,pos.exposure,effect_allele.exposure,other_allele.exposure,eaf.exposure,beta.exposure,se.exposure,pval.exposure,SNP,samplesize.exposure,exposure,mr_keep.exposure,pval_origin.exposure,id.exposure
1,62177915,C,T,0.621895,0.0764262,0.0164635,3.44801e-06,rs2481704,8249,Phenol sulfate levels,TRUE,reported,pnhjAd
1,105752124,T,C,0.0233252,-0.247265,0.051531,1.59956e-06,rs791012,8249,Phenol sulfate levels,TRUE,reported,pnhjAd
1,244368377,T,C,0.220619,0.0897829,0.0186639,1.5055e-06,rs10927219,8249,Phenol sulfate levels,TRUE,reported,pnhjAd
2,121821628,C,T,0.434259,0.0725305,0.0156906,3.79067e-06,rs6717873,8249,Phenol sulfate levels,TRUE,reported,pnhjAd
3,39263303,T,C,0.367009,0.076294,0.0160833,2.09875e-06,rs11129820,8249,Phenol sulfate levels,TRUE,reported,pnhjAd
6,31361595,G,A,0.213356,0.0879342,0.0190375,3.85619e-06,rs7773105,8249,Phenol sulfate levels,TRUE,reported,pnhjAd
6,137666493,T,A,0.0128221,-0.347558,0.0697663,6.30147e-07,rs181271758,8249,Phenol sulfate levels,TRUE,reported,pnhjAd
7,31860110,G,C,0.0370822,0.195895,0.0411288,1.90763e-06,rs77590194,8249,Phenol sulfate levels,TRUE,reported,pnhjAd
9,18211214,T,G,0.830308,0.102442,0.020622,6.77843e-07,rs10810926,8249,Phenol sulfate levels,TRUE,reported,pnhjAd
12,66210439,CA,C,0.944327,-0.165838,0.0344453,1.47531e-06,rs3830660,8249,Phenol sulfate levels,TRUE,reported,pnhjAd
16,57609151,A,G,0.103457,0.118102,0.0257824,4.63357e-06,rs78439017,8249,Phenol sulfate levels,TRUE,reported,pnhjAd
18,33275997,C,T,0.929357,-0.153,0.030734,6.41729e-07,rs4799683,8249,Phenol sulfate levels,TRUE,reported,pnhjAd
19,55301880,A,G,0.289512,0.0865588,0.0171289,4.3405e-07,rs1172819,8249,Phenol sulfate levels,TRUE,reported,pnhjAd
