chr.exposure,pos.exposure,effect_allele.exposure,other_allele.exposure,eaf.exposure,beta.exposure,se.exposure,pval.exposure,SNP,samplesize.exposure,exposure,mr_keep.exposure,pval_origin.exposure,id.exposure
1,173519136,C,A,0.159624,0.0994195,0.0210381,2.29335e-06,rs12034533,7724,X-13729 levels,TRUE,reported,lIWQFZ
2,10939414,C,T,0.119622,0.119528,0.0242901,8.61667e-07,rs10174021,7724,X-13729 levels,TRUE,reported,lIWQFZ
2,233672032,C,T,0.0150395,0.297162,0.0634103,2.7814e-06,rs72551330,7724,X-13729 levels,TRUE,reported,lIWQFZ
3,63005500,T,A,0.354455,0.0753953,0.0161981,3.24668e-06,rs11130907,7724,X-13729 levels,TRUE,reported,lIWQFZ
4,3481310,G,A,0.388204,-0.0801034,0.0160688,6.19578e-07,rs10937929,7724,X-13729 levels,TRUE,reported,lIWQFZ
4,8084781,A,G,0.0348852,0.191128,0.0416986,4.57097e-06,rs60981106,7724,X-13729 levels,TRUE,reported,lIWQFZ
4,128815390,A,G,0.0114816,-0.345036,0.0717327,1.50913e-06,rs114081268,7724,X-13729 levels,TRUE,reported,lIWQFZ
4,140194787,A,G,0.0497019,-0.170119,0.0356434,1.8168e-06,rs79102130,7724,X-13729 levels,TRUE,reported,lIWQFZ
5,101671432,T,A,0.0245092,0.22875,0.0499915,4.7445e-06,rs75428798,7724,X-13729 levels,TRUE,reported,lIWQFZ
7,98229870,C,A,0.397987,0.0747716,0.0157192,1.96778e-06,rs747631,7724,X-13729 levels,TRUE,reported,lIWQFZ
9,20391704,T,C,0.0161688,-0.288904,0.0615659,2.69763e-06,rs73430743,7724,X-13729 levels,TRUE,reported,lIWQFZ
9,128829567,T,C,0.0199008,-0.253758,0.0553276,4.50834e-06,rs186601729,7724,X-13729 levels,TRUE,reported,lIWQFZ
10,70556838,C,A,0.606368,-0.0740084,0.0160775,4.16017e-06,rs10999397,7724,X-13729 levels,TRUE,reported,lIWQFZ
10,91471197,G,C,0.0464863,0.201184,0.0374958,8.07197e-08,rs117144859,7724,X-13729 levels,TRUE,reported,lIWQFZ
15,94501748,C,G,0.172998,0.0971592,0.0205543,2.27913e-06,rs1112669,7724,X-13729 levels,TRUE,reported,lIWQFZ
16,28551158,T,C,0.0169777,0.275114,0.059389,3.6145e-06,rs111875922,7724,X-13729 levels,TRUE,reported,lIWQFZ
16,28823100,T,C,0.036952,0.191196,0.0412435,3.55591e-06,rs189978904,7724,X-13729 levels,TRUE,reported,lIWQFZ
16,28826014,T,A,0.0153635,-0.306374,0.0630252,1.16717e-06,rs117447452,7724,X-13729 levels,TRUE,reported,lIWQFZ
22,19688870,A,G,0.0928391,0.125556,0.0269281,3.1219e-06,rs9606138,7724,X-13729 levels,TRUE,reported,lIWQFZ
