chr.exposure,pos.exposure,effect_allele.exposure,other_allele.exposure,eaf.exposure,beta.exposure,se.exposure,pval.exposure,SNP,samplesize.exposure,exposure,mr_keep.exposure,pval_origin.exposure,id.exposure
2,56121640,T,A,0.110354,-0.121381,0.025107,1.33445e-06,rs17047499,7950,"1,7-dimethyluric acid levels",TRUE,reported,qXZXX3
2,138639888,C,T,0.28288,0.0856191,0.0175209,1.02546e-06,rs10194878,7950,"1,7-dimethyluric acid levels",TRUE,reported,qXZXX3
3,103812795,G,T,0.0396694,-0.193385,0.040887,2.24801e-06,rs78121311,7950,"1,7-dimethyluric acid levels",TRUE,reported,qXZXX3
3,197129194,C,T,0.173545,0.0997486,0.0208197,1.65896e-06,rs73210513,7950,"1,7-dimethyluric acid levels",TRUE,reported,qXZXX3
4,117596057,T,C,0.0326789,-0.205903,0.0445267,3.75936e-06,rs2130239,7950,"1,7-dimethyluric acid levels",TRUE,reported,qXZXX3
5,61719271,C,T,0.718817,-0.0839586,0.017507,1.62108e-06,rs7447792,7950,"1,7-dimethyluric acid levels",TRUE,reported,qXZXX3
7,115891831,T,C,0.0137696,-0.344422,0.0681089,4.26067e-07,rs118168871,7950,"1,7-dimethyluric acid levels",TRUE,reported,qXZXX3
8,20128685,A,G,0.0157042,-0.320484,0.0631991,3.95687e-07,rs77748985,7950,"1,7-dimethyluric acid levels",TRUE,reported,qXZXX3
10,113162931,T,C,0.0174455,-0.288763,0.059991,1.48347e-06,rs117713253,7950,"1,7-dimethyluric acid levels",TRUE,reported,qXZXX3
11,20824436,A,G,0.0118788,-0.349656,0.0726058,1.46604e-06,rs146690722,7950,"1,7-dimethyluric acid levels",TRUE,reported,qXZXX3
11,115453233,T,C,0.375229,-0.075651,0.0165462,4.82857e-06,rs10891855,7950,"1,7-dimethyluric acid levels",TRUE,reported,qXZXX3
11,118696416,C,T,0.337454,-0.0903903,0.0172162,1.51847e-07,rs643104,7950,"1,7-dimethyluric acid levels",TRUE,reported,qXZXX3
13,57136132,T,A,0.0244503,-0.252015,0.0510047,7.77154e-07,rs56158086,7950,"1,7-dimethyluric acid levels",TRUE,reported,qXZXX3
14,49488289,A,G,0.0168163,0.284035,0.0613927,3.71839e-06,rs115520044,7950,"1,7-dimethyluric acid levels",TRUE,reported,qXZXX3
16,6502503,G,T,0.471929,-0.0755916,0.0157073,1.49037e-06,rs62017761,7950,"1,7-dimethyluric acid levels",TRUE,reported,qXZXX3
