chr.exposure,pos.exposure,effect_allele.exposure,other_allele.exposure,eaf.exposure,beta.exposure,se.exposure,pval.exposure,SNP,samplesize.exposure,exposure,mr_keep.exposure,pval_origin.exposure,id.exposure
2,11668906,T,C,0.35897,0.0886064,0.0193947,4.91013e-06,rs11887874,5770,X-12731 levels,TRUE,reported,f8SJ4G
2,229041848,G,A,0.0842755,-0.158945,0.0327255,1.19226e-06,rs72974813,5770,X-12731 levels,TRUE,reported,f8SJ4G
4,155189551,T,G,0.0161489,0.346308,0.0737344,2.644e-06,rs150790707,5770,X-12731 levels,TRUE,reported,f8SJ4G
7,35322147,C,A,0.0297714,0.282875,0.0548093,2.45524e-07,rs139179089,5770,X-12731 levels,TRUE,reported,f8SJ4G
7,64082778,T,A,0.128519,0.150318,0.0277064,5.78219e-08,rs62461177,5770,X-12731 levels,TRUE,reported,f8SJ4G
8,81877728,A,C,0.0979381,-0.156888,0.0311335,4.67453e-07,rs117405276,5770,X-12731 levels,TRUE,reported,f8SJ4G
9,15359604,T,C,0.0249782,0.277319,0.0587285,2.33483e-06,rs10961983,5770,X-12731 levels,TRUE,reported,f8SJ4G
11,20440373,C,T,0.0445044,0.231953,0.0439125,1.27665e-07,rs57554724,5770,X-12731 levels,TRUE,reported,f8SJ4G
11,27026251,G,C,0.180201,-0.112505,0.0239007,2.51166e-06,rs12279948,5770,X-12731 levels,TRUE,reported,f8SJ4G
12,53499247,T,C,0.152736,-0.122529,0.0257366,1.92758e-06,rs34649330,5770,X-12731 levels,TRUE,reported,f8SJ4G
12,69205182,C,G,0.749158,-0.106045,0.0219325,1.33108e-06,rs7299235,5770,X-12731 levels,TRUE,reported,f8SJ4G
13,73794749,C,T,0.324265,-0.0925721,0.0196428,2.44357e-06,rs7988881,5770,X-12731 levels,TRUE,reported,f8SJ4G
14,76338535,G,A,0.0500176,0.208859,0.0426109,9.50887e-07,rs76277562,5770,X-12731 levels,TRUE,reported,f8SJ4G
16,86329779,T,C,0.0795059,0.164695,0.0336893,1.01535e-06,rs55742101,5770,X-12731 levels,TRUE,reported,f8SJ4G
16,89018519,T,C,0.0584246,0.179484,0.0390332,4.26095e-06,rs62045844,5770,X-12731 levels,TRUE,reported,f8SJ4G
18,6781017,A,G,0.0471518,-0.20593,0.0435755,2.29196e-06,rs6506440,5770,X-12731 levels,TRUE,reported,f8SJ4G
