chr.exposure,pos.exposure,effect_allele.exposure,other_allele.exposure,eaf.exposure,beta.exposure,se.exposure,pval.exposure,SNP,samplesize.exposure,exposure,mr_keep.exposure,pval_origin.exposure,id.exposure
1,62494579,C,T,0.668933,0.083363,0.0164398,3.96167e-07,rs1168041,8266,Ceramide (d18:1/16:0) levels,TRUE,reported,UINqXl
3,42683906,A,G,0.0720149,-0.138304,0.0295717,2.91239e-06,rs112015449,8266,Ceramide (d18:1/16:0) levels,TRUE,reported,UINqXl
3,140302564,C,T,0.678602,0.074554,0.0163226,4.93476e-06,rs7636303,8266,Ceramide (d18:1/16:0) levels,TRUE,reported,UINqXl
5,109938111,T,C,0.0447517,-0.174557,0.0374672,3.17863e-06,rs72814876,8266,Ceramide (d18:1/16:0) levels,TRUE,reported,UINqXl
6,96062096,A,G,0.0457409,0.174731,0.0366763,1.89677e-06,rs77104570,8266,Ceramide (d18:1/16:0) levels,TRUE,reported,UINqXl
6,129407275,G,C,0.0166667,0.280064,0.0595762,2.58964e-06,rs150041281,8266,Ceramide (d18:1/16:0) levels,TRUE,reported,UINqXl
11,26494557,A,G,0.0227741,-0.263148,0.0512196,2.78212e-07,rs148685789,8266,Ceramide (d18:1/16:0) levels,TRUE,reported,UINqXl
11,50142808,A,G,0.235665,-0.0840905,0.0178391,2.43093e-06,rs11601631,8266,Ceramide (d18:1/16:0) levels,TRUE,reported,UINqXl
11,116778201,C,G,0.868673,-0.13153,0.0225566,5.50587e-09,rs964184,8266,Ceramide (d18:1/16:0) levels,TRUE,reported,UINqXl
12,50145670,A,G,0.300784,0.0864491,0.0166558,2.09918e-07,rs7308428,8266,Ceramide (d18:1/16:0) levels,TRUE,reported,UINqXl
12,68050888,C,T,0.163113,0.0976308,0.0208578,2.85776e-06,rs77519877,8266,Ceramide (d18:1/16:0) levels,TRUE,reported,UINqXl
13,106285700,G,T,0.167116,-0.0952801,0.0206039,3.75721e-06,rs7320739,8266,Ceramide (d18:1/16:0) levels,TRUE,reported,UINqXl
14,55539840,A,G,0.038205,-0.194376,0.0396235,9.31564e-07,rs76652113,8266,Ceramide (d18:1/16:0) levels,TRUE,reported,UINqXl
18,4756388,A,G,0.0273964,0.22332,0.0472754,2.31479e-06,rs6506246,8266,Ceramide (d18:1/16:0) levels,TRUE,reported,UINqXl
21,30311245,T,C,0.017233,0.270295,0.0587777,4.25363e-06,rs16986570,8266,Ceramide (d18:1/16:0) levels,TRUE,reported,UINqXl
