chr.exposure,pos.exposure,effect_allele.exposure,other_allele.exposure,eaf.exposure,beta.exposure,se.exposure,pval.exposure,SNP,samplesize.exposure,exposure,mr_keep.exposure,pval_origin.exposure,id.exposure
3,138075986,G,A,0.037885,0.203748,0.0434012,2.67224e-06,rs116368733,7304,3-(3-hydroxyphenyl)propionate levels,TRUE,reported,paN816
5,85403514,C,T,0.411885,0.0776593,0.0168972,4.30729e-06,rs2642700,7304,3-(3-hydroxyphenyl)propionate levels,TRUE,reported,paN816
6,53845093,A,C,0.616847,0.0783993,0.0170945,4.51293e-06,rs6934444,7304,3-(3-hydroxyphenyl)propionate levels,TRUE,reported,paN816
6,159450178,T,C,0.0192836,-0.28786,0.0598508,1.51219e-06,rs77232508,7304,3-(3-hydroxyphenyl)propionate levels,TRUE,reported,paN816
7,4790832,A,G,0.0253946,-0.250894,0.0524793,1.7458e-06,rs11766611,7304,3-(3-hydroxyphenyl)propionate levels,TRUE,reported,paN816
7,16799519,G,T,0.598043,0.0819053,0.017068,1.59659e-06,rs819005,7304,3-(3-hydroxyphenyl)propionate levels,TRUE,reported,paN816
8,14879374,A,C,0.0260445,0.239197,0.0513487,3.18857e-06,rs59641559,7304,3-(3-hydroxyphenyl)propionate levels,TRUE,reported,paN816
12,26443415,C,T,0.803673,-0.0993308,0.0215672,4.11186e-06,rs3759117,7304,3-(3-hydroxyphenyl)propionate levels,TRUE,reported,paN816
14,20653428,T,G,0.0342015,-0.239742,0.0452472,1.16759e-07,rs116849224,7304,3-(3-hydroxyphenyl)propionate levels,TRUE,reported,paN816
15,72680442,T,A,0.166299,0.1025,0.0220461,3.32983e-06,rs75892186,7304,3-(3-hydroxyphenyl)propionate levels,TRUE,reported,paN816
16,25949880,C,G,0.434608,-0.0760168,0.0165904,4.60614e-06,rs12919433,7304,3-(3-hydroxyphenyl)propionate levels,TRUE,reported,paN816
16,26811073,T,C,0.266127,-0.0866171,0.0187264,3.73894e-06,rs73527994,7304,3-(3-hydroxyphenyl)propionate levels,TRUE,reported,paN816
17,3938142,T,C,0.245691,0.0909177,0.0193812,2.71839e-06,rs2301351,7304,3-(3-hydroxyphenyl)propionate levels,TRUE,reported,paN816
18,10039713,T,G,0.0208018,0.277712,0.0580635,1.72793e-06,rs76084898,7304,3-(3-hydroxyphenyl)propionate levels,TRUE,reported,paN816
18,48775316,G,C,0.0454545,0.183114,0.0394205,3.39849e-06,rs72913712,7304,3-(3-hydroxyphenyl)propionate levels,TRUE,reported,paN816
