chr.exposure,pos.exposure,effect_allele.exposure,other_allele.exposure,eaf.exposure,beta.exposure,se.exposure,pval.exposure,SNP,samplesize.exposure,exposure,mr_keep.exposure,pval_origin.exposure,id.exposure
1,159669141,C,T,0.254468,-0.0779165,0.016933,4.19511e-06,rs1971863,8282,Myristate (14:0) levels,TRUE,reported,bEwq2J
1,164791381,T,A,0.304144,0.0767345,0.0160783,1.81899e-06,rs4657374,8282,Myristate (14:0) levels,TRUE,reported,bEwq2J
3,47628057,T,A,0.64375,-0.071366,0.0156068,4.81342e-06,rs12497825,8282,Myristate (14:0) levels,TRUE,reported,bEwq2J
4,3264873,CT,C,0.0385368,-0.175869,0.0383663,4.56318e-06,rs199774782,8282,Myristate (14:0) levels,TRUE,reported,bEwq2J
4,41196028,CG,C,0.114685,-0.106434,0.023234,4.62872e-06,rs33973917,8282,Myristate (14:0) levels,TRUE,reported,bEwq2J
4,87862419,A,T,0.205696,-0.0833084,0.018177,4.57945e-06,rs62316458,8282,Myristate (14:0) levels,TRUE,reported,bEwq2J
5,172823258,A,G,0.710093,0.0820239,0.0169006,1.21421e-06,rs6870663,8282,Myristate (14:0) levels,TRUE,reported,bEwq2J
6,74043534,T,C,0.0719481,-0.130481,0.0282639,3.90194e-06,rs72955114,8282,Myristate (14:0) levels,TRUE,reported,bEwq2J
6,80520159,C,T,0.100218,-0.112973,0.0245332,4.12649e-06,rs78325276,8282,Myristate (14:0) levels,TRUE,reported,bEwq2J
12,24993537,C,G,0.0199346,0.247072,0.0524406,2.45949e-06,rs79507970,8282,Myristate (14:0) levels,TRUE,reported,bEwq2J
15,82598511,A,G,0.0346457,-0.186148,0.0399606,3.1886e-06,rs143111293,8282,Myristate (14:0) levels,TRUE,reported,bEwq2J
16,1428263,A,G,0.0462974,-0.167948,0.0352044,1.83636e-06,rs62011351,8282,Myristate (14:0) levels,TRUE,reported,bEwq2J
19,56248382,A,G,0.062584,-0.164124,0.0301667,5.31144e-08,rs113915691,8282,Myristate (14:0) levels,TRUE,reported,bEwq2J
