chr.exposure,pos.exposure,effect_allele.exposure,other_allele.exposure,eaf.exposure,beta.exposure,se.exposure,pval.exposure,SNP,samplesize.exposure,exposure,mr_keep.exposure,pval_origin.exposure,id.exposure
1,205899302,A,C,0.0125152,-0.315234,0.0672785,2.79271e-06,rs116301309,8239,EDTA levels,TRUE,reported,gDb11E
2,136866289,G,A,0.765692,-0.0823434,0.0178025,3.73883e-06,rs2435388,8239,EDTA levels,TRUE,reported,gDb11E
2,152948430,G,A,0.310804,-0.0751194,0.0163022,4.06695e-06,rs11688483,8239,EDTA levels,TRUE,reported,gDb11E
3,195598495,G,A,0.118421,0.118902,0.0232367,3.10445e-07,rs73212280,8239,EDTA levels,TRUE,reported,gDb11E
5,114110083,A,G,0.0120423,-0.329439,0.0689279,1.75756e-06,rs79242179,8239,EDTA levels,TRUE,reported,gDb11E
5,174912278,G,C,0.0166054,0.268339,0.0583171,4.19693e-06,rs149452470,8239,EDTA levels,TRUE,reported,gDb11E
7,94356953,G,C,0.257555,-0.0804207,0.0172759,3.23875e-06,rs57900160,8239,EDTA levels,TRUE,reported,gDb11E
12,23205863,A,G,0.055853,0.155271,0.0325321,1.8163e-06,rs12831673,8239,EDTA levels,TRUE,reported,gDb11E
22,35971329,G,A,0.0100231,0.347156,0.0748954,3.56573e-06,rs117350560,8239,EDTA levels,TRUE,reported,gDb11E
