chr.exposure,pos.exposure,effect_allele.exposure,other_allele.exposure,eaf.exposure,beta.exposure,se.exposure,pval.exposure,SNP,samplesize.exposure,exposure,mr_keep.exposure,pval_origin.exposure,id.exposure
3,8682084,C,G,0.0161673,0.307548,0.0640299,1.56159e-06,rs56326229,7743,Taurocholic acid levels,TRUE,reported,8XA07b
3,134416433,C,T,0.0245212,-0.25345,0.0515769,8.92236e-07,rs191245370,7743,Taurocholic acid levels,TRUE,reported,8XA07b
4,160400285,G,A,0.209598,0.0975477,0.0196922,7.28489e-07,rs72960519,7743,Taurocholic acid levels,TRUE,reported,8XA07b
5,36472417,C,T,0.193758,0.0949068,0.0206797,4.44578e-06,rs7714690,7743,Taurocholic acid levels,TRUE,reported,8XA07b
5,123146549,C,A,0.598625,-0.0759421,0.0163598,3.45057e-06,rs335170,7743,Taurocholic acid levels,TRUE,reported,8XA07b
6,69642607,T,C,0.0613772,0.165821,0.0333471,6.60665e-07,rs112156304,7743,Taurocholic acid levels,TRUE,reported,8XA07b
7,128750089,C,G,0.0679189,0.149241,0.031806,2.70247e-06,rs2046973,7743,Taurocholic acid levels,TRUE,reported,8XA07b
7,152962972,A,C,0.304447,0.0897406,0.0178164,4.72942e-07,rs10952376,7743,Taurocholic acid levels,TRUE,reported,8XA07b
8,54589619,A,T,0.0525666,0.165986,0.0357764,3.49175e-06,rs4739015,7743,Taurocholic acid levels,TRUE,reported,8XA07b
11,61178427,G,T,0.0111677,0.35345,0.0765789,3.92148e-06,rs141105780,7743,Taurocholic acid levels,TRUE,reported,8XA07b
12,130242234,G,A,0.63299,-0.077225,0.0168375,4.50746e-06,rs10848050,7743,Taurocholic acid levels,TRUE,reported,8XA07b
16,62613050,G,A,0.32609,0.0807543,0.0172906,3.00588e-06,rs2933555,7743,Taurocholic acid levels,TRUE,reported,8XA07b
17,10808360,A,C,0.0809504,-0.149098,0.0299223,6.2658e-07,rs76149982,7743,Taurocholic acid levels,TRUE,reported,8XA07b
20,31852196,G,A,0.0503607,-0.182068,0.0366733,6.88466e-07,rs8120082,7743,Taurocholic acid levels,TRUE,reported,8XA07b
20,37681614,C,T,0.982833,0.282703,0.0612966,3.987e-06,rs913967,7743,Taurocholic acid levels,TRUE,reported,8XA07b
20,56717423,G,A,0.479134,-0.0857847,0.0160219,8.59299e-08,rs2426643,7743,Taurocholic acid levels,TRUE,reported,8XA07b
