chr.exposure,pos.exposure,effect_allele.exposure,other_allele.exposure,eaf.exposure,beta.exposure,se.exposure,pval.exposure,SNP,samplesize.exposure,exposure,mr_keep.exposure,pval_origin.exposure,id.exposure
3,47628057,T,A,0.643689,-0.0811865,0.0160008,3.89732e-07,rs12497825,8269,Palmitate (16:0) levels,TRUE,reported,dD8PGf
4,4788689,A,G,0.0295118,-0.206433,0.0444961,3.49494e-06,rs113384879,8269,Palmitate (16:0) levels,TRUE,reported,dD8PGf
4,156785921,A,G,0.0501938,-0.178157,0.0346431,2.70879e-07,rs116530753,8269,Palmitate (16:0) levels,TRUE,reported,dD8PGf
4,165147155,G,C,0.135997,-0.100859,0.0220426,4.74833e-06,rs62352255,8269,Palmitate (16:0) levels,TRUE,reported,dD8PGf
5,96814807,C,T,0.035723,-0.215616,0.0407186,1.18847e-07,rs79859092,8269,Palmitate (16:0) levels,TRUE,reported,dD8PGf
9,14170637,C,T,0.117307,0.10652,0.0232542,4.63503e-06,rs79715983,8269,Palmitate (16:0) levels,TRUE,reported,dD8PGf
12,24993537,C,G,0.0199053,0.255889,0.0538036,1.97492e-06,rs79507970,8269,Palmitate (16:0) levels,TRUE,reported,dD8PGf
12,95262746,C,A,0.0985583,-0.116123,0.0252257,4.15695e-06,rs2306885,8269,Palmitate (16:0) levels,TRUE,reported,dD8PGf
19,56248382,A,G,0.0624388,-0.155597,0.0309976,5.17659e-07,rs113915691,8269,Palmitate (16:0) levels,TRUE,reported,dD8PGf
21,21428005,A,G,0.165582,-0.0937621,0.0204201,4.39724e-06,rs2826831,8269,Palmitate (16:0) levels,TRUE,reported,dD8PGf
