chr.exposure,pos.exposure,effect_allele.exposure,other_allele.exposure,eaf.exposure,beta.exposure,se.exposure,pval.exposure,SNP,samplesize.exposure,exposure,mr_keep.exposure,pval_origin.exposure,id.exposure
1,55781379,A,G,0.555343,-0.0789686,0.0163742,1.41594e-06,rs3122550,7919,4-hydroxy-2-oxoglutaric acid levels,TRUE,reported,44F11Z
2,126027488,C,A,0.0544811,-0.165354,0.0348722,2.11905e-06,rs13407208,7919,4-hydroxy-2-oxoglutaric acid levels,TRUE,reported,44F11Z
3,85172727,C,T,0.0475648,0.186011,0.0372574,5.95754e-07,rs201330921,7919,4-hydroxy-2-oxoglutaric acid levels,TRUE,reported,44F11Z
4,53203272,G,C,0.632644,-0.0756939,0.016398,3.91114e-06,rs2412398,7919,4-hydroxy-2-oxoglutaric acid levels,TRUE,reported,44F11Z
4,69989261,T,C,0.0984262,0.133469,0.0267905,6.29475e-07,rs28661681,7919,4-hydroxy-2-oxoglutaric acid levels,TRUE,reported,44F11Z
7,17411889,T,C,0.935884,-0.160348,0.0326478,9.04118e-07,rs1111546,7919,4-hydroxy-2-oxoglutaric acid levels,TRUE,reported,44F11Z
7,77987679,A,G,0.0217391,0.251317,0.0540124,3.27231e-06,rs118096131,7919,4-hydroxy-2-oxoglutaric acid levels,TRUE,reported,44F11Z
7,106058865,A,G,0.0149026,0.320767,0.0659023,1.13125e-06,rs74947424,7919,4-hydroxy-2-oxoglutaric acid levels,TRUE,reported,44F11Z
8,59399607,A,G,0.667525,0.0802719,0.017475,4.3582e-06,rs4738772,7919,4-hydroxy-2-oxoglutaric acid levels,TRUE,reported,44F11Z
10,8839128,C,T,0.0130264,0.335556,0.0700661,1.6751e-06,rs78322209,7919,4-hydroxy-2-oxoglutaric acid levels,TRUE,reported,44F11Z
10,97695700,T,C,0.0229172,-0.257749,0.0530526,1.18363e-06,rs142426909,7919,4-hydroxy-2-oxoglutaric acid levels,TRUE,reported,44F11Z
13,55046629,G,A,0.0330422,0.218206,0.0448042,1.11481e-06,rs17698082,7919,4-hydroxy-2-oxoglutaric acid levels,TRUE,reported,44F11Z
14,56336549,C,T,0.0144509,0.333603,0.0668571,6.04442e-07,rs116921574,7919,4-hydroxy-2-oxoglutaric acid levels,TRUE,reported,44F11Z
14,94349962,G,A,0.569704,-0.0748148,0.016048,3.13239e-06,rs2749530,7919,4-hydroxy-2-oxoglutaric acid levels,TRUE,reported,44F11Z
16,51065004,G,A,0.0376569,0.214509,0.0417205,2.72452e-07,rs141532226,7919,4-hydroxy-2-oxoglutaric acid levels,TRUE,reported,44F11Z
17,39081500,A,G,0.299797,0.080762,0.0173576,3.27401e-06,rs4795346,7919,4-hydroxy-2-oxoglutaric acid levels,TRUE,reported,44F11Z
20,346076,A,G,0.0365885,0.197508,0.0428461,4.03236e-06,rs111299714,7919,4-hydroxy-2-oxoglutaric acid levels,TRUE,reported,44F11Z
