chr.exposure,pos.exposure,effect_allele.exposure,other_allele.exposure,eaf.exposure,beta.exposure,se.exposure,pval.exposure,SNP,samplesize.exposure,exposure,mr_keep.exposure,pval_origin.exposure,id.exposure
1,7883259,A,G,0.165107,0.118983,0.0251484,2.23149e-06,rs72633055,5602,X-21807 levels,TRUE,reported,9yuJ7E
3,165889399,TA,T,0.362464,-0.0921964,0.0194732,2.19558e-06,rs11415879,5602,X-21807 levels,TRUE,reported,9yuJ7E
4,177525690,A,C,0.477277,-0.0869379,0.0188135,3.81812e-06,rs35644339,5602,X-21807 levels,TRUE,reported,9yuJ7E
5,163007077,C,T,0.0167054,0.333338,0.0722956,4.01196e-06,rs115119775,5602,X-21807 levels,TRUE,reported,9yuJ7E
10,122013508,C,A,0.149258,-0.121396,0.0261735,3.51548e-06,rs3750842,5602,X-21807 levels,TRUE,reported,9yuJ7E
16,77400220,G,C,0.26293,0.0986052,0.021511,4.5629e-06,rs10153078,5602,X-21807 levels,TRUE,reported,9yuJ7E
18,8029107,A,G,0.0313736,0.279368,0.0537828,2.05402e-07,rs76563564,5602,X-21807 levels,TRUE,reported,9yuJ7E
20,36877399,G,A,0.0174492,-0.329769,0.0722059,4.94603e-06,rs367677895,5602,X-21807 levels,TRUE,reported,9yuJ7E
21,26076454,C,T,0.0770468,0.16187,0.0351692,4.17224e-06,rs2830042,5602,X-21807 levels,TRUE,reported,9yuJ7E
22,40819179,G,A,0.0411427,-0.219356,0.0471888,3.34397e-06,rs5758092,5602,X-21807 levels,TRUE,reported,9yuJ7E
