chr.exposure,pos.exposure,effect_allele.exposure,other_allele.exposure,eaf.exposure,beta.exposure,se.exposure,pval.exposure,SNP,samplesize.exposure,exposure,mr_keep.exposure,pval_origin.exposure,id.exposure
2,46792382,A,G,0.361539,0.0780962,0.0161809,1.38997e-06,rs35809007,8128,X-18901 levels,TRUE,reported,5t4BEm
2,104804258,A,C,0.0103362,0.349726,0.0762101,4.45434e-06,rs140994924,8128,X-18901 levels,TRUE,reported,5t4BEm
2,233672032,C,T,0.0148454,0.341633,0.062974,5.79559e-08,rs72551330,8128,X-18901 levels,TRUE,reported,5t4BEm
3,148944225,A,G,0.0469426,0.167357,0.0357511,2.85259e-06,rs112059398,8128,X-18901 levels,TRUE,reported,5t4BEm
3,152904107,G,A,0.829609,0.0965686,0.0204221,2.26043e-06,rs1439025,8128,X-18901 levels,TRUE,reported,5t4BEm
4,40383970,T,C,0.0105341,0.378909,0.0748539,4.14931e-07,rs139567251,8128,X-18901 levels,TRUE,reported,5t4BEm
4,70590244,C,T,0.482784,0.0697006,0.0152137,4.61797e-06,rs28432331,8128,X-18901 levels,TRUE,reported,5t4BEm
5,175588031,A,G,0.0259879,-0.23221,0.0484864,1.67458e-06,rs138612141,8128,X-18901 levels,TRUE,reported,5t4BEm
6,105454174,A,G,0.0152209,0.329788,0.0623707,1.23971e-07,rs117573557,8128,X-18901 levels,TRUE,reported,5t4BEm
6,124647096,A,G,0.60656,0.0710948,0.015574,4.99563e-06,rs1765654,8128,X-18901 levels,TRUE,reported,5t4BEm
6,152369424,A,G,0.539636,0.0724596,0.0157971,4.49869e-06,rs1873176,8128,X-18901 levels,TRUE,reported,5t4BEm
10,18188831,T,C,0.0329022,-0.203207,0.0431295,2.45837e-06,rs140808895,8128,X-18901 levels,TRUE,reported,5t4BEm
10,94960089,T,A,0.193407,0.104259,0.0193673,7.3145e-08,rs80159642,8128,X-18901 levels,TRUE,reported,5t4BEm
14,22831183,T,G,0.301417,0.0792736,0.0166563,1.94198e-06,rs9646149,8128,X-18901 levels,TRUE,reported,5t4BEm
