chr.exposure,pos.exposure,SNP,effect_allele.exposure,other_allele.exposure,beta.exposure,pval.exposure,se.exposure,samplesize.exposure,eaf.exposure,exposure,mr_keep.exposure,pval_origin.exposure,id.exposure,chr_prot,tss,cis_trans
2,185837827,rs75309388,A,G,-0.232758,4.63553644619851e-14,0.0308625,33777,0.0153063,fam171b_q6p995_oid31338_v1_oncology_ii,TRUE,reported,fam171b_q6p995_oid31338_v1_oncology_ii,chr2,186694061,cis
2,185935187,rs12615964,T,A,0.0873376,2.44174327349674e-11,0.0130807,33777,0.0942702,fam171b_q6p995_oid31338_v1_oncology_ii,TRUE,reported,fam171b_q6p995_oid31338_v1_oncology_ii,chr2,186694061,cis
2,186307576,rs59532094,A,C,0.125653,3.76183722791328e-14,0.016601,33777,0.0553862,fam171b_q6p995_oid31338_v1_oncology_ii,TRUE,reported,fam171b_q6p995_oid31338_v1_oncology_ii,chr2,186694061,cis
2,186678396,rs11891461,T,A,-0.376798,1e-200,0.00846488,33777,0.278671,fam171b_q6p995_oid31338_v1_oncology_ii,TRUE,reported,fam171b_q6p995_oid31338_v1_oncology_ii,chr2,186694061,cis
2,186702073,rs79285319,C,T,0.180136,6.08695372334903e-20,0.0197025,33777,0.0421921,fam171b_q6p995_oid31338_v1_oncology_ii,TRUE,reported,fam171b_q6p995_oid31338_v1_oncology_ii,chr2,186694061,cis
2,186718587,rs75200008,C,A,0.159118,4.80507311089813e-12,0.0230232,33777,0.0287281,fam171b_q6p995_oid31338_v1_oncology_ii,TRUE,reported,fam171b_q6p995_oid31338_v1_oncology_ii,chr2,186694061,cis
2,186772300,rs74825421,A,G,0.123043,9.95863924053591e-09,0.0214681,33777,0.0356381,fam171b_q6p995_oid31338_v1_oncology_ii,TRUE,reported,fam171b_q6p995_oid31338_v1_oncology_ii,chr2,186694061,cis
2,187026238,rs200408250,G,A,-0.0655484,4.96249406079745e-12,0.00949063,33777,0.340278,fam171b_q6p995_oid31338_v1_oncology_ii,TRUE,reported,fam171b_q6p995_oid31338_v1_oncology_ii,chr2,186694061,cis
2,187027856,rs72903038,G,A,0.0965869,1.88751321097033e-08,0.0171801,33777,0.0540881,fam171b_q6p995_oid31338_v1_oncology_ii,TRUE,reported,fam171b_q6p995_oid31338_v1_oncology_ii,chr2,186694061,cis
2,187283772,rs1814217,G,A,0.156145,2.06856894298406e-10,0.0245659,33777,0.0242252,fam171b_q6p995_oid31338_v1_oncology_ii,TRUE,reported,fam171b_q6p995_oid31338_v1_oncology_ii,chr2,186694061,cis
2,187613343,rs13013074,C,T,-0.0920941,8.76395219629873e-19,0.0104063,33777,0.161157,fam171b_q6p995_oid31338_v1_oncology_ii,TRUE,reported,fam171b_q6p995_oid31338_v1_oncology_ii,chr2,186694061,cis
