chr.exposure,pos.exposure,SNP,effect_allele.exposure,other_allele.exposure,beta.exposure,pval.exposure,se.exposure,samplesize.exposure,eaf.exposure,exposure,mr_keep.exposure,pval_origin.exposure,id.exposure,chr_prot,tss,cis_trans
8,22744504,rs56329286,C,T,-0.0555675,8.4000138087988e-10,0.00905424,33436,0.188236,tnfrsf10b_o14763_oid20981_v1_neurology,TRUE,reported,tnfrsf10b_o14763_oid20981_v1_neurology,chr8,23069187,cis
8,22923041,rs10503721,A,G,0.0887015,1.91381520204743e-14,0.0115854,33436,0.102734,tnfrsf10b_o14763_oid20981_v1_neurology,TRUE,reported,tnfrsf10b_o14763_oid20981_v1_neurology,chr8,23069187,cis
8,22929542,rs28478074,T,C,-0.132569,1.24882044459039e-21,0.0138759,33436,0.0700433,tnfrsf10b_o14763_oid20981_v1_neurology,TRUE,reported,tnfrsf10b_o14763_oid20981_v1_neurology,chr8,23069187,cis
8,22950705,rs150926839,A,G,0.142868,3.82049820523729e-10,0.022818,33436,0.0248993,tnfrsf10b_o14763_oid20981_v1_neurology,TRUE,reported,tnfrsf10b_o14763_oid20981_v1_neurology,chr8,23069187,cis
8,22966346,rs2430799,C,T,0.216125,1.23282093303467e-61,0.0130465,33436,0.918839,tnfrsf10b_o14763_oid20981_v1_neurology,TRUE,reported,tnfrsf10b_o14763_oid20981_v1_neurology,chr8,23069187,cis
8,23019809,rs41308108,A,G,-0.449708,1.6695521915543e-37,0.0351373,33436,0.0102886,tnfrsf10b_o14763_oid20981_v1_neurology,TRUE,reported,tnfrsf10b_o14763_oid20981_v1_neurology,chr8,23069187,cis
8,23049677,rs140890827,T,G,-0.204528,1.00716355013213e-17,0.0238569,33436,0.0257089,tnfrsf10b_o14763_oid20981_v1_neurology,TRUE,reported,tnfrsf10b_o14763_oid20981_v1_neurology,chr8,23069187,cis
8,23097794,rs4871846,G,C,-0.0832861,1.09370450250796e-30,0.0072321,33436,0.388902,tnfrsf10b_o14763_oid20981_v1_neurology,TRUE,reported,tnfrsf10b_o14763_oid20981_v1_neurology,chr8,23069187,cis
8,23130648,rs117402725,A,G,-0.19358,3.4395371138064e-12,0.0278193,33436,0.0169847,tnfrsf10b_o14763_oid20981_v1_neurology,TRUE,reported,tnfrsf10b_o14763_oid20981_v1_neurology,chr8,23069187,cis
