chr.exposure,pos.exposure,SNP,effect_allele.exposure,other_allele.exposure,beta.exposure,pval.exposure,se.exposure,samplesize.exposure,eaf.exposure,exposure,mr_keep.exposure,pval_origin.exposure,id.exposure,chr_prot,tss,cis_trans
17,34186238,rs150772274,T,C,0.236059,9.82878873000032e-12,0.0346688,33980,0.0127553,ccl13_q99616_oid20655_v1_inflammation,TRUE,reported,ccl13_q99616_oid20655_v1_inflammation,chr17,34356451,cis
17,34196278,rs75161959,T,C,0.185208,3.84237722998909e-13,0.0255071,33980,0.0208064,ccl13_q99616_oid20655_v1_inflammation,TRUE,reported,ccl13_q99616_oid20655_v1_inflammation,chr17,34356451,cis
17,34202691,rs72825017,T,G,-0.149497,5.57442401543748e-19,0.016797,33980,0.0493967,ccl13_q99616_oid20655_v1_inflammation,TRUE,reported,ccl13_q99616_oid20655_v1_inflammation,chr17,34356451,cis
17,34247553,rs142650245,T,C,0.238986,2.1677041048197e-13,0.0325682,33980,0.0140733,ccl13_q99616_oid20655_v1_inflammation,TRUE,reported,ccl13_q99616_oid20655_v1_inflammation,chr17,34356451,cis
17,34259075,rs2530797,T,C,0.1621,1.01391138573668e-102,0.00753258,33980,0.620109,ccl13_q99616_oid20655_v1_inflammation,TRUE,reported,ccl13_q99616_oid20655_v1_inflammation,chr17,34356451,cis
17,34305359,rs11652256,A,G,0.148592,1.27790920956629e-12,0.0209383,33980,0.0313861,ccl13_q99616_oid20655_v1_inflammation,TRUE,reported,ccl13_q99616_oid20655_v1_inflammation,chr17,34356451,cis
17,34324311,rs1946589,A,G,-0.303512,3.86901131655107e-30,0.0266081,33980,0.980316,ccl13_q99616_oid20655_v1_inflammation,TRUE,reported,ccl13_q99616_oid20655_v1_inflammation,chr17,34356451,cis
17,34349930,rs140976744,T,C,0.302767,1.39604687237286e-28,0.0272998,33980,0.019468,ccl13_q99616_oid20655_v1_inflammation,TRUE,reported,ccl13_q99616_oid20655_v1_inflammation,chr17,34356451,cis
17,34355597,rs3136674,C,T,-0.462266,9.90831944892789e-179,0.0162166,33980,0.0537475,ccl13_q99616_oid20655_v1_inflammation,TRUE,reported,ccl13_q99616_oid20655_v1_inflammation,chr17,34356451,cis
17,34506143,rs2159280,T,C,0.0504313,1.76169207231335e-08,0.00895138,33980,0.788465,ccl13_q99616_oid20655_v1_inflammation,TRUE,reported,ccl13_q99616_oid20655_v1_inflammation,chr17,34356451,cis
