chr.exposure,pos.exposure,SNP,effect_allele.exposure,other_allele.exposure,beta.exposure,pval.exposure,se.exposure,samplesize.exposure,eaf.exposure,exposure,mr_keep.exposure,pval_origin.exposure,id.exposure,chr_prot,tss,cis_trans
1,94351167,rs61784324,A,G,0.16778,2.18363476518948e-08,0.0299779,33714,0.0144346,f3_p13726_oid21440_v1_oncology,TRUE,reported,f3_p13726_oid21440_v1_oncology,chr1,94541857,cis
1,94529935,rs841692,T,C,-0.0899426,2.40270249853832e-38,0.0069463,33714,0.50583,f3_p13726_oid21440_v1_oncology,TRUE,reported,f3_p13726_oid21440_v1_oncology,chr1,94541857,cis
1,94623165,rs11165186,C,A,0.143342,8.60795523869458e-45,0.010208,33714,0.135235,f3_p13726_oid21440_v1_oncology,TRUE,reported,f3_p13726_oid21440_v1_oncology,chr1,94541857,cis
1,94723674,rs2997380,A,G,0.0458739,1.52394747959882e-10,0.00716448,33714,0.61519,f3_p13726_oid21440_v1_oncology,TRUE,reported,f3_p13726_oid21440_v1_oncology,chr1,94541857,cis
1,94742290,rs77251639,T,G,-0.217878,7.94694120636607e-17,0.0261495,33714,0.0195627,f3_p13726_oid21440_v1_oncology,TRUE,reported,f3_p13726_oid21440_v1_oncology,chr1,94541857,cis
1,94802584,rs143389615,C,T,-0.155485,2.58196291405648e-10,0.0245943,33714,0.0220477,f3_p13726_oid21440_v1_oncology,TRUE,reported,f3_p13726_oid21440_v1_oncology,chr1,94541857,cis
1,94811135,rs3860340,T,C,-0.184532,8.43334757764252e-145,0.00720176,33714,0.626046,f3_p13726_oid21440_v1_oncology,TRUE,reported,f3_p13726_oid21440_v1_oncology,chr1,94541857,cis
1,94879438,rs143287604,A,G,-0.111315,4.48394214103708e-09,0.0189787,33714,0.0358849,f3_p13726_oid21440_v1_oncology,TRUE,reported,f3_p13726_oid21440_v1_oncology,chr1,94541857,cis
1,94931142,rs77287244,T,C,0.130827,5.07107460640517e-12,0.0189505,33714,0.0345405,f3_p13726_oid21440_v1_oncology,TRUE,reported,f3_p13726_oid21440_v1_oncology,chr1,94541857,cis
