chr.exposure,pos.exposure,SNP,effect_allele.exposure,other_allele.exposure,beta.exposure,pval.exposure,se.exposure,samplesize.exposure,eaf.exposure,exposure,mr_keep.exposure,pval_origin.exposure,id.exposure,chr_prot,tss,cis_trans
19,18298258,rs10424779,C,T,0.0618094,3.04789498962798e-12,0.00886092,33533,0.734238,lrrc25_q8n386_oid21333_v1_oncology,TRUE,reported,lrrc25_q8n386_oid21333_v1_oncology,chr19,18397645,cis
19,18317797,rs113169435,T,C,0.149487,6.99825881730321e-09,0.0258139,33533,0.0212842,lrrc25_q8n386_oid21333_v1_oncology,TRUE,reported,lrrc25_q8n386_oid21333_v1_oncology,chr19,18397645,cis
19,18386214,rs1059519,C,G,0.0702753,1.15398456500509e-20,0.00753957,33533,0.660946,lrrc25_q8n386_oid21333_v1_oncology,TRUE,reported,lrrc25_q8n386_oid21333_v1_oncology,chr19,18397645,cis
19,18400420,rs11086109,C,T,-0.308288,1e-200,0.00722982,33533,0.471674,lrrc25_q8n386_oid21333_v1_oncology,TRUE,reported,lrrc25_q8n386_oid21333_v1_oncology,chr19,18397645,cis
19,18613556,rs73531622,A,C,-0.178571,1.78262502918566e-10,0.0279937,33533,0.017063,lrrc25_q8n386_oid21333_v1_oncology,TRUE,reported,lrrc25_q8n386_oid21333_v1_oncology,chr19,18397645,cis
19,18703520,rs4808846,G,A,-0.0854083,2.21972922495428e-32,0.00720903,33533,0.480033,lrrc25_q8n386_oid21333_v1_oncology,TRUE,reported,lrrc25_q8n386_oid21333_v1_oncology,chr19,18397645,cis
19,18817456,rs138462992,G,A,0.199294,7.17629032054771e-16,0.0247034,33533,0.0230537,lrrc25_q8n386_oid21333_v1_oncology,TRUE,reported,lrrc25_q8n386_oid21333_v1_oncology,chr19,18397645,cis
19,18916042,rs75226807,G,A,0.0679963,7.00325596737054e-10,0.0110276,33533,0.119901,lrrc25_q8n386_oid21333_v1_oncology,TRUE,reported,lrrc25_q8n386_oid21333_v1_oncology,chr19,18397645,cis
19,18937086,rs111790312,A,G,-0.116392,3.91832089394111e-11,0.0176162,33533,0.0464006,lrrc25_q8n386_oid21333_v1_oncology,TRUE,reported,lrrc25_q8n386_oid21333_v1_oncology,chr19,18397645,cis
