chr.exposure,pos.exposure,SNP,effect_allele.exposure,other_allele.exposure,beta.exposure,pval.exposure,se.exposure,samplesize.exposure,eaf.exposure,exposure,mr_keep.exposure,pval_origin.exposure,id.exposure,chr_prot,tss,cis_trans
12,6379284,rs11064153,C,T,-0.0779084,8.85931206973049e-18,0.0090719,33822,0.207128,cd27_p26842_oid21527_v1_oncology,TRUE,reported,cd27_p26842_oid21527_v1_oncology,chr12,6444866,cis
12,6407915,rs12367839,C,G,-0.132949,1.77222965744772e-08,0.0236023,33822,0.0264065,cd27_p26842_oid21527_v1_oncology,TRUE,reported,cd27_p26842_oid21527_v1_oncology,chr12,6444866,cis
12,6428041,rs7311708,A,G,0.117442,1.91866874067029e-13,0.015969,33822,0.0597299,cd27_p26842_oid21527_v1_oncology,TRUE,reported,cd27_p26842_oid21527_v1_oncology,chr12,6444866,cis
12,6434973,rs60237390,T,G,-0.170725,2.18489212826766e-09,0.0285329,33822,0.0177279,cd27_p26842_oid21527_v1_oncology,TRUE,reported,cd27_p26842_oid21527_v1_oncology,chr12,6444866,cis
12,6444694,rs3136551,G,A,-0.301009,5.8465544675275e-63,0.0179727,33822,0.04537,cd27_p26842_oid21527_v1_oncology,TRUE,reported,cd27_p26842_oid21527_v1_oncology,chr12,6444866,cis
12,6445462,rs25680,A,G,0.293625,1e-200,0.00864012,33822,0.23946,cd27_p26842_oid21527_v1_oncology,TRUE,reported,cd27_p26842_oid21527_v1_oncology,chr12,6444866,cis
12,6447515,rs11569370,A,G,-0.212746,2.44286799678646e-14,0.0279015,33822,0.0187677,cd27_p26842_oid21527_v1_oncology,TRUE,reported,cd27_p26842_oid21527_v1_oncology,chr12,6444866,cis
12,6465373,rs10849461,C,A,0.108635,1.07646521362983e-31,0.00927372,33822,0.201032,cd27_p26842_oid21527_v1_oncology,TRUE,reported,cd27_p26842_oid21527_v1_oncology,chr12,6444866,cis
12,6553319,rs146094919,A,G,-0.201007,1.77827941003892e-16,0.0244055,33822,0.0237718,cd27_p26842_oid21527_v1_oncology,TRUE,reported,cd27_p26842_oid21527_v1_oncology,chr12,6444866,cis
12,6710201,rs148806701,A,G,0.174506,6.80079995036853e-10,0.02828,33822,0.0179121,cd27_p26842_oid21527_v1_oncology,TRUE,reported,cd27_p26842_oid21527_v1_oncology,chr12,6444866,cis
12,6784313,rs2103396,T,C,-0.0451295,2.15268259774449e-08,0.0080599,33822,0.302455,cd27_p26842_oid21527_v1_oncology,TRUE,reported,cd27_p26842_oid21527_v1_oncology,chr12,6444866,cis
