chr.exposure,pos.exposure,SNP,effect_allele.exposure,other_allele.exposure,beta.exposure,pval.exposure,se.exposure,samplesize.exposure,eaf.exposure,exposure,mr_keep.exposure,pval_origin.exposure,id.exposure,chr_prot,tss,cis_trans
6,168898152,rs12208049,T,C,0.0519239,2.61216135439921e-11,0.00778827,33687,0.353408,thbs2_p35442_oid21104_v1_neurology,TRUE,reported,thbs2_p35442_oid21104_v1_neurology,chr6,169254114,cis
6,169013745,rs73242738,T,A,0.102302,3.76703798983909e-14,0.0135164,33687,0.0831711,thbs2_p35442_oid21104_v1_neurology,TRUE,reported,thbs2_p35442_oid21104_v1_neurology,chr6,169254114,cis
6,169090129,rs118160616,C,G,0.142592,1.10103214872977e-20,0.01529,33687,0.0683129,thbs2_p35442_oid21104_v1_neurology,TRUE,reported,thbs2_p35442_oid21104_v1_neurology,chr6,169254114,cis
6,169144329,rs56796432,C,T,-0.119426,1.07053285383336e-20,0.0128018,33687,0.0996403,thbs2_p35442_oid21104_v1_neurology,TRUE,reported,thbs2_p35442_oid21104_v1_neurology,chr6,169254114,cis
6,169158321,rs73234350,A,G,-0.343832,2.31100029012061e-56,0.0217357,33687,0.031638,thbs2_p35442_oid21104_v1_neurology,TRUE,reported,thbs2_p35442_oid21104_v1_neurology,chr6,169254114,cis
6,169178410,rs1331981,C,T,0.15678,1.44510698425397e-24,0.0153245,33687,0.936317,thbs2_p35442_oid21104_v1_neurology,TRUE,reported,thbs2_p35442_oid21104_v1_neurology,chr6,169254114,cis
6,169209020,rs149648026,C,T,-0.382827,2.32327168784862e-31,0.0328637,33687,0.0138858,thbs2_p35442_oid21104_v1_neurology,TRUE,reported,thbs2_p35442_oid21104_v1_neurology,chr6,169254114,cis
6,169224627,rs12174547,T,C,-0.235985,5.5335010921573e-143,0.00926902,33687,0.206507,thbs2_p35442_oid21104_v1_neurology,TRUE,reported,thbs2_p35442_oid21104_v1_neurology,chr6,169254114,cis
6,169271437,rs73049871,T,C,-0.102065,1.04135786152844e-21,0.0106621,33687,0.148447,thbs2_p35442_oid21104_v1_neurology,TRUE,reported,thbs2_p35442_oid21104_v1_neurology,chr6,169254114,cis
6,169312002,rs148506905,C,T,0.159505,2.14387766597351e-11,0.0238215,33687,0.0272042,thbs2_p35442_oid21104_v1_neurology,TRUE,reported,thbs2_p35442_oid21104_v1_neurology,chr6,169254114,cis
6,169572848,rs10806670,G,T,0.0540017,2.9362971257567e-11,0.0081209,33687,0.700022,thbs2_p35442_oid21104_v1_neurology,TRUE,reported,thbs2_p35442_oid21104_v1_neurology,chr6,169254114,cis
6,169660291,rs7760433,A,G,0.0954339,1.52612462490278e-09,0.0157962,33687,0.0592217,thbs2_p35442_oid21104_v1_neurology,TRUE,reported,thbs2_p35442_oid21104_v1_neurology,chr6,169254114,cis
