chr.exposure,pos.exposure,SNP,effect_allele.exposure,other_allele.exposure,beta.exposure,pval.exposure,se.exposure,samplesize.exposure,eaf.exposure,exposure,mr_keep.exposure,pval_origin.exposure,id.exposure,chr_prot,tss,cis_trans
17,74370345,rs62063609,A,G,-0.0470174,6.5081866546557e-09,0.00810205,33962,0.28532,cd300c_q08708_oid21010_v1_neurology,TRUE,reported,cd300c_q08708_oid21010_v1_neurology,chr17,74546171,cis
17,74374262,rs1320040,C,T,-0.0792438,3.80014352941585e-19,0.00886135,33962,0.779513,cd300c_q08708_oid21010_v1_neurology,TRUE,reported,cd300c_q08708_oid21010_v1_neurology,chr17,74546171,cis
17,74448293,rs4789663,G,T,-0.0843561,2.23048855937761e-12,0.0120178,33962,0.897205,cd300c_q08708_oid21010_v1_neurology,TRUE,reported,cd300c_q08708_oid21010_v1_neurology,chr17,74546171,cis
17,74449748,rs76840885,A,G,0.105793,4.65757653379264e-09,0.0180566,33962,0.0422089,cd300c_q08708_oid21010_v1_neurology,TRUE,reported,cd300c_q08708_oid21010_v1_neurology,chr17,74546171,cis
17,74464635,rs8081999,G,T,-0.487583,2.00308786526998e-98,0.0231562,33962,0.0253434,cd300c_q08708_oid21010_v1_neurology,TRUE,reported,cd300c_q08708_oid21010_v1_neurology,chr17,74546171,cis
17,74464765,rs8078343,C,A,-0.223342,1.88886100147301e-15,0.0280989,33962,0.0167636,cd300c_q08708_oid21010_v1_neurology,TRUE,reported,cd300c_q08708_oid21010_v1_neurology,chr17,74546171,cis
17,74473827,rs2272111,A,G,-0.227661,1.13501081567233e-138,0.00908205,33962,0.20202,cd300c_q08708_oid21010_v1_neurology,TRUE,reported,cd300c_q08708_oid21010_v1_neurology,chr17,74546171,cis
17,74476535,rs117693204,A,G,0.605429,1.91513767546749e-95,0.0292075,33962,0.0164327,cd300c_q08708_oid21010_v1_neurology,TRUE,reported,cd300c_q08708_oid21010_v1_neurology,chr17,74546171,cis
17,74483564,rs111443162,T,C,-0.147385,1.24617777055792e-10,0.0229086,33962,0.0257749,cd300c_q08708_oid21010_v1_neurology,TRUE,reported,cd300c_q08708_oid21010_v1_neurology,chr17,74546171,cis
17,74503317,rs2001742,G,A,0.568069,1e-200,0.0116029,33962,0.111535,cd300c_q08708_oid21010_v1_neurology,TRUE,reported,cd300c_q08708_oid21010_v1_neurology,chr17,74546171,cis
17,74560683,rs1504350,A,T,-0.0778347,4.37320665169644e-26,0.00736788,33962,0.420561,cd300c_q08708_oid21010_v1_neurology,TRUE,reported,cd300c_q08708_oid21010_v1_neurology,chr17,74546171,cis
17,74614510,rs186627833,T,C,0.256488,7.53182117174178e-24,0.0254716,33962,0.0226882,cd300c_q08708_oid21010_v1_neurology,TRUE,reported,cd300c_q08708_oid21010_v1_neurology,chr17,74546171,cis
