chr.exposure,pos.exposure,SNP,effect_allele.exposure,other_allele.exposure,beta.exposure,pval.exposure,se.exposure,samplesize.exposure,eaf.exposure,exposure,mr_keep.exposure,pval_origin.exposure,id.exposure,chr_prot,tss,cis_trans
11,102192706,rs17689778,A,G,-0.128488,1.57108614967396e-16,0.0155725,33895,0.061189,mmp8_p22894_oid21019_v1_neurology,TRUE,reported,mmp8_p22894_oid21019_v1_neurology,chr11,102724967,cis
11,102514477,rs569042,T,A,0.0698491,6.33286164452198e-19,0.00786055,33895,0.397354,mmp8_p22894_oid21019_v1_neurology,TRUE,reported,mmp8_p22894_oid21019_v1_neurology,chr11,102724967,cis
11,102608391,rs1784420,T,A,0.104788,7.17629032054768e-39,0.0080354,33895,0.311939,mmp8_p22894_oid21019_v1_neurology,TRUE,reported,mmp8_p22894_oid21019_v1_neurology,chr11,102724967,cis
11,102684301,rs138856825,C,A,-1.24709,1e-200,0.0240763,33895,0.0247608,mmp8_p22894_oid21019_v1_neurology,TRUE,reported,mmp8_p22894_oid21019_v1_neurology,chr11,102724967,cis
11,102691244,rs10895349,T,C,-0.229882,1.12979591467279e-136,0.00923844,33895,0.206272,mmp8_p22894_oid21019_v1_neurology,TRUE,reported,mmp8_p22894_oid21019_v1_neurology,chr11,102724967,cis
11,102768798,rs12418070,T,C,0.0828844,8.82063802136671e-19,0.0093664,33895,0.196788,mmp8_p22894_oid21019_v1_neurology,TRUE,reported,mmp8_p22894_oid21019_v1_neurology,chr11,102724967,cis
11,102814204,rs1144398,G,T,0.0798617,6.09256259749657e-22,0.00829478,33895,0.284243,mmp8_p22894_oid21019_v1_neurology,TRUE,reported,mmp8_p22894_oid21019_v1_neurology,chr11,102724967,cis
11,102892345,rs11225454,C,G,0.0696302,2.04173794466953e-12,0.00990245,33895,0.169683,mmp8_p22894_oid21019_v1_neurology,TRUE,reported,mmp8_p22894_oid21019_v1_neurology,chr11,102724967,cis
11,103545463,rs117053498,A,G,-0.369061,3.99024902362141e-63,0.0220062,33895,0.0292226,mmp8_p22894_oid21019_v1_neurology,TRUE,reported,mmp8_p22894_oid21019_v1_neurology,chr11,102724967,cis
