chr.exposure,pos.exposure,SNP,effect_allele.exposure,other_allele.exposure,beta.exposure,pval.exposure,se.exposure,samplesize.exposure,eaf.exposure,exposure,mr_keep.exposure,pval_origin.exposure,id.exposure,chr_prot,tss,cis_trans
13,112766523,rs4907759,T,C,-0.0477221,1.38567059181021e-10,0.00743629,33746,0.498566,f7_p08709_oid20372_v1_cardiometabolic,TRUE,reported,f7_p08709_oid20372_v1_cardiometabolic,chr13,113105772,cis
13,112864620,rs9577394,G,A,-0.112731,5.33580561846033e-13,0.0156214,33746,0.936905,f7_p08709_oid20372_v1_cardiometabolic,TRUE,reported,f7_p08709_oid20372_v1_cardiometabolic,chr13,113105772,cis
13,112949591,rs4907474,G,C,0.0775082,2.50968953651595e-08,0.0139088,33746,0.0774563,f7_p08709_oid20372_v1_cardiometabolic,TRUE,reported,f7_p08709_oid20372_v1_cardiometabolic,chr13,113105772,cis
13,113016333,rs9549636,A,G,0.0673331,8.38301030451554e-18,0.00783469,33746,0.337511,f7_p08709_oid20372_v1_cardiometabolic,TRUE,reported,f7_p08709_oid20372_v1_cardiometabolic,chr13,113105772,cis
13,113092944,rs61966411,C,T,-0.378144,1e-200,0.00967962,33746,0.179651,f7_p08709_oid20372_v1_cardiometabolic,TRUE,reported,f7_p08709_oid20372_v1_cardiometabolic,chr13,113105772,cis
13,113121343,rs3093268,C,G,-0.261268,2.85430251378659e-46,0.0182941,33746,0.0430057,f7_p08709_oid20372_v1_cardiometabolic,TRUE,reported,f7_p08709_oid20372_v1_cardiometabolic,chr13,113105772,cis
13,113126704,rs3211727,A,G,0.264149,7.63835783577708e-189,0.0090121,33746,0.226888,f7_p08709_oid20372_v1_cardiometabolic,TRUE,reported,f7_p08709_oid20372_v1_cardiometabolic,chr13,113105772,cis
13,113245133,rs61967871,A,C,-0.215366,6.55239394015984e-24,0.0213587,33746,0.0320279,f7_p08709_oid20372_v1_cardiometabolic,TRUE,reported,f7_p08709_oid20372_v1_cardiometabolic,chr13,113105772,cis
13,113261171,rs3814258,A,G,0.0745272,5.30273592629215e-13,0.0103262,33746,0.15006,f7_p08709_oid20372_v1_cardiometabolic,TRUE,reported,f7_p08709_oid20372_v1_cardiometabolic,chr13,113105772,cis
13,113280506,rs112717370,G,A,-0.0952841,2.90195049873134e-08,0.0171768,33746,0.0488651,f7_p08709_oid20372_v1_cardiometabolic,TRUE,reported,f7_p08709_oid20372_v1_cardiometabolic,chr13,113105772,cis
13,113348720,rs118007472,A,G,-0.138795,5.70177400949435e-09,0.0238263,33746,0.0258006,f7_p08709_oid20372_v1_cardiometabolic,TRUE,reported,f7_p08709_oid20372_v1_cardiometabolic,chr13,113105772,cis
