chr.exposure,pos.exposure,SNP,effect_allele.exposure,other_allele.exposure,beta.exposure,pval.exposure,se.exposure,samplesize.exposure,eaf.exposure,exposure,mr_keep.exposure,pval_origin.exposure,id.exposure,chr_prot,tss,cis_trans
8,6421990,rs1968586,T,C,-0.156687,1.17841971593312e-89,0.00780439,33966,0.355439,angpt2_o15123_oid21463_v1_oncology,TRUE,reported,angpt2_o15123_oid21463_v1_oncology,chr8,6563420,cis
8,6426251,rs2440430,A,G,-0.180156,4.75116376377562e-11,0.0273855,33966,0.981231,angpt2_o15123_oid21463_v1_oncology,TRUE,reported,angpt2_o15123_oid21463_v1_oncology,chr8,6563420,cis
8,6533781,rs2959812,G,A,-0.140484,1.13841340239611e-65,0.008208,33966,0.720229,angpt2_o15123_oid21463_v1_oncology,TRUE,reported,angpt2_o15123_oid21463_v1_oncology,chr8,6563420,cis
8,6623373,rs73184454,A,G,0.0903131,1.97883689911261e-10,0.0141935,33966,0.0738684,angpt2_o15123_oid21463_v1_oncology,TRUE,reported,angpt2_o15123_oid21463_v1_oncology,chr8,6563420,cis
8,6797837,rs966562,A,T,0.0454175,2.83811507171407e-09,0.00764515,33966,0.602859,angpt2_o15123_oid21463_v1_oncology,TRUE,reported,angpt2_o15123_oid21463_v1_oncology,chr8,6563420,cis
