chr.exposure,pos.exposure,SNP,effect_allele.exposure,other_allele.exposure,beta.exposure,pval.exposure,se.exposure,samplesize.exposure,eaf.exposure,exposure,mr_keep.exposure,pval_origin.exposure,id.exposure,chr_prot,tss,cis_trans
6,40679225,rs145536986,A,T,-0.222409,2.22438521625785e-09,0.037189,33687,0.0109112,treml2_q5t2d2_oid21120_v1_neurology,TRUE,reported,treml2_q5t2d2_oid21120_v1_neurology,chr6,41201233,cis
6,40704863,rs55816716,G,C,-0.0673497,1.02967460070383e-12,0.00945063,33687,0.204227,treml2_q5t2d2_oid21120_v1_neurology,TRUE,reported,treml2_q5t2d2_oid21120_v1_neurology,chr6,41201233,cis
6,40911395,rs79389164,T,C,0.17094,1.01227846999511e-20,0.0183122,33687,0.0462821,treml2_q5t2d2_oid21120_v1_neurology,TRUE,reported,treml2_q5t2d2_oid21120_v1_neurology,chr6,41201233,cis
6,41165784,rs6933067,C,T,-0.146092,6.23160618945835e-11,0.0223447,33687,0.0289025,treml2_q5t2d2_oid21120_v1_neurology,TRUE,reported,treml2_q5t2d2_oid21120_v1_neurology,chr6,41201233,cis
6,41197533,rs56302558,A,G,-0.270487,1.20226443461745e-157,0.0101113,33687,0.170876,treml2_q5t2d2_oid21120_v1_neurology,TRUE,reported,treml2_q5t2d2_oid21120_v1_neurology,chr6,41201233,cis
6,41199359,rs11759347,A,C,0.306811,1e-200,0.00880806,33687,0.238371,treml2_q5t2d2_oid21120_v1_neurology,TRUE,reported,treml2_q5t2d2_oid21120_v1_neurology,chr6,41201233,cis
6,41201101,rs62621763,T,C,0.211332,9.79715547280385e-31,0.0183358,33687,0.0444164,treml2_q5t2d2_oid21120_v1_neurology,TRUE,reported,treml2_q5t2d2_oid21120_v1_neurology,chr6,41201233,cis
6,41320217,rs10456503,C,T,0.140948,4.76760207367488e-76,0.00763743,33687,0.401012,treml2_q5t2d2_oid21120_v1_neurology,TRUE,reported,treml2_q5t2d2_oid21120_v1_neurology,chr6,41201233,cis
6,41322966,rs9471553,C,T,-0.101468,2.4671752518516e-26,0.00955656,33687,0.192643,treml2_q5t2d2_oid21120_v1_neurology,TRUE,reported,treml2_q5t2d2_oid21120_v1_neurology,chr6,41201233,cis
6,41380507,rs962228,C,T,-0.064178,2.26620920889567e-17,0.00756882,33687,0.508216,treml2_q5t2d2_oid21120_v1_neurology,TRUE,reported,treml2_q5t2d2_oid21120_v1_neurology,chr6,41201233,cis
