chr.exposure,pos.exposure,SNP,effect_allele.exposure,other_allele.exposure,beta.exposure,pval.exposure,se.exposure,samplesize.exposure,eaf.exposure,exposure,mr_keep.exposure,pval_origin.exposure,id.exposure,chr_prot,tss,cis_trans
1,175381427,rs34818474,C,T,-0.110616,4.67552087123002e-08,0.0202474,33436,0.033045,tnr_q92752_oid20957_v1_neurology,TRUE,reported,tnr_q92752_oid20957_v1_neurology,chr1,175743702,cis
1,175412379,rs859467,C,A,0.116966,5.51670803419146e-09,0.0200601,33436,0.966578,tnr_q92752_oid20957_v1_neurology,TRUE,reported,tnr_q92752_oid20957_v1_neurology,chr1,175743702,cis
1,175416730,rs12036416,T,C,0.0876903,6.29071485547837e-27,0.00816141,33436,0.292044,tnr_q92752_oid20957_v1_neurology,TRUE,reported,tnr_q92752_oid20957_v1_neurology,chr1,175743702,cis
1,175457666,rs74623820,T,G,0.10537,2.21564409631287e-23,0.0105762,33436,0.13478,tnr_q92752_oid20957_v1_neurology,TRUE,reported,tnr_q92752_oid20957_v1_neurology,chr1,175743702,cis
1,175474447,rs76695374,A,G,0.12607,2.73652865419247e-10,0.0199699,33436,0.0339754,tnr_q92752_oid20957_v1_neurology,TRUE,reported,tnr_q92752_oid20957_v1_neurology,chr1,175743702,cis
1,175542395,rs76945696,G,C,0.268281,1.88364908948979e-29,0.0238086,33436,0.0234029,tnr_q92752_oid20957_v1_neurology,TRUE,reported,tnr_q92752_oid20957_v1_neurology,chr1,175743702,cis
1,175595828,rs12093333,C,G,0.178602,2.6290569875871e-46,0.0125008,33436,0.092379,tnr_q92752_oid20957_v1_neurology,TRUE,reported,tnr_q92752_oid20957_v1_neurology,chr1,175743702,cis
1,175599911,rs2235256,G,A,-0.375222,1e-200,0.00735317,33436,0.445646,tnr_q92752_oid20957_v1_neurology,TRUE,reported,tnr_q92752_oid20957_v1_neurology,chr1,175743702,cis
1,175734668,rs148148717,T,C,-0.185442,2.73275061052209e-13,0.0253788,33436,0.0218715,tnr_q92752_oid20957_v1_neurology,TRUE,reported,tnr_q92752_oid20957_v1_neurology,chr1,175743702,cis
1,175755086,rs6694239,C,G,0.0743438,1.15744403209224e-17,0.00868797,33436,0.223247,tnr_q92752_oid20957_v1_neurology,TRUE,reported,tnr_q92752_oid20957_v1_neurology,chr1,175743702,cis
1,175765838,rs2986122,G,A,0.0568988,1.1871347010436e-14,0.00737276,33436,0.539198,tnr_q92752_oid20957_v1_neurology,TRUE,reported,tnr_q92752_oid20957_v1_neurology,chr1,175743702,cis
1,175870241,rs79488639,A,C,-0.0937571,1.01650612537114e-08,0.0163684,33436,0.0550228,tnr_q92752_oid20957_v1_neurology,TRUE,reported,tnr_q92752_oid20957_v1_neurology,chr1,175743702,cis
