chr.exposure,pos.exposure,SNP,effect_allele.exposure,other_allele.exposure,beta.exposure,pval.exposure,se.exposure,samplesize.exposure,eaf.exposure,exposure,mr_keep.exposure,pval_origin.exposure,id.exposure,chr_prot,tss,cis_trans
10,32359241,rs12761365,A,C,0.0664048,2.15824130536886e-16,0.00808538,33870,0.305756,nrp1_o14786_oid20390_v1_cardiometabolic,TRUE,reported,nrp1_o14786_oid20390_v1_cardiometabolic,chr10,33334905,cis
10,32414284,rs11008926,A,G,0.0552598,4.92334194228585e-10,0.00888202,33870,0.224407,nrp1_o14786_oid20390_v1_cardiometabolic,TRUE,reported,nrp1_o14786_oid20390_v1_cardiometabolic,chr10,33334905,cis
10,33100052,rs2750064,G,A,-0.114478,1.9778802779424e-19,0.0126993,33870,0.903141,nrp1_o14786_oid20390_v1_cardiometabolic,TRUE,reported,nrp1_o14786_oid20390_v1_cardiometabolic,chr10,33334905,cis
10,33160458,rs11599046,A,T,-0.0735145,1.67109061431071e-14,0.00958007,33870,0.181281,nrp1_o14786_oid20390_v1_cardiometabolic,TRUE,reported,nrp1_o14786_oid20390_v1_cardiometabolic,chr10,33334905,cis
10,33163101,rs111383576,C,G,-0.31852,4.14762993229923e-47,0.022096,33870,0.0297468,nrp1_o14786_oid20390_v1_cardiometabolic,TRUE,reported,nrp1_o14786_oid20390_v1_cardiometabolic,chr10,33334905,cis
10,33188502,rs2506148,C,G,-0.305767,1e-200,0.00775084,33870,0.343194,nrp1_o14786_oid20390_v1_cardiometabolic,TRUE,reported,nrp1_o14786_oid20390_v1_cardiometabolic,chr10,33334905,cis
10,33330197,rs61758245,G,A,0.201942,4.01975884966871e-28,0.018366,33870,0.0429582,nrp1_o14786_oid20390_v1_cardiometabolic,TRUE,reported,nrp1_o14786_oid20390_v1_cardiometabolic,chr10,33334905,cis
10,33663174,rs17296838,G,A,-0.101146,6.84384239919538e-13,0.0140822,33870,0.0743738,nrp1_o14786_oid20390_v1_cardiometabolic,TRUE,reported,nrp1_o14786_oid20390_v1_cardiometabolic,chr10,33334905,cis
10,33878073,rs2144853,C,G,-0.057083,2.8966765264871e-08,0.0102897,33870,0.149572,nrp1_o14786_oid20390_v1_cardiometabolic,TRUE,reported,nrp1_o14786_oid20390_v1_cardiometabolic,chr10,33334905,cis
