chr.exposure,pos.exposure,SNP,effect_allele.exposure,other_allele.exposure,beta.exposure,pval.exposure,se.exposure,samplesize.exposure,eaf.exposure,exposure,mr_keep.exposure,pval_origin.exposure,id.exposure,chr_prot,tss,cis_trans
5,139899835,rs75066363,A,G,-0.168149,4.67627453689287e-11,0.0255511,32861,0.0236097,cd14_p08571_oid20378_v1_cardiometabolic,TRUE,reported,cd14_p08571_oid20378_v1_cardiometabolic,chr5,140633701,cis
5,139913581,rs4912936,A,G,-0.0530956,7.25838499385209e-09,0.00917841,32861,0.230604,cd14_p08571_oid20378_v1_cardiometabolic,TRUE,reported,cd14_p08571_oid20378_v1_cardiometabolic,chr5,140633701,cis
5,140168079,rs114109002,T,C,0.0844821,3.7824221664025e-10,0.0134896,32861,0.0862617,cd14_p08571_oid20378_v1_cardiometabolic,TRUE,reported,cd14_p08571_oid20378_v1_cardiometabolic,chr5,140633701,cis
5,140325547,rs79062017,G,C,0.150279,4.01513359428829e-15,0.019133,32861,0.0406199,cd14_p08571_oid20378_v1_cardiometabolic,TRUE,reported,cd14_p08571_oid20378_v1_cardiometabolic,chr5,140633701,cis
5,140376353,rs62385186,A,T,0.130039,3.9756669913321e-08,0.0236782,32861,0.0298963,cd14_p08571_oid20378_v1_cardiometabolic,TRUE,reported,cd14_p08571_oid20378_v1_cardiometabolic,chr5,140633701,cis
5,140621119,rs115962749,G,C,0.180664,1.60014743613641e-10,0.0282486,32861,0.0191666,cd14_p08571_oid20378_v1_cardiometabolic,TRUE,reported,cd14_p08571_oid20378_v1_cardiometabolic,chr5,140633701,cis
5,140637206,rs5744442,C,A,0.200747,3.93822024133838e-17,0.0238566,32861,0.0257866,cd14_p08571_oid20378_v1_cardiometabolic,TRUE,reported,cd14_p08571_oid20378_v1_cardiometabolic,chr5,140633701,cis
5,140637262,rs5744441,A,G,-0.321281,1e-200,0.00885394,32861,0.233134,cd14_p08571_oid20378_v1_cardiometabolic,TRUE,reported,cd14_p08571_oid20378_v1_cardiometabolic,chr5,140633701,cis
5,140801608,rs61730634,G,A,0.166673,1.22772189202732e-12,0.0234678,32861,0.026759,cd14_p08571_oid20378_v1_cardiometabolic,TRUE,reported,cd14_p08571_oid20378_v1_cardiometabolic,chr5,140633701,cis
5,141010893,rs76323061,G,A,-0.182355,9.70957006528828e-18,0.0212601,32861,0.0317854,cd14_p08571_oid20378_v1_cardiometabolic,TRUE,reported,cd14_p08571_oid20378_v1_cardiometabolic,chr5,140633701,cis
