chr.exposure,pos.exposure,SNP,effect_allele.exposure,other_allele.exposure,beta.exposure,pval.exposure,se.exposure,samplesize.exposure,eaf.exposure,exposure,mr_keep.exposure,pval_origin.exposure,id.exposure,chr_prot,tss,cis_trans
13,38843623,rs12869876,G,A,0.0735204,2.42114054181128e-10,0.0116111,32377,0.116846,nhlrc3_q5js37_oid30614_v1_inflammation_ii,TRUE,reported,nhlrc3_q5js37_oid30614_v1_inflammation_ii,chr13,39038310,cis
13,38936446,rs117844251,G,A,0.0813345,5.27825053020665e-09,0.0139315,32377,0.0807132,nhlrc3_q5js37_oid30614_v1_inflammation_ii,TRUE,reported,nhlrc3_q5js37_oid30614_v1_inflammation_ii,chr13,39038310,cis
13,39012842,rs41286143,T,G,0.127461,8.73554489405124e-09,0.0221532,32377,0.031498,nhlrc3_q5js37_oid30614_v1_inflammation_ii,TRUE,reported,nhlrc3_q5js37_oid30614_v1_inflammation_ii,chr13,39038310,cis
13,39039050,rs45604133,G,A,-0.151984,2.52813347983411e-48,0.0104047,32377,0.1525,nhlrc3_q5js37_oid30614_v1_inflammation_ii,TRUE,reported,nhlrc3_q5js37_oid30614_v1_inflammation_ii,chr13,39038310,cis
13,39039504,rs41286947,C,A,-0.799475,1.72186857498597e-191,0.0270849,32377,0.0196608,nhlrc3_q5js37_oid30614_v1_inflammation_ii,TRUE,reported,nhlrc3_q5js37_oid30614_v1_inflammation_ii,chr13,39038310,cis
13,39387321,rs1977280,T,C,0.0627162,7.82888655613015e-16,0.00778421,32377,0.620862,nhlrc3_q5js37_oid30614_v1_inflammation_ii,TRUE,reported,nhlrc3_q5js37_oid30614_v1_inflammation_ii,chr13,39038310,cis
13,39875996,rs113455739,T,C,-0.131819,4.48900407869052e-09,0.0224753,32377,0.0291953,nhlrc3_q5js37_oid30614_v1_inflammation_ii,TRUE,reported,nhlrc3_q5js37_oid30614_v1_inflammation_ii,chr13,39038310,cis
