chr.exposure,pos.exposure,SNP,effect_allele.exposure,other_allele.exposure,beta.exposure,pval.exposure,se.exposure,samplesize.exposure,eaf.exposure,exposure,mr_keep.exposure,pval_origin.exposure,id.exposure,chr_prot,tss,cis_trans
18,31212121,rs117772391,G,T,0.150145,2.48210414599528e-08,0.0269342,33687,0.0185678,dsg2_q14126_oid21113_v1_neurology,TRUE,reported,dsg2_q14126_oid21113_v1_neurology,chr18,31498003,cis
18,31233881,rs117956799,G,A,0.142499,2.00207342057778e-08,0.0253927,33687,0.0203788,dsg2_q14126_oid21113_v1_neurology,TRUE,reported,dsg2_q14126_oid21113_v1_neurology,chr18,31498003,cis
18,31513354,rs2848680,G,A,-0.218118,1.09647819614316e-198,0.00725299,33687,0.475905,dsg2_q14126_oid21113_v1_neurology,TRUE,reported,dsg2_q14126_oid21113_v1_neurology,chr18,31498003,cis
18,31518510,rs72938891,T,C,-0.201965,5.46512374519873e-13,0.0279994,33687,0.0173105,dsg2_q14126_oid21113_v1_neurology,TRUE,reported,dsg2_q14126_oid21113_v1_neurology,chr18,31498003,cis
18,31526091,rs147145691,T,C,-0.304287,2.54448561514663e-29,0.0270677,33687,0.0190807,dsg2_q14126_oid21113_v1_neurology,TRUE,reported,dsg2_q14126_oid21113_v1_neurology,chr18,31498003,cis
18,31646127,rs117246633,C,G,-0.137473,2.18685506051766e-09,0.0229761,33687,0.0266949,dsg2_q14126_oid21113_v1_neurology,TRUE,reported,dsg2_q14126_oid21113_v1_neurology,chr18,31498003,cis
18,31659564,rs2595370,A,T,-0.0681264,4.82614093268521e-11,0.0103595,33687,0.13892,dsg2_q14126_oid21113_v1_neurology,TRUE,reported,dsg2_q14126_oid21113_v1_neurology,chr18,31498003,cis
18,31690831,rs117411022,T,G,-0.184347,3.76877317445348e-11,0.027877,33687,0.0183068,dsg2_q14126_oid21113_v1_neurology,TRUE,reported,dsg2_q14126_oid21113_v1_neurology,chr18,31498003,cis
