chr.exposure,pos.exposure,SNP,effect_allele.exposure,other_allele.exposure,beta.exposure,pval.exposure,se.exposure,samplesize.exposure,eaf.exposure,exposure,mr_keep.exposure,pval_origin.exposure,id.exposure,chr_prot,tss,cis_trans
5,147424202,rs115928744,A,C,0.175828,9.84464363980378e-15,0.0227131,33687,0.0298054,spink1_p00995_oid21097_v1_neurology,TRUE,reported,spink1_p00995_oid21097_v1_neurology,chr5,147839231,cis
5,147444094,rs114560605,T,A,-0.227346,4.8039668292968e-17,0.0270927,33687,0.0193911,spink1_p00995_oid21097_v1_neurology,TRUE,reported,spink1_p00995_oid21097_v1_neurology,chr5,147839231,cis
5,147667841,rs143010862,T,C,-0.47329,1.0327614057614e-45,0.03335,33687,0.0130087,spink1_p00995_oid21097_v1_neurology,TRUE,reported,spink1_p00995_oid21097_v1_neurology,chr5,147839231,cis
5,147675972,rs4705190,C,T,0.125288,5.08393512524484e-26,0.0118757,33687,0.110494,spink1_p00995_oid21097_v1_neurology,TRUE,reported,spink1_p00995_oid21097_v1_neurology,chr5,147839231,cis
5,147810071,rs2082391,T,C,-0.388482,1e-200,0.00766658,33687,0.595748,spink1_p00995_oid21097_v1_neurology,TRUE,reported,spink1_p00995_oid21097_v1_neurology,chr5,147839231,cis
5,147857477,rs141117575,T,C,0.710991,5.72005230415934e-72,0.0396311,33687,0.010478,spink1_p00995_oid21097_v1_neurology,TRUE,reported,spink1_p00995_oid21097_v1_neurology,chr5,147839231,cis
5,147910758,rs6884703,C,T,0.0841158,5.60144401928535e-17,0.0100457,33687,0.183064,spink1_p00995_oid21097_v1_neurology,TRUE,reported,spink1_p00995_oid21097_v1_neurology,chr5,147839231,cis
5,147938410,rs77186996,C,G,0.181242,2.73086354512082e-16,0.0221442,33687,0.0328231,spink1_p00995_oid21097_v1_neurology,TRUE,reported,spink1_p00995_oid21097_v1_neurology,chr5,147839231,cis
5,147971283,rs115479520,A,G,-0.31134,1.44743809966615e-17,0.036494,33687,0.0105233,spink1_p00995_oid21097_v1_neurology,TRUE,reported,spink1_p00995_oid21097_v1_neurology,chr5,147839231,cis
5,148039324,rs1154729,A,G,-0.0700766,1.16225119128821e-17,0.00818975,33687,0.296141,spink1_p00995_oid21097_v1_neurology,TRUE,reported,spink1_p00995_oid21097_v1_neurology,chr5,147839231,cis
5,148094813,rs115812194,C,G,-0.230412,3.67028678481097e-11,0.0348221,33687,0.0128409,spink1_p00995_oid21097_v1_neurology,TRUE,reported,spink1_p00995_oid21097_v1_neurology,chr5,147839231,cis
5,148480115,rs80092883,A,T,-0.126651,1.68616472690949e-13,0.017181,33687,0.0496037,spink1_p00995_oid21097_v1_neurology,TRUE,reported,spink1_p00995_oid21097_v1_neurology,chr5,147839231,cis
