chr.exposure,pos.exposure,SNP,effect_allele.exposure,other_allele.exposure,beta.exposure,pval.exposure,se.exposure,samplesize.exposure,eaf.exposure,exposure,mr_keep.exposure,pval_origin.exposure,id.exposure,chr_prot,tss,cis_trans
5,153191258,rs77760770,T,C,0.186824,3.09243087044156e-14,0.0246002,33533,0.0240695,galnt10_q86sr1_oid21371_v1_oncology,TRUE,reported,galnt10_q86sr1_oid21371_v1_oncology,chr5,154190734,cis
5,153294128,rs141892326,C,T,-0.0715184,9.29800980880112e-09,0.012453,33533,0.0983435,galnt10_q86sr1_oid21371_v1_oncology,TRUE,reported,galnt10_q86sr1_oid21371_v1_oncology,chr5,154190734,cis
5,153654515,rs2963945,T,C,0.0630443,6.87859912308808e-16,0.00780963,33533,0.340527,galnt10_q86sr1_oid21371_v1_oncology,TRUE,reported,galnt10_q86sr1_oid21371_v1_oncology,chr5,154190734,cis
5,153734515,rs116076486,C,A,-0.641172,3.72048878720086e-64,0.0379141,33533,0.0101208,galnt10_q86sr1_oid21371_v1_oncology,TRUE,reported,galnt10_q86sr1_oid21371_v1_oncology,chr5,154190734,cis
5,153788735,rs7726352,A,G,-0.109369,1.54525443953841e-45,0.00772198,33533,0.347046,galnt10_q86sr1_oid21371_v1_oncology,TRUE,reported,galnt10_q86sr1_oid21371_v1_oncology,chr5,154190734,cis
5,153978730,rs148030448,C,T,-0.435632,3.25087297385435e-40,0.032817,33533,0.0131879,galnt10_q86sr1_oid21371_v1_oncology,TRUE,reported,galnt10_q86sr1_oid21371_v1_oncology,chr5,154190734,cis
5,154097269,rs146626990,T,C,0.320738,9.26616437493742e-23,0.0326629,33533,0.013729,galnt10_q86sr1_oid21371_v1_oncology,TRUE,reported,galnt10_q86sr1_oid21371_v1_oncology,chr5,154190734,cis
5,154118024,rs1366221,G,T,0.320146,1e-200,0.00798809,33533,0.31204,galnt10_q86sr1_oid21371_v1_oncology,TRUE,reported,galnt10_q86sr1_oid21371_v1_oncology,chr5,154190734,cis
5,154234562,rs150559818,C,A,0.377483,2.18876935743142e-32,0.031859,33533,0.0147963,galnt10_q86sr1_oid21371_v1_oncology,TRUE,reported,galnt10_q86sr1_oid21371_v1_oncology,chr5,154190734,cis
5,154350071,rs153421,G,A,0.131883,3.74541547036103e-61,0.00799352,33533,0.685288,galnt10_q86sr1_oid21371_v1_oncology,TRUE,reported,galnt10_q86sr1_oid21371_v1_oncology,chr5,154190734,cis
5,154410971,rs1465417,C,T,-0.0463564,1.0443354009588e-08,0.00809949,33533,0.686873,galnt10_q86sr1_oid21371_v1_oncology,TRUE,reported,galnt10_q86sr1_oid21371_v1_oncology,chr5,154190734,cis
5,154419605,rs2277937,C,T,-0.176442,7.1285303012651e-105,0.00811282,33533,0.287657,galnt10_q86sr1_oid21371_v1_oncology,TRUE,reported,galnt10_q86sr1_oid21371_v1_oncology,chr5,154190734,cis
