chr.exposure,pos.exposure,SNP,effect_allele.exposure,other_allele.exposure,beta.exposure,pval.exposure,se.exposure,samplesize.exposure,eaf.exposure,exposure,mr_keep.exposure,pval_origin.exposure,id.exposure,chr_prot,tss,cis_trans
19,50976146,rs11084043,T,C,0.043139,8.58084387044929e-09,0.00749379,33966,0.593491,klk14_q9p0g3_oid21407_v1_oncology,TRUE,reported,klk14_q9p0g3_oid21407_v1_oncology,chr19,51084210,cis
19,51013391,rs2691257,T,G,-0.0930744,6.70965206461882e-33,0.00779043,33966,0.342117,klk14_q9p0g3_oid21407_v1_oncology,TRUE,reported,klk14_q9p0g3_oid21407_v1_oncology,chr19,51084210,cis
19,51035305,rs3760739,T,G,-0.130542,2.10377843976648e-63,0.00776629,33966,0.350571,klk14_q9p0g3_oid21407_v1_oncology,TRUE,reported,klk14_q9p0g3_oid21407_v1_oncology,chr19,51084210,cis
19,51046771,rs71358805,A,C,-0.172589,3.62409855899745e-22,0.0178272,33966,0.0493268,klk14_q9p0g3_oid21407_v1_oncology,TRUE,reported,klk14_q9p0g3_oid21407_v1_oncology,chr19,51084210,cis
19,51071215,rs7253169,A,G,0.520497,1e-200,0.0123564,33966,0.103186,klk14_q9p0g3_oid21407_v1_oncology,TRUE,reported,klk14_q9p0g3_oid21407_v1_oncology,chr19,51084210,cis
19,51076377,rs117296079,T,C,0.229693,2.94306598969901e-16,0.0280948,33966,0.0173998,klk14_q9p0g3_oid21407_v1_oncology,TRUE,reported,klk14_q9p0g3_oid21407_v1_oncology,chr19,51084210,cis
19,51083270,rs73596517,A,G,0.24099,8.09654995908196e-26,0.0229381,33966,0.0282994,klk14_q9p0g3_oid21407_v1_oncology,TRUE,reported,klk14_q9p0g3_oid21407_v1_oncology,chr19,51084210,cis
19,51090821,rs34368430,A,G,0.128126,4.61636351540465e-54,0.00827598,33966,0.288712,klk14_q9p0g3_oid21407_v1_oncology,TRUE,reported,klk14_q9p0g3_oid21407_v1_oncology,chr19,51084210,cis
19,51092294,rs34093024,C,T,-0.318805,5.82103217770853e-163,0.011719,33966,0.113305,klk14_q9p0g3_oid21407_v1_oncology,TRUE,reported,klk14_q9p0g3_oid21407_v1_oncology,chr19,51084210,cis
19,51139804,rs2459143,C,A,0.097851,2.37039105715856e-09,0.01639,33966,0.938783,klk14_q9p0g3_oid21407_v1_oncology,TRUE,reported,klk14_q9p0g3_oid21407_v1_oncology,chr19,51084210,cis
19,51169958,rs189796797,C,T,0.44379,9.98159627491729e-40,0.0336452,33966,0.012726,klk14_q9p0g3_oid21407_v1_oncology,TRUE,reported,klk14_q9p0g3_oid21407_v1_oncology,chr19,51084210,cis
19,51322795,rs12462100,T,C,-0.0505674,2.73029767964366e-09,0.00850295,33966,0.250308,klk14_q9p0g3_oid21407_v1_oncology,TRUE,reported,klk14_q9p0g3_oid21407_v1_oncology,chr19,51084210,cis
