chr.exposure,pos.exposure,SNP,effect_allele.exposure,other_allele.exposure,beta.exposure,pval.exposure,se.exposure,samplesize.exposure,eaf.exposure,exposure,mr_keep.exposure,pval_origin.exposure,id.exposure,chr_prot,tss,cis_trans
1,230074329,rs10864677,C,T,-0.0893579,4.33012067738004e-12,0.0129019,33966,0.0906377,galnt2_q10471_oid21423_v1_oncology,TRUE,reported,galnt2_q10471_oid21423_v1_oncology,chr1,230057788,cis
1,230095468,rs74445827,T,A,0.136454,4.7377266515216e-09,0.0233011,33966,0.0275896,galnt2_q10471_oid21423_v1_oncology,TRUE,reported,galnt2_q10471_oid21423_v1_oncology,chr1,230057788,cis
1,230106614,rs115896542,A,G,0.170134,9.42540455578973e-11,0.0262718,33966,0.0192545,galnt2_q10471_oid21423_v1_oncology,TRUE,reported,galnt2_q10471_oid21423_v1_oncology,chr1,230057788,cis
1,230124135,rs116537941,G,A,-0.175627,7.89041780287168e-12,0.0256745,33966,0.0200495,galnt2_q10471_oid21423_v1_oncology,TRUE,reported,galnt2_q10471_oid21423_v1_oncology,chr1,230057788,cis
1,230137681,rs7518206,C,G,0.0766999,5.30029448835795e-09,0.0131393,33966,0.0869678,galnt2_q10471_oid21423_v1_oncology,TRUE,reported,galnt2_q10471_oid21423_v1_oncology,chr1,230057788,cis
1,230158968,rs4846913,A,C,0.292429,1e-200,0.0073989,33966,0.606235,galnt2_q10471_oid21423_v1_oncology,TRUE,reported,galnt2_q10471_oid21423_v1_oncology,chr1,230057788,cis
1,230197347,rs139850698,A,G,0.232488,1.88451674172155e-12,0.0330108,33966,0.0129197,galnt2_q10471_oid21423_v1_oncology,TRUE,reported,galnt2_q10471_oid21423_v1_oncology,chr1,230057788,cis
1,230267180,rs9432145,A,G,0.123186,5.97998369714254e-32,0.0104714,33966,0.858663,galnt2_q10471_oid21423_v1_oncology,TRUE,reported,galnt2_q10471_oid21423_v1_oncology,chr1,230057788,cis
1,230280998,rs1043900,A,G,0.210065,1.66341265037018e-126,0.00877996,33966,0.219947,galnt2_q10471_oid21423_v1_oncology,TRUE,reported,galnt2_q10471_oid21423_v1_oncology,chr1,230057788,cis
1,230300069,rs74143172,T,C,0.1307,5.45255430938291e-14,0.0173789,33966,0.0467482,galnt2_q10471_oid21423_v1_oncology,TRUE,reported,galnt2_q10471_oid21423_v1_oncology,chr1,230057788,cis
1,230316162,rs73119518,T,G,-0.116528,5.25170109640413e-15,0.0148999,33966,0.0633134,galnt2_q10471_oid21423_v1_oncology,TRUE,reported,galnt2_q10471_oid21423_v1_oncology,chr1,230057788,cis
1,230332465,rs881838,A,G,0.159993,4.43884520274102e-09,0.0272702,33966,0.0177236,galnt2_q10471_oid21423_v1_oncology,TRUE,reported,galnt2_q10471_oid21423_v1_oncology,chr1,230057788,cis
