chr.exposure,pos.exposure,SNP,effect_allele.exposure,other_allele.exposure,beta.exposure,pval.exposure,se.exposure,samplesize.exposure,eaf.exposure,exposure,mr_keep.exposure,pval_origin.exposure,id.exposure,chr_prot,tss,cis_trans
20,24197890,rs224151,C,T,0.0534737,8.40620544850771e-12,0.00782759,33043,0.609563,entpd6_o75354_oid20100_v1_cardiometabolic,TRUE,reported,entpd6_o75354_oid20100_v1_cardiometabolic,chr20,25195669,cis
20,24400679,rs6114687,G,A,-0.0713617,7.50585205590235e-18,0.00829121,33043,0.309408,entpd6_o75354_oid20100_v1_cardiometabolic,TRUE,reported,entpd6_o75354_oid20100_v1_cardiometabolic,chr20,25195669,cis
20,24521916,rs35101101,A,T,-0.0929859,1.71474679579013e-30,0.00810169,33043,0.341821,entpd6_o75354_oid20100_v1_cardiometabolic,TRUE,reported,entpd6_o75354_oid20100_v1_cardiometabolic,chr20,25195669,cis
20,24810987,rs73101426,C,A,-0.847633,1e-200,0.0176673,33043,0.0512955,entpd6_o75354_oid20100_v1_cardiometabolic,TRUE,reported,entpd6_o75354_oid20100_v1_cardiometabolic,chr20,25195669,cis
20,24913675,rs62216697,G,A,-0.325848,5.67936786772004e-77,0.0175476,33043,0.0688166,entpd6_o75354_oid20100_v1_cardiometabolic,TRUE,reported,entpd6_o75354_oid20100_v1_cardiometabolic,chr20,25195669,cis
20,24923263,rs6050138,G,A,0.0530183,6.60830379455038e-10,0.0085857,33043,0.373456,entpd6_o75354_oid20100_v1_cardiometabolic,TRUE,reported,entpd6_o75354_oid20100_v1_cardiometabolic,chr20,25195669,cis
20,25458147,rs8115804,T,C,0.235253,1e-200,0.00772598,33043,0.407696,entpd6_o75354_oid20100_v1_cardiometabolic,TRUE,reported,entpd6_o75354_oid20100_v1_cardiometabolic,chr20,25195669,cis
