chr.exposure,pos.exposure,SNP,effect_allele.exposure,other_allele.exposure,beta.exposure,pval.exposure,se.exposure,samplesize.exposure,eaf.exposure,exposure,mr_keep.exposure,pval_origin.exposure,id.exposure,chr_prot,tss,cis_trans
12,51400902,rs117275373,A,G,-0.0633585,1.36423755278953e-08,0.011159,33372,0.121411,acvrl1_p37023_oid20999_v1_neurology,TRUE,reported,acvrl1_p37023_oid20999_v1_neurology,chr12,51906912,cis
12,51609393,rs117723520,T,C,0.150469,7.60326276940182e-21,0.0160672,33372,0.0579163,acvrl1_p37023_oid20999_v1_neurology,TRUE,reported,acvrl1_p37023_oid20999_v1_neurology,chr12,51906912,cis
12,51891659,rs74492597,C,A,0.561081,1e-200,0.0145497,33372,0.0673233,acvrl1_p37023_oid20999_v1_neurology,TRUE,reported,acvrl1_p37023_oid20999_v1_neurology,chr12,51906912,cis
12,51895471,rs113598855,C,T,-0.142054,1.20531344209842e-16,0.0171509,33372,0.0464911,acvrl1_p37023_oid20999_v1_neurology,TRUE,reported,acvrl1_p37023_oid20999_v1_neurology,chr12,51906912,cis
12,51905754,rs73111518,C,A,-0.187494,7.12524824752265e-17,0.022468,33372,0.0276636,acvrl1_p37023_oid20999_v1_neurology,TRUE,reported,acvrl1_p37023_oid20999_v1_neurology,chr12,51906912,cis
12,51914890,rs150466281,A,T,0.164848,5.47393958674598e-38,0.0127939,33372,0.087837,acvrl1_p37023_oid20999_v1_neurology,TRUE,reported,acvrl1_p37023_oid20999_v1_neurology,chr12,51906912,cis
12,51920604,rs2277383,G,T,-0.240388,1.37435839629733e-98,0.0114068,33372,0.112604,acvrl1_p37023_oid20999_v1_neurology,TRUE,reported,acvrl1_p37023_oid20999_v1_neurology,chr12,51906912,cis
12,51944229,rs77122453,G,A,0.438773,1.07522660039273e-40,0.0328491,33372,0.0125278,acvrl1_p37023_oid20999_v1_neurology,TRUE,reported,acvrl1_p37023_oid20999_v1_neurology,chr12,51906912,cis
12,51957071,rs2684333,T,C,0.139261,2.79318692225397e-11,0.0209192,33372,0.968333,acvrl1_p37023_oid20999_v1_neurology,TRUE,reported,acvrl1_p37023_oid20999_v1_neurology,chr12,51906912,cis
12,52086398,rs7313454,A,G,-0.0620616,5.06873982789021e-17,0.00740143,33372,0.503147,acvrl1_p37023_oid20999_v1_neurology,TRUE,reported,acvrl1_p37023_oid20999_v1_neurology,chr12,51906912,cis
