chr.exposure,pos.exposure,SNP,effect_allele.exposure,other_allele.exposure,beta.exposure,pval.exposure,se.exposure,samplesize.exposure,eaf.exposure,exposure,mr_keep.exposure,pval_origin.exposure,id.exposure,chr_prot,tss,cis_trans
17,13911217,rs62053872,G,A,-0.172744,1.14340477092022e-11,0.0254514,33533,0.0304881,hs3st3b1_q9y662_oid21303_v1_oncology,TRUE,reported,hs3st3b1_q9y662_oid21303_v1_oncology,chr17,14301049,cis
17,13930205,rs2108592,A,C,0.32924,1e-200,0.0078555,33533,0.391717,hs3st3b1_q9y662_oid21303_v1_oncology,TRUE,reported,hs3st3b1_q9y662_oid21303_v1_oncology,chr17,14301049,cis
17,13948890,rs116902918,T,C,-0.254536,1.64247965967464e-15,0.0319538,33533,0.0142844,hs3st3b1_q9y662_oid21303_v1_oncology,TRUE,reported,hs3st3b1_q9y662_oid21303_v1_oncology,chr17,14301049,cis
17,13973344,rs78119945,A,G,-0.124525,8.82470101075655e-12,0.0182468,33533,0.0449763,hs3st3b1_q9y662_oid21303_v1_oncology,TRUE,reported,hs3st3b1_q9y662_oid21303_v1_oncology,chr17,14301049,cis
17,13997132,rs9900238,C,T,-0.109135,1.30857916124509e-44,0.00778845,33533,0.38965,hs3st3b1_q9y662_oid21303_v1_oncology,TRUE,reported,hs3st3b1_q9y662_oid21303_v1_oncology,chr17,14301049,cis
17,14303006,rs886863,C,T,-0.183201,3.66353208991475e-89,0.00915073,33533,0.224968,hs3st3b1_q9y662_oid21303_v1_oncology,TRUE,reported,hs3st3b1_q9y662_oid21303_v1_oncology,chr17,14301049,cis
17,14305007,rs16949359,G,T,0.230697,3.07893130974161e-13,0.0316418,33533,0.0153876,hs3st3b1_q9y662_oid21303_v1_oncology,TRUE,reported,hs3st3b1_q9y662_oid21303_v1_oncology,chr17,14301049,cis
17,14331260,rs9893188,A,G,-0.181761,1.14551294144553e-122,0.00771681,33533,0.400054,hs3st3b1_q9y662_oid21303_v1_oncology,TRUE,reported,hs3st3b1_q9y662_oid21303_v1_oncology,chr17,14301049,cis
17,14345059,rs62056073,G,A,-0.468046,1.43912991201642e-84,0.0240194,33533,0.0263374,hs3st3b1_q9y662_oid21303_v1_oncology,TRUE,reported,hs3st3b1_q9y662_oid21303_v1_oncology,chr17,14301049,cis
17,14348054,rs62056074,T,C,-0.210076,1.49451404236646e-12,0.0296926,33533,0.0167483,hs3st3b1_q9y662_oid21303_v1_oncology,TRUE,reported,hs3st3b1_q9y662_oid21303_v1_oncology,chr17,14301049,cis
17,14359292,rs9893635,C,A,-0.0760727,2.67116059884382e-11,0.0114161,33533,0.808815,hs3st3b1_q9y662_oid21303_v1_oncology,TRUE,reported,hs3st3b1_q9y662_oid21303_v1_oncology,chr17,14301049,cis
17,14372024,rs35165134,A,G,-0.259716,7.65596606911257e-42,0.0191637,33533,0.0407971,hs3st3b1_q9y662_oid21303_v1_oncology,TRUE,reported,hs3st3b1_q9y662_oid21303_v1_oncology,chr17,14301049,cis
