chr.exposure,pos.exposure,SNP,effect_allele.exposure,other_allele.exposure,beta.exposure,pval.exposure,se.exposure,samplesize.exposure,eaf.exposure,exposure,mr_keep.exposure,pval_origin.exposure,id.exposure,chr_prot,tss,cis_trans
2,127648067,rs62161993,T,C,0.0975393,1.84178953079765e-10,0.0153027,33966,0.0634681,hs6st1_o60243_oid21441_v1_oncology,TRUE,reported,hs6st1_o60243_oid21441_v1_oncology,chr2,128318597,cis
2,127956783,rs143383318,T,C,-0.217746,1.45673313887525e-09,0.0359965,33966,0.0112903,hs6st1_o60243_oid21441_v1_oncology,TRUE,reported,hs6st1_o60243_oid21441_v1_oncology,chr2,128318597,cis
2,128060884,rs78029512,C,T,-0.158405,2.18574754868694e-15,0.0199745,33966,0.0354178,hs6st1_o60243_oid21441_v1_oncology,TRUE,reported,hs6st1_o60243_oid21441_v1_oncology,chr2,128318597,cis
2,128292780,rs6761320,T,C,-0.209891,4.92039535681459e-172,0.0075067,33966,0.428358,hs6st1_o60243_oid21441_v1_oncology,TRUE,reported,hs6st1_o60243_oid21441_v1_oncology,chr2,128318597,cis
2,128345048,rs62158105,C,T,0.0733396,1.99940143743108e-20,0.00791803,33966,0.668423,hs6st1_o60243_oid21441_v1_oncology,TRUE,reported,hs6st1_o60243_oid21441_v1_oncology,chr2,128318597,cis
2,128383466,rs116730070,A,G,-0.197544,3.01369987434114e-19,0.0220272,33966,0.0298195,hs6st1_o60243_oid21441_v1_oncology,TRUE,reported,hs6st1_o60243_oid21441_v1_oncology,chr2,128318597,cis
2,128392423,rs143866518,G,T,0.177389,4.33012067738006e-22,0.0183575,33966,0.0452452,hs6st1_o60243_oid21441_v1_oncology,TRUE,reported,hs6st1_o60243_oid21441_v1_oncology,chr2,128318597,cis
2,128500276,rs28578469,T,C,-0.0908409,3.59749335155743e-18,0.0104525,33966,0.152986,hs6st1_o60243_oid21441_v1_oncology,TRUE,reported,hs6st1_o60243_oid21441_v1_oncology,chr2,128318597,cis
