chr.exposure,pos.exposure,SNP,effect_allele.exposure,other_allele.exposure,beta.exposure,pval.exposure,se.exposure,samplesize.exposure,eaf.exposure,exposure,mr_keep.exposure,pval_origin.exposure,id.exposure,chr_prot,tss,cis_trans
11,102218330,rs143636785,T,A,0.175314,4.73271115953708e-08,0.0321024,32981,0.0142008,mmp7_p09237_oid20087_v1_cardiometabolic,TRUE,reported,mmp7_p09237_oid20087_v1_cardiometabolic,chr11,102530753,cis
11,102393947,rs74666402,G,C,-0.170283,8.98462592570686e-11,0.0262656,32981,0.0206914,mmp7_p09237_oid20087_v1_cardiometabolic,TRUE,reported,mmp7_p09237_oid20087_v1_cardiometabolic,chr11,102530753,cis
11,102429463,rs139846267,A,G,-0.197959,2.39927484107436e-08,0.0354739,32981,0.0118558,mmp7_p09237_oid20087_v1_cardiometabolic,TRUE,reported,mmp7_p09237_oid20087_v1_cardiometabolic,chr11,102530753,cis
11,102530902,rs11568819,A,G,0.567004,1e-200,0.0152635,32981,0.0610351,mmp7_p09237_oid20087_v1_cardiometabolic,TRUE,reported,mmp7_p09237_oid20087_v1_cardiometabolic,chr11,102530753,cis
11,102544270,rs7946641,A,G,0.151386,1.0977412902737e-92,0.00741343,32981,0.44857,mmp7_p09237_oid20087_v1_cardiometabolic,TRUE,reported,mmp7_p09237_oid20087_v1_cardiometabolic,chr11,102530753,cis
11,102575643,rs11607749,T,C,-0.0751576,1.13972480401975e-20,0.00806223,32981,0.292266,mmp7_p09237_oid20087_v1_cardiometabolic,TRUE,reported,mmp7_p09237_oid20087_v1_cardiometabolic,chr11,102530753,cis
11,102603338,rs1711431,A,T,-0.103632,1.49554677274439e-39,0.00787494,32981,0.684774,mmp7_p09237_oid20087_v1_cardiometabolic,TRUE,reported,mmp7_p09237_oid20087_v1_cardiometabolic,chr11,102530753,cis
11,102765984,rs12419626,T,G,-0.0580219,3.14347492209066e-10,0.00922222,32981,0.19656,mmp7_p09237_oid20087_v1_cardiometabolic,TRUE,reported,mmp7_p09237_oid20087_v1_cardiometabolic,chr11,102530753,cis
11,102956024,rs75133007,A,T,-0.0499924,8.33661988621957e-09,0.00867696,32981,0.708502,mmp7_p09237_oid20087_v1_cardiometabolic,TRUE,reported,mmp7_p09237_oid20087_v1_cardiometabolic,chr11,102530753,cis
11,103151101,rs17301695,G,A,0.188786,8.0630620135473e-18,0.0219553,32981,0.0283648,mmp7_p09237_oid20087_v1_cardiometabolic,TRUE,reported,mmp7_p09237_oid20087_v1_cardiometabolic,chr11,102530753,cis
