chr.exposure,pos.exposure,SNP,effect_allele.exposure,other_allele.exposure,beta.exposure,pval.exposure,se.exposure,samplesize.exposure,eaf.exposure,exposure,mr_keep.exposure,pval_origin.exposure,id.exposure,chr_prot,tss,cis_trans
12,6387215,rs41344049,G,A,0.378473,1.11557815135085e-48,0.0258118,33457,0.0206384,ltbr_p36941_oid20768_v1_inflammation,TRUE,reported,ltbr_p36941_oid20768_v1_inflammation,chr12,6375367,cis
12,6387384,rs41424250,T,C,-0.166632,1.68849585948675e-11,0.024757,33457,0.0239183,ltbr_p36941_oid20768_v1_inflammation,TRUE,reported,ltbr_p36941_oid20768_v1_inflammation,chr12,6375367,cis
12,6389496,rs10849449,G,A,-0.311182,1e-200,0.00776713,33457,0.655042,ltbr_p36941_oid20768_v1_inflammation,TRUE,reported,ltbr_p36941_oid20768_v1_inflammation,chr12,6375367,cis
12,6495165,rs61753197,T,G,-0.148759,1.14815362149688e-12,0.0209182,33457,0.0322205,ltbr_p36941_oid20768_v1_inflammation,TRUE,reported,ltbr_p36941_oid20768_v1_inflammation,chr12,6375367,cis
12,6520195,rs55929848,A,T,0.0513372,2.90261877446237e-08,0.00925459,33457,0.20857,ltbr_p36941_oid20768_v1_inflammation,TRUE,reported,ltbr_p36941_oid20768_v1_inflammation,chr12,6375367,cis
12,6546041,rs141406415,T,C,-0.223885,4.12534239559281e-10,0.0358262,33457,0.0109512,ltbr_p36941_oid20768_v1_inflammation,TRUE,reported,ltbr_p36941_oid20768_v1_inflammation,chr12,6375367,cis
12,6693613,rs118078062,T,A,0.26517,2.22740915322167e-20,0.0286644,33457,0.0168276,ltbr_p36941_oid20768_v1_inflammation,TRUE,reported,ltbr_p36941_oid20768_v1_inflammation,chr12,6375367,cis
