chr.exposure,pos.exposure,SNP,effect_allele.exposure,other_allele.exposure,beta.exposure,pval.exposure,se.exposure,samplesize.exposure,eaf.exposure,exposure,mr_keep.exposure,pval_origin.exposure,id.exposure,chr_prot,tss,cis_trans
10,115881616,rs117220012,G,A,0.102362,1.29816531122463e-09,0.0168702,33906,0.0469976,gfra1_p56159_oid21457_v1_oncology,TRUE,reported,gfra1_p56159_oid21457_v1_oncology,chr10,116273645,cis
10,116066206,rs11599874,C,T,-0.105078,1.25371840068012e-30,0.00913372,33906,0.191411,gfra1_p56159_oid21457_v1_oncology,TRUE,reported,gfra1_p56159_oid21457_v1_oncology,chr10,116273645,cis
10,116089842,rs2072276,C,T,-0.11405,2.93089324525031e-19,0.0127128,33906,0.085855,gfra1_p56159_oid21457_v1_oncology,TRUE,reported,gfra1_p56159_oid21457_v1_oncology,chr10,116273645,cis
10,116186825,rs7904143,G,T,0.0534701,1.0839269140212e-11,0.00786918,33906,0.291681,gfra1_p56159_oid21457_v1_oncology,TRUE,reported,gfra1_p56159_oid21457_v1_oncology,chr10,116273645,cis
10,116233987,rs72837822,A,G,0.13799,1.52545710488633e-14,0.0179549,33906,0.0419736,gfra1_p56159_oid21457_v1_oncology,TRUE,reported,gfra1_p56159_oid21457_v1_oncology,chr10,116273645,cis
10,116242259,rs11197603,C,T,-0.303471,2.00909281260872e-197,0.0101237,33906,0.147994,gfra1_p56159_oid21457_v1_oncology,TRUE,reported,gfra1_p56159_oid21457_v1_oncology,chr10,116273645,cis
10,116271743,rs145892634,G,C,0.176363,1.2761155477645e-10,0.0274282,33906,0.0177978,gfra1_p56159_oid21457_v1_oncology,TRUE,reported,gfra1_p56159_oid21457_v1_oncology,chr10,116273645,cis
10,116389207,rs17094652,T,A,0.0991842,2.01743708561193e-18,0.0113272,33906,0.113144,gfra1_p56159_oid21457_v1_oncology,TRUE,reported,gfra1_p56159_oid21457_v1_oncology,chr10,116273645,cis
