chr.exposure,pos.exposure,SNP,effect_allele.exposure,other_allele.exposure,beta.exposure,pval.exposure,se.exposure,samplesize.exposure,eaf.exposure,exposure,mr_keep.exposure,pval_origin.exposure,id.exposure,chr_prot,tss,cis_trans
10,88287372,rs144959734,T,C,-0.178403,5.42625251329015e-13,0.0247296,33960,0.0218403,fas_p25445_oid20316_v1_cardiometabolic,TRUE,reported,fas_p25445_oid20316_v1_cardiometabolic,chr10,88968428,cis
10,88600679,rs17430401,C,G,-0.0783868,3.62409855899745e-12,0.0112769,33960,0.109114,fas_p25445_oid20316_v1_cardiometabolic,TRUE,reported,fas_p25445_oid20316_v1_cardiometabolic,chr10,88968428,cis
10,88923367,rs1530281,C,T,0.0791361,3.11171633710601e-29,0.00705066,33960,0.491792,fas_p25445_oid20316_v1_cardiometabolic,TRUE,reported,fas_p25445_oid20316_v1_cardiometabolic,chr10,88968428,cis
10,88982309,rs17375284,G,A,-0.0971975,3.40878806010259e-12,0.0139656,33960,0.0706846,fas_p25445_oid20316_v1_cardiometabolic,TRUE,reported,fas_p25445_oid20316_v1_cardiometabolic,chr10,88968428,cis
10,88999045,rs186205233,T,C,-0.4416,5.8519418237808e-61,0.0268095,33960,0.0182498,fas_p25445_oid20316_v1_cardiometabolic,TRUE,reported,fas_p25445_oid20316_v1_cardiometabolic,chr10,88968428,cis
10,89023165,rs10887882,A,T,-0.256654,1e-200,0.00710505,33960,0.584859,fas_p25445_oid20316_v1_cardiometabolic,TRUE,reported,fas_p25445_oid20316_v1_cardiometabolic,chr10,88968428,cis
10,89042403,rs67506473,T,C,0.0603134,1.8543854028468e-15,0.00758591,33960,0.306824,fas_p25445_oid20316_v1_cardiometabolic,TRUE,reported,fas_p25445_oid20316_v1_cardiometabolic,chr10,88968428,cis
10,89160914,rs139300674,T,C,-0.222578,3.20553113870044e-16,0.0272589,33960,0.0175707,fas_p25445_oid20316_v1_cardiometabolic,TRUE,reported,fas_p25445_oid20316_v1_cardiometabolic,chr10,88968428,cis
