chr.exposure,pos.exposure,SNP,effect_allele.exposure,other_allele.exposure,beta.exposure,pval.exposure,se.exposure,samplesize.exposure,eaf.exposure,exposure,mr_keep.exposure,pval_origin.exposure,id.exposure,chr_prot,tss,cis_trans
2,204709914,rs75930877,C,T,-0.108362,5.84372809119555e-09,0.0186151,33687,0.040212,nrp2_o60462_oid21081_v1_neurology,TRUE,reported,nrp2_o60462_oid21081_v1_neurology,chr2,205682499,cis
2,204950350,rs10490277,G,A,-0.070928,6.41948221508035e-11,0.0108559,33687,0.130695,nrp2_o60462_oid21081_v1_neurology,TRUE,reported,nrp2_o60462_oid21081_v1_neurology,chr2,205682499,cis
2,205121597,rs2289023,G,A,-0.202243,1.09144033644875e-120,0.00865767,33687,0.226779,nrp2_o60462_oid21081_v1_neurology,TRUE,reported,nrp2_o60462_oid21081_v1_neurology,chr2,205682499,cis
2,205312144,rs871140,C,T,-0.0492113,2.05352502645715e-11,0.0073426,33687,0.475668,nrp2_o60462_oid21081_v1_neurology,TRUE,reported,nrp2_o60462_oid21081_v1_neurology,chr2,205682499,cis
2,205453391,rs116307949,G,A,0.225607,5.04428945952414e-12,0.0326762,33687,0.0132823,nrp2_o60462_oid21081_v1_neurology,TRUE,reported,nrp2_o60462_oid21081_v1_neurology,chr2,205682499,cis
2,205583838,rs115799626,T,C,0.106927,1.91888964828854e-09,0.0178077,33687,0.0430136,nrp2_o60462_oid21081_v1_neurology,TRUE,reported,nrp2_o60462_oid21081_v1_neurology,chr2,205682499,cis
2,205684192,rs72939353,T,C,0.104855,9.59621567110339e-21,0.0112259,33687,0.123292,nrp2_o60462_oid21081_v1_neurology,TRUE,reported,nrp2_o60462_oid21081_v1_neurology,chr2,205682499,cis
2,205728971,rs115930165,T,C,-0.168359,3.27114654018266e-12,0.0241703,33687,0.0243308,nrp2_o60462_oid21081_v1_neurology,TRUE,reported,nrp2_o60462_oid21081_v1_neurology,chr2,205682499,cis
2,205770145,rs16837641,A,G,0.165271,1.2092051829432e-98,0.0078401,33687,0.327553,nrp2_o60462_oid21081_v1_neurology,TRUE,reported,nrp2_o60462_oid21081_v1_neurology,chr2,205682499,cis
2,205821540,rs80098272,T,C,0.144028,1.85012043477185e-20,0.0155359,33687,0.0602324,nrp2_o60462_oid21081_v1_neurology,TRUE,reported,nrp2_o60462_oid21081_v1_neurology,chr2,205682499,cis
2,205856895,rs17838637,A,T,-0.0441033,1.99126930849852e-08,0.00785768,33687,0.315785,nrp2_o60462_oid21081_v1_neurology,TRUE,reported,nrp2_o60462_oid21081_v1_neurology,chr2,205682499,cis
