chr.exposure,pos.exposure,SNP,effect_allele.exposure,other_allele.exposure,beta.exposure,pval.exposure,se.exposure,samplesize.exposure,eaf.exposure,exposure,mr_keep.exposure,pval_origin.exposure,id.exposure,chr_prot,tss,cis_trans
19,50929978,rs117145941,G,T,0.233168,3.9345946763408e-11,0.0352937,32676,0.0116681,klk8_o60259_oid21517_v1_oncology,TRUE,reported,klk8_o60259_oid21517_v1_oncology,chr19,51001702,cis
19,50940983,rs268910,A,G,-0.132424,4.39298782867973e-08,0.0241901,32676,0.0242265,klk8_o60259_oid21517_v1_oncology,TRUE,reported,klk8_o60259_oid21517_v1_oncology,chr19,51001702,cis
19,50942972,rs2569523,C,G,0.10216,4.35612165546469e-40,0.00770863,32676,0.605069,klk8_o60259_oid21517_v1_oncology,TRUE,reported,klk8_o60259_oid21517_v1_oncology,chr19,51001702,cis
19,50948337,rs268904,G,A,0.0705454,2.81708531676939e-17,0.0083447,32676,0.412345,klk8_o60259_oid21517_v1_oncology,TRUE,reported,klk8_o60259_oid21517_v1_oncology,chr19,51001702,cis
19,50984510,rs12979918,G,A,0.163628,6.82181597938182e-11,0.0250789,32676,0.0239541,klk8_o60259_oid21517_v1_oncology,TRUE,reported,klk8_o60259_oid21517_v1_oncology,chr19,51001702,cis
19,51001159,rs34542531,C,G,-1.07918,1e-200,0.0327237,32676,0.0133032,klk8_o60259_oid21517_v1_oncology,TRUE,reported,klk8_o60259_oid21517_v1_oncology,chr19,51001702,cis
19,51001552,rs74705037,A,G,1.05138,1e-200,0.017783,32676,0.045538,klk8_o60259_oid21517_v1_oncology,TRUE,reported,klk8_o60259_oid21517_v1_oncology,chr19,51001702,cis
19,51005604,rs181163991,C,T,-0.175454,2.28423088859187e-08,0.0313929,32676,0.0172893,klk8_o60259_oid21517_v1_oncology,TRUE,reported,klk8_o60259_oid21517_v1_oncology,chr19,51001702,cis
19,51005902,rs11673588,T,C,-0.395725,5.0559177476622e-99,0.0187357,32676,0.0434665,klk8_o60259_oid21517_v1_oncology,TRUE,reported,klk8_o60259_oid21517_v1_oncology,chr19,51001702,cis
19,51033031,rs3786679,C,T,0.0677483,1.16627240508197e-13,0.00912981,32676,0.218216,klk8_o60259_oid21517_v1_oncology,TRUE,reported,klk8_o60259_oid21517_v1_oncology,chr19,51001702,cis
19,51063616,rs10426620,A,G,-0.0454409,2.59668936948502e-09,0.00763038,32676,0.430764,klk8_o60259_oid21517_v1_oncology,TRUE,reported,klk8_o60259_oid21517_v1_oncology,chr19,51001702,cis
