chr.exposure,pos.exposure,SNP,effect_allele.exposure,other_allele.exposure,beta.exposure,pval.exposure,se.exposure,samplesize.exposure,eaf.exposure,exposure,mr_keep.exposure,pval_origin.exposure,id.exposure,chr_prot,tss,cis_trans
11,6342401,rs147145913,G,A,-0.276536,9.64717151896169e-20,0.0304124,33838,0.0153723,smpd1_p17405_oid21028_v1_neurology,TRUE,reported,smpd1_p17405_oid21028_v1_neurology,chr11,6390413,cis
11,6364822,rs148106490,A,G,0.165605,5.59435471843149e-09,0.0284133,33838,0.0178012,smpd1_p17405_oid21028_v1_neurology,TRUE,reported,smpd1_p17405_oid21028_v1_neurology,chr11,6390413,cis
11,6373363,rs190903453,T,A,0.23376,1.02612436519334e-14,0.0302173,33838,0.0149488,smpd1_p17405_oid21028_v1_neurology,TRUE,reported,smpd1_p17405_oid21028_v1_neurology,chr11,6390413,cis
11,6374460,rs2682086,A,C,0.160238,2.47343214142034e-88,0.00804208,33838,0.71968,smpd1_p17405_oid21028_v1_neurology,TRUE,reported,smpd1_p17405_oid21028_v1_neurology,chr11,6390413,cis
11,6383131,rs61879364,T,C,0.202717,8.82876587165302e-11,0.0312558,33838,0.0136059,smpd1_p17405_oid21028_v1_neurology,TRUE,reported,smpd1_p17405_oid21028_v1_neurology,chr11,6390413,cis
11,6394233,rs1050239,A,G,-0.437682,1e-200,0.00834479,33838,0.243099,smpd1_p17405_oid21028_v1_neurology,TRUE,reported,smpd1_p17405_oid21028_v1_neurology,chr11,6390413,cis
11,6404670,rs74359549,A,G,0.178916,5.536049950434e-11,0.0272914,33838,0.0197842,smpd1_p17405_oid21028_v1_neurology,TRUE,reported,smpd1_p17405_oid21028_v1_neurology,chr11,6390413,cis
11,6406136,rs34271039,T,C,0.215326,5.15110022459507e-15,0.0275241,33838,0.0189604,smpd1_p17405_oid21028_v1_neurology,TRUE,reported,smpd1_p17405_oid21028_v1_neurology,chr11,6390413,cis
11,6416834,rs2634187,T,C,0.0642348,1.90765572399007e-12,0.00912287,33838,0.19578,smpd1_p17405_oid21028_v1_neurology,TRUE,reported,smpd1_p17405_oid21028_v1_neurology,chr11,6390413,cis
11,6438145,rs117801081,T,C,0.195528,2.85036187186089e-12,0.027993,33838,0.018303,smpd1_p17405_oid21028_v1_neurology,TRUE,reported,smpd1_p17405_oid21028_v1_neurology,chr11,6390413,cis
