chr.exposure,pos.exposure,SNP,effect_allele.exposure,other_allele.exposure,beta.exposure,pval.exposure,se.exposure,samplesize.exposure,eaf.exposure,exposure,mr_keep.exposure,pval_origin.exposure,id.exposure,chr_prot,tss,cis_trans
6,30760408,rs112839047,T,C,0.447467,4.20823515424822e-52,0.0294607,33962,0.0174898,ddr1_q08345_oid21009_v1_neurology,TRUE,reported,ddr1_q08345_oid21009_v1_neurology,chr6,30880957,cis
6,30771891,rs143254079,A,G,-0.153816,6.25892863921443e-21,0.0163886,33962,0.0543376,ddr1_q08345_oid21009_v1_neurology,TRUE,reported,ddr1_q08345_oid21009_v1_neurology,chr6,30880957,cis
6,30812065,rs112572402,G,A,-0.220317,2.01140719820091e-15,0.0277455,33962,0.0229145,ddr1_q08345_oid21009_v1_neurology,TRUE,reported,ddr1_q08345_oid21009_v1_neurology,chr6,30880957,cis
6,30829791,rs9262219,C,A,-0.153899,2.78868846315917e-11,0.0231173,33962,0.0263824,ddr1_q08345_oid21009_v1_neurology,TRUE,reported,ddr1_q08345_oid21009_v1_neurology,chr6,30880957,cis
6,30831266,rs3094110,T,C,-0.298683,1e-200,0.00758748,33962,0.594831,ddr1_q08345_oid21009_v1_neurology,TRUE,reported,ddr1_q08345_oid21009_v1_neurology,chr6,30880957,cis
6,30912304,rs115621766,T,A,-0.442309,4.93855619617612e-38,0.0343065,33962,0.0123549,ddr1_q08345_oid21009_v1_neurology,TRUE,reported,ddr1_q08345_oid21009_v1_neurology,chr6,30880957,cis
6,30965975,rs77666805,A,G,0.439699,2.00585714593596e-33,0.0364979,33962,0.0104087,ddr1_q08345_oid21009_v1_neurology,TRUE,reported,ddr1_q08345_oid21009_v1_neurology,chr6,30880957,cis
6,31018783,rs4585609,C,T,0.119128,7.87408321145215e-54,0.00771192,33962,0.34443,ddr1_q08345_oid21009_v1_neurology,TRUE,reported,ddr1_q08345_oid21009_v1_neurology,chr6,30880957,cis
6,31297046,rs9468932,A,G,0.197614,6.73286644859678e-81,0.0103741,33962,0.150491,ddr1_q08345_oid21009_v1_neurology,TRUE,reported,ddr1_q08345_oid21009_v1_neurology,chr6,30880957,cis
6,31308133,rs76884631,T,C,0.12214,1.1191801530423e-13,0.0164477,33962,0.0535347,ddr1_q08345_oid21009_v1_neurology,TRUE,reported,ddr1_q08345_oid21009_v1_neurology,chr6,30880957,cis
