chr.exposure,pos.exposure,SNP,effect_allele.exposure,other_allele.exposure,beta.exposure,pval.exposure,se.exposure,samplesize.exposure,eaf.exposure,exposure,mr_keep.exposure,pval_origin.exposure,id.exposure,chr_prot,tss,cis_trans
11,73293806,rs113689386,G,A,0.468519,1e-200,0.0111301,33687,0.10779,relt_q969z4_oid21142_v1_neurology,TRUE,reported,relt_q969z4_oid21142_v1_neurology,chr11,73376359,cis
11,73302113,rs79404891,A,C,-0.112717,5.29907419094754e-16,0.0139081,33687,0.0659867,relt_q969z4_oid21142_v1_neurology,TRUE,reported,relt_q969z4_oid21142_v1_neurology,chr11,73376359,cis
11,73321180,rs117565679,T,C,-0.0969549,4.55281496375489e-08,0.0177315,33687,0.0375516,relt_q969z4_oid21142_v1_neurology,TRUE,reported,relt_q969z4_oid21142_v1_neurology,chr11,73376359,cis
11,73418847,rs7928848,T,C,0.407371,8.01678063387685e-41,0.0304484,33687,0.0131963,relt_q969z4_oid21142_v1_neurology,TRUE,reported,relt_q969z4_oid21142_v1_neurology,chr11,73376359,cis
11,73486581,rs147351254,G,C,-0.200354,5.34564359396971e-15,0.0256257,33687,0.0201552,relt_q969z4_oid21142_v1_neurology,TRUE,reported,relt_q969z4_oid21142_v1_neurology,chr11,73376359,cis
11,73525722,rs55764809,T,C,-0.196252,1.77582432254734e-29,0.0174084,33687,0.0415176,relt_q969z4_oid21142_v1_neurology,TRUE,reported,relt_q969z4_oid21142_v1_neurology,chr11,73376359,cis
11,73600030,rs78973710,G,A,0.235022,9.70957006528828e-99,0.0111435,33687,0.105392,relt_q969z4_oid21142_v1_neurology,TRUE,reported,relt_q969z4_oid21142_v1_neurology,chr11,73376359,cis
11,73656077,rs11235841,C,T,0.101355,3.10598961990566e-24,0.00997952,33687,0.132639,relt_q969z4_oid21142_v1_neurology,TRUE,reported,relt_q969z4_oid21142_v1_neurology,chr11,73376359,cis
11,73725806,rs74610350,G,A,-0.199568,1.49073346186641e-12,0.028206,33687,0.0146644,relt_q969z4_oid21142_v1_neurology,TRUE,reported,relt_q969z4_oid21142_v1_neurology,chr11,73376359,cis
11,73962035,rs603702,T,C,-0.0554123,6.54470385959396e-10,0.00897115,33687,0.173508,relt_q969z4_oid21142_v1_neurology,TRUE,reported,relt_q969z4_oid21142_v1_neurology,chr11,73376359,cis
11,74037841,rs144276208,T,C,0.17979,1.66149867776665e-15,0.0225744,33687,0.0243877,relt_q969z4_oid21142_v1_neurology,TRUE,reported,relt_q969z4_oid21142_v1_neurology,chr11,73376359,cis
11,74089951,rs79265621,G,A,0.235482,1.15371888082859e-32,0.0197849,33687,0.0304272,relt_q969z4_oid21142_v1_neurology,TRUE,reported,relt_q969z4_oid21142_v1_neurology,chr11,73376359,cis
