chr.exposure,pos.exposure,SNP,effect_allele.exposure,other_allele.exposure,beta.exposure,pval.exposure,se.exposure,samplesize.exposure,eaf.exposure,exposure,mr_keep.exposure,pval_origin.exposure,id.exposure,chr_prot,tss,cis_trans
15,81258775,rs192184439,C,A,0.122432,1.55991164440754e-13,0.0165853,34049,0.0676101,il16_q14005_oid20633_v1_inflammation,TRUE,reported,il16_q14005_oid20633_v1_inflammation,chr15,81196877,cis
15,81282015,rs72746169,T,C,-0.970627,1e-200,0.0251829,34049,0.022909,il16_q14005_oid20633_v1_inflammation,TRUE,reported,il16_q14005_oid20633_v1_inflammation,chr15,81196877,cis
15,81285798,rs4072111,T,C,0.122648,1.08968255945617e-24,0.0119563,34049,0.107801,il16_q14005_oid20633_v1_inflammation,TRUE,reported,il16_q14005_oid20633_v1_inflammation,chr15,81196877,cis
15,81296180,rs79431016,G,C,-0.932762,1e-200,0.0223773,34049,0.0290993,il16_q14005_oid20633_v1_inflammation,TRUE,reported,il16_q14005_oid20633_v1_inflammation,chr15,81196877,cis
15,81308169,rs11632978,T,A,0.181631,6.03809581074432e-55,0.0116341,34049,0.116407,il16_q14005_oid20633_v1_inflammation,TRUE,reported,il16_q14005_oid20633_v1_inflammation,chr15,81196877,cis
15,81311790,rs4778640,G,A,-0.878959,1e-200,0.0206547,34049,0.0339925,il16_q14005_oid20633_v1_inflammation,TRUE,reported,il16_q14005_oid20633_v1_inflammation,chr15,81196877,cis
15,81329966,rs75054140,T,C,0.148653,2.31472818601524e-11,0.0222379,34049,0.0286352,il16_q14005_oid20633_v1_inflammation,TRUE,reported,il16_q14005_oid20633_v1_inflammation,chr15,81196877,cis
15,81370892,rs116977833,T,C,0.153593,3.79891870530689e-08,0.0279263,34049,0.0206176,il16_q14005_oid20633_v1_inflammation,TRUE,reported,il16_q14005_oid20633_v1_inflammation,chr15,81196877,cis
15,81482463,rs11638847,T,A,-0.0662627,1.98609491735737e-16,0.00805829,34049,0.303536,il16_q14005_oid20633_v1_inflammation,TRUE,reported,il16_q14005_oid20633_v1_inflammation,chr15,81196877,cis
15,81634595,rs79463554,T,G,0.102538,2.6054935356535e-10,0.0162228,34049,0.0555637,il16_q14005_oid20633_v1_inflammation,TRUE,reported,il16_q14005_oid20633_v1_inflammation,chr15,81196877,cis
15,81752190,rs16973117,G,A,-0.109543,1.00969452189913e-08,0.0191204,34049,0.0390173,il16_q14005_oid20633_v1_inflammation,TRUE,reported,il16_q14005_oid20633_v1_inflammation,chr15,81196877,cis
