chr.exposure,pos.exposure,SNP,effect_allele.exposure,other_allele.exposure,beta.exposure,pval.exposure,se.exposure,samplesize.exposure,eaf.exposure,exposure,mr_keep.exposure,pval_origin.exposure,id.exposure,chr_prot,tss,cis_trans
1,161352105,rs12745476,T,C,0.0783121,7.28618174513229e-21,0.00835818,32907,0.297451,fcgr2b_p31994_oid21215_v1_oncology,TRUE,reported,fcgr2b_p31994_oid21215_v1_oncology,chr1,161647242,cis
1,161378034,rs144449952,A,T,-0.276752,8.09841447325789e-12,0.0404798,32907,0.0101963,fcgr2b_p31994_oid21215_v1_oncology,TRUE,reported,fcgr2b_p31994_oid21215_v1_oncology,chr1,161647242,cis
1,161422541,rs6702875,A,G,-0.127642,4.81947797625127e-22,0.0132243,32907,0.0920323,fcgr2b_p31994_oid21215_v1_oncology,TRUE,reported,fcgr2b_p31994_oid21215_v1_oncology,chr1,161647242,cis
1,161487847,rs2165090,A,C,-0.349722,1e-200,0.00817518,32907,0.661187,fcgr2b_p31994_oid21215_v1_oncology,TRUE,reported,fcgr2b_p31994_oid21215_v1_oncology,chr1,161647242,cis
1,161514409,rs139121685,C,A,0.233272,1.62929603263972e-22,0.0238944,32907,0.0284756,fcgr2b_p31994_oid21215_v1_oncology,TRUE,reported,fcgr2b_p31994_oid21215_v1_oncology,chr1,161647242,cis
1,161571333,rs188672904,A,G,-0.371767,9.66050878989812e-24,0.0370099,32907,0.0151823,fcgr2b_p31994_oid21215_v1_oncology,TRUE,reported,fcgr2b_p31994_oid21215_v1_oncology,chr1,161647242,cis
1,161654187,rs199909428,A,G,-0.307748,8.07235030248858e-153,0.0116868,32907,0.154222,fcgr2b_p31994_oid21215_v1_oncology,TRUE,reported,fcgr2b_p31994_oid21215_v1_oncology,chr1,161647242,cis
1,161676835,rs72704062,G,C,0.26942,1.44610557365473e-27,0.0247643,32907,0.0255059,fcgr2b_p31994_oid21215_v1_oncology,TRUE,reported,fcgr2b_p31994_oid21215_v1_oncology,chr1,161647242,cis
1,161694744,rs140488153,A,C,-0.294791,4.39642835287889e-23,0.0297933,32907,0.0168927,fcgr2b_p31994_oid21215_v1_oncology,TRUE,reported,fcgr2b_p31994_oid21215_v1_oncology,chr1,161647242,cis
1,161747095,rs35801335,A,G,0.217513,4.75773227541203e-28,0.0198095,32907,0.0396036,fcgr2b_p31994_oid21215_v1_oncology,TRUE,reported,fcgr2b_p31994_oid21215_v1_oncology,chr1,161647242,cis
1,161999846,rs2499834,G,T,0.0767232,4.77089655425648e-10,0.0123221,32907,0.888329,fcgr2b_p31994_oid21215_v1_oncology,TRUE,reported,fcgr2b_p31994_oid21215_v1_oncology,chr1,161647242,cis
1,162005539,rs2499832,G,T,0.0863727,2.45346575183106e-08,0.0154886,32907,0.924034,fcgr2b_p31994_oid21215_v1_oncology,TRUE,reported,fcgr2b_p31994_oid21215_v1_oncology,chr1,161647242,cis
