chr.exposure,pos.exposure,SNP,effect_allele.exposure,other_allele.exposure,beta.exposure,pval.exposure,se.exposure,samplesize.exposure,eaf.exposure,exposure,mr_keep.exposure,pval_origin.exposure,id.exposure,chr_prot,tss,cis_trans
19,14355344,rs11882983,G,A,-0.169256,1.11275614173052e-47,0.0116681,33848,0.884217,adgre2_q9uhx3_oid20755_v1_inflammation,TRUE,reported,adgre2_q9uhx3_oid20755_v1_inflammation,chr19,14778541,cis
19,14372218,rs34184419,G,A,-0.0853104,2.59059784547586e-14,0.0111996,33848,0.130673,adgre2_q9uhx3_oid20755_v1_inflammation,TRUE,reported,adgre2_q9uhx3_oid20755_v1_inflammation,chr19,14778541,cis
19,14375732,rs58881629,G,A,0.218451,1.93999227239097e-47,0.0150993,33848,0.0619534,adgre2_q9uhx3_oid20755_v1_inflammation,TRUE,reported,adgre2_q9uhx3_oid20755_v1_inflammation,chr19,14778541,cis
19,14388804,rs139113505,T,C,0.769189,1.10153930954142e-164,0.0281247,33848,0.0170763,adgre2_q9uhx3_oid20755_v1_inflammation,TRUE,reported,adgre2_q9uhx3_oid20755_v1_inflammation,chr19,14778541,cis
19,14391241,rs149215083,T,C,-0.201563,2.52580605483196e-17,0.0238067,33848,0.0264354,adgre2_q9uhx3_oid20755_v1_inflammation,TRUE,reported,adgre2_q9uhx3_oid20755_v1_inflammation,chr19,14778541,cis
19,14396179,rs7251607,C,A,0.287087,1e-200,0.00842229,33848,0.75291,adgre2_q9uhx3_oid20755_v1_inflammation,TRUE,reported,adgre2_q9uhx3_oid20755_v1_inflammation,chr19,14778541,cis
19,14411725,rs150896709,T,C,-0.171972,1.07745713145637e-11,0.0253058,33848,0.0223048,adgre2_q9uhx3_oid20755_v1_inflammation,TRUE,reported,adgre2_q9uhx3_oid20755_v1_inflammation,chr19,14778541,cis
19,14412066,rs118125020,T,C,-0.153973,4.73118575959256e-10,0.0247236,33848,0.0232598,adgre2_q9uhx3_oid20755_v1_inflammation,TRUE,reported,adgre2_q9uhx3_oid20755_v1_inflammation,chr19,14778541,cis
19,14441706,rs1019474,G,A,-0.0570977,1.72544054887747e-12,0.00809318,33848,0.720885,adgre2_q9uhx3_oid20755_v1_inflammation,TRUE,reported,adgre2_q9uhx3_oid20755_v1_inflammation,chr19,14778541,cis
19,14540861,rs116815519,A,G,0.0573126,3.83495259611486e-10,0.00915448,33848,0.199425,adgre2_q9uhx3_oid20755_v1_inflammation,TRUE,reported,adgre2_q9uhx3_oid20755_v1_inflammation,chr19,14778541,cis
