chr.exposure,pos.exposure,SNP,effect_allele.exposure,other_allele.exposure,beta.exposure,pval.exposure,se.exposure,samplesize.exposure,eaf.exposure,exposure,mr_keep.exposure,pval_origin.exposure,id.exposure,chr_prot,tss,cis_trans
5,136771536,rs6898502,C,T,-0.0419041,2.18102176730404e-08,0.0074869,33436,0.558644,spock1_q08629_oid20924_v1_neurology,TRUE,reported,spock1_q08629_oid20924_v1_neurology,chr5,137499329,cis
5,137277670,rs143294481,A,G,-0.341708,4.05041945136495e-30,0.0299671,33436,0.0163388,spock1_q08629_oid20924_v1_neurology,TRUE,reported,spock1_q08629_oid20924_v1_neurology,chr5,137499329,cis
5,137383299,rs1229739,A,G,0.0540241,1.31204883511898e-09,0.00890618,33436,0.219505,spock1_q08629_oid20924_v1_neurology,TRUE,reported,spock1_q08629_oid20924_v1_neurology,chr5,137499329,cis
5,137476597,rs71589366,A,G,-0.251687,8.8470809287053e-23,0.0256187,33436,0.0214066,spock1_q08629_oid20924_v1_neurology,TRUE,reported,spock1_q08629_oid20924_v1_neurology,chr5,137499329,cis
5,137559375,rs4835737,G,A,-0.131286,4.49262324670297e-66,0.00764647,33436,0.365144,spock1_q08629_oid20924_v1_neurology,TRUE,reported,spock1_q08629_oid20924_v1_neurology,chr5,137499329,cis
