chr.exposure,pos.exposure,SNP,effect_allele.exposure,other_allele.exposure,beta.exposure,pval.exposure,se.exposure,samplesize.exposure,eaf.exposure,exposure,mr_keep.exposure,pval_origin.exposure,id.exposure,chr_prot,tss,cis_trans
17,74340515,rs73995240,C,T,0.177041,4.18369484539313e-08,0.0322895,33840,0.0139767,cd300e_q496f6_oid21418_v1_oncology,TRUE,reported,cd300e_q496f6_oid21418_v1_oncology,chr17,74623958,cis
17,74383585,rs8072256,C,T,0.0697996,3.81074597859636e-10,0.0111473,33840,0.14555,cd300e_q496f6_oid21418_v1_oncology,TRUE,reported,cd300e_q496f6_oid21418_v1_oncology,chr17,74623958,cis
17,74429360,rs11654234,G,A,-0.156408,1.93820629607496e-30,0.0136402,33840,0.922709,cd300e_q496f6_oid21418_v1_oncology,TRUE,reported,cd300e_q496f6_oid21418_v1_oncology,chr17,74623958,cis
17,74495540,rs2955618,T,C,0.0761222,3.70339469397536e-23,0.00768006,33840,0.419356,cd300e_q496f6_oid21418_v1_oncology,TRUE,reported,cd300e_q496f6_oid21418_v1_oncology,chr17,74623958,cis
17,74509555,rs72852225,G,A,-0.18615,5.60789663374509e-11,0.0284032,33840,0.0174221,cd300e_q496f6_oid21418_v1_oncology,TRUE,reported,cd300e_q496f6_oid21418_v1_oncology,chr17,74623958,cis
17,74550581,rs137966855,T,C,-0.33945,4.19275996684604e-21,0.0360058,33840,0.0114849,cd300e_q496f6_oid21418_v1_oncology,TRUE,reported,cd300e_q496f6_oid21418_v1_oncology,chr17,74623958,cis
17,74574543,rs2655606,G,A,-0.303147,1e-200,0.00769914,33840,0.664473,cd300e_q496f6_oid21418_v1_oncology,TRUE,reported,cd300e_q496f6_oid21418_v1_oncology,chr17,74623958,cis
17,74618472,rs8081669,A,G,-0.225501,1e-200,0.00733325,33840,0.441898,cd300e_q496f6_oid21418_v1_oncology,TRUE,reported,cd300e_q496f6_oid21418_v1_oncology,chr17,74623958,cis
17,74647638,rs138496497,A,G,0.319267,8.1827635134818e-17,0.0383339,33840,0.0105212,cd300e_q496f6_oid21418_v1_oncology,TRUE,reported,cd300e_q496f6_oid21418_v1_oncology,chr17,74623958,cis
17,74659564,rs139611609,C,T,-0.173397,4.23252956091983e-13,0.0239238,33840,0.0245405,cd300e_q496f6_oid21418_v1_oncology,TRUE,reported,cd300e_q496f6_oid21418_v1_oncology,chr17,74623958,cis
17,74736438,rs72851704,C,G,-0.137238,1.23680149063225e-23,0.0136955,33840,0.0788335,cd300e_q496f6_oid21418_v1_oncology,TRUE,reported,cd300e_q496f6_oid21418_v1_oncology,chr17,74623958,cis
17,74768744,rs147325643,G,A,0.17015,1.03418920443319e-08,0.0297205,33840,0.0173253,cd300e_q496f6_oid21418_v1_oncology,TRUE,reported,cd300e_q496f6_oid21418_v1_oncology,chr17,74623958,cis
