chr.exposure,pos.exposure,SNP,effect_allele.exposure,other_allele.exposure,beta.exposure,pval.exposure,se.exposure,samplesize.exposure,eaf.exposure,exposure,mr_keep.exposure,pval_origin.exposure,id.exposure,chr_prot,tss,cis_trans
3,11902058,rs149466661,G,C,0.213063,1.71711744324445e-11,0.0316669,33687,0.0138876,timp4_q99727_oid21147_v1_neurology,TRUE,reported,timp4_q99727_oid21147_v1_neurology,chr3,12159351,cis
3,11905990,rs146969803,A,C,0.192991,1.34183773225337e-15,0.0241519,33687,0.0240881,timp4_q99727_oid21147_v1_neurology,TRUE,reported,timp4_q99727_oid21147_v1_neurology,chr3,12159351,cis
3,11950521,rs7641734,C,T,-0.20433,3.06125847171977e-15,0.0259027,33687,0.0194437,timp4_q99727_oid21147_v1_neurology,TRUE,reported,timp4_q99727_oid21147_v1_neurology,chr3,12159351,cis
3,11968858,rs305488,G,A,0.134701,3.08389796225069e-38,0.0104185,33687,0.146627,timp4_q99727_oid21147_v1_neurology,TRUE,reported,timp4_q99727_oid21147_v1_neurology,chr3,12159351,cis
3,11987705,rs2600261,T,C,0.358167,1e-200,0.00864316,33687,0.777292,timp4_q99727_oid21147_v1_neurology,TRUE,reported,timp4_q99727_oid21147_v1_neurology,chr3,12159351,cis
3,12008121,rs111458568,G,T,0.205387,5.13381246363036e-09,0.0351523,33687,0.0109098,timp4_q99727_oid21147_v1_neurology,TRUE,reported,timp4_q99727_oid21147_v1_neurology,chr3,12159351,cis
3,12274853,rs143888770,T,C,-0.259685,7.2710980315966e-30,0.0228763,33687,0.0257389,timp4_q99727_oid21147_v1_neurology,TRUE,reported,timp4_q99727_oid21147_v1_neurology,chr3,12159351,cis
3,12287953,rs17029006,T,C,0.186951,1.14551294144553e-117,0.00810687,33687,0.278733,timp4_q99727_oid21147_v1_neurology,TRUE,reported,timp4_q99727_oid21147_v1_neurology,chr3,12159351,cis
3,12446113,rs1152008,G,T,0.091726,7.81088061671053e-36,0.00734019,33687,0.39161,timp4_q99727_oid21147_v1_neurology,TRUE,reported,timp4_q99727_oid21147_v1_neurology,chr3,12159351,cis
3,12557101,rs56316314,G,A,-0.139836,3.98474009717776e-12,0.020156,33687,0.0330941,timp4_q99727_oid21147_v1_neurology,TRUE,reported,timp4_q99727_oid21147_v1_neurology,chr3,12159351,cis
3,12701473,rs192601253,C,T,0.175748,3.17299947322704e-10,0.0279406,33687,0.0182781,timp4_q99727_oid21147_v1_neurology,TRUE,reported,timp4_q99727_oid21147_v1_neurology,chr3,12159351,cis
3,12811047,rs11721082,G,A,-0.431777,1.08168298933794e-63,0.0256275,33687,0.0203918,timp4_q99727_oid21147_v1_neurology,TRUE,reported,timp4_q99727_oid21147_v1_neurology,chr3,12159351,cis
