chr.exposure,pos.exposure,SNP,effect_allele.exposure,other_allele.exposure,beta.exposure,pval.exposure,se.exposure,samplesize.exposure,eaf.exposure,exposure,mr_keep.exposure,pval_origin.exposure,id.exposure,chr_prot,tss,cis_trans
3,58312228,rs1427,T,G,-0.127777,2.29456307251928e-16,0.015572,33796,0.0479866,fam3d_q96bq1_oid31514_v1_oncology_ii,TRUE,reported,fam3d_q96bq1_oid31514_v1_oncology_ii,chr3,58666843,cis
3,58565837,rs7614260,A,G,-0.115882,5.33089342236702e-12,0.0168031,33796,0.0392054,fam3d_q96bq1_oid31514_v1_oncology_ii,TRUE,reported,fam3d_q96bq1_oid31514_v1_oncology_ii,chr3,58666843,cis
3,58586898,rs80312641,A,G,0.0650954,4.25598413133743e-14,0.00861856,33796,0.167443,fam3d_q96bq1_oid31514_v1_oncology_ii,TRUE,reported,fam3d_q96bq1_oid31514_v1_oncology_ii,chr3,58666843,cis
3,58624605,rs77979047,T,G,0.131679,2.74094297381807e-19,0.0146658,33796,0.0530656,fam3d_q96bq1_oid31514_v1_oncology_ii,TRUE,reported,fam3d_q96bq1_oid31514_v1_oncology_ii,chr3,58666843,cis
3,58628769,rs78835716,T,C,0.154388,4.03078839946924e-08,0.0281242,33796,0.0147588,fam3d_q96bq1_oid31514_v1_oncology_ii,TRUE,reported,fam3d_q96bq1_oid31514_v1_oncology_ii,chr3,58666843,cis
3,58630443,rs9862196,C,T,-0.0470748,1.16222442977364e-09,0.00773574,33796,0.228513,fam3d_q96bq1_oid31514_v1_oncology_ii,TRUE,reported,fam3d_q96bq1_oid31514_v1_oncology_ii,chr3,58666843,cis
3,58653738,rs35045921,G,T,0.260058,8.50550295897088e-33,0.0218032,33796,0.02333,fam3d_q96bq1_oid31514_v1_oncology_ii,TRUE,reported,fam3d_q96bq1_oid31514_v1_oncology_ii,chr3,58666843,cis
3,58656725,rs17059602,G,A,-0.490144,1e-200,0.0109519,33796,0.0963796,fam3d_q96bq1_oid31514_v1_oncology_ii,TRUE,reported,fam3d_q96bq1_oid31514_v1_oncology_ii,chr3,58666843,cis
3,58708811,rs73088293,G,C,0.121847,1.22388327509626e-09,0.0200503,33796,0.0283713,fam3d_q96bq1_oid31514_v1_oncology_ii,TRUE,reported,fam3d_q96bq1_oid31514_v1_oncology_ii,chr3,58666843,cis
3,58813398,rs79567152,A,C,0.108183,1.74546039903962e-08,0.0191968,33796,0.0293382,fam3d_q96bq1_oid31514_v1_oncology_ii,TRUE,reported,fam3d_q96bq1_oid31514_v1_oncology_ii,chr3,58666843,cis
3,59314439,rs34328347,C,A,-0.10531,1.75582003383656e-09,0.0174965,33796,0.0350929,fam3d_q96bq1_oid31514_v1_oncology_ii,TRUE,reported,fam3d_q96bq1_oid31514_v1_oncology_ii,chr3,58666843,cis
3,59362154,rs75423863,C,T,0.0661569,4.46632168762159e-08,0.0120915,33796,0.0758966,fam3d_q96bq1_oid31514_v1_oncology_ii,TRUE,reported,fam3d_q96bq1_oid31514_v1_oncology_ii,chr3,58666843,cis
