chr.exposure,pos.exposure,SNP,effect_allele.exposure,other_allele.exposure,beta.exposure,pval.exposure,se.exposure,samplesize.exposure,eaf.exposure,exposure,mr_keep.exposure,pval_origin.exposure,id.exposure,chr_prot,tss,cis_trans
3,187219780,rs17040,G,A,0.0771957,3.90840895792401e-26,0.00730011,33375,0.564884,masp1_p48740_oid20954_v1_neurology,TRUE,reported,masp1_p48740_oid20954_v1_neurology,chr3,187293529,cis
3,187228634,rs4315676,T,C,-0.122248,3.15355202455071e-12,0.0175375,33375,0.0452225,masp1_p48740_oid20954_v1_neurology,TRUE,reported,masp1_p48740_oid20954_v1_neurology,chr3,187293529,cis
3,187246512,rs698090,T,C,0.213134,8.87156012037976e-171,0.00765103,33375,0.644283,masp1_p48740_oid20954_v1_neurology,TRUE,reported,masp1_p48740_oid20954_v1_neurology,chr3,187293529,cis
3,187302412,rs850303,A,C,0.0822844,1.44710485309492e-18,0.00935719,33375,0.193847,masp1_p48740_oid20954_v1_neurology,TRUE,reported,masp1_p48740_oid20954_v1_neurology,chr3,187293529,cis
3,187304921,rs80110228,A,G,0.209574,5.19995996533515e-16,0.0258519,33375,0.0201199,masp1_p48740_oid20954_v1_neurology,TRUE,reported,masp1_p48740_oid20954_v1_neurology,chr3,187293529,cis
3,187371135,rs35224605,A,G,-0.133505,6.82747313599436e-10,0.0216377,33375,0.0293783,masp1_p48740_oid20954_v1_neurology,TRUE,reported,masp1_p48740_oid20954_v1_neurology,chr3,187293529,cis
