chr.exposure,pos.exposure,SNP,effect_allele.exposure,other_allele.exposure,beta.exposure,pval.exposure,se.exposure,samplesize.exposure,eaf.exposure,exposure,mr_keep.exposure,pval_origin.exposure,id.exposure,chr_prot,tss,cis_trans
19,32343143,rs79319957,G,A,0.118299,9.55212506508996e-11,0.0182734,33962,0.0441005,pdcd5_o14737_oid21021_v1_neurology,TRUE,reported,pdcd5_o14737_oid21021_v1_neurology,chr19,32581187,cis
19,32417216,rs12978929,A,T,0.189015,2.81254836904022e-14,0.0248486,33962,0.022895,pdcd5_o14737_oid21021_v1_neurology,TRUE,reported,pdcd5_o14737_oid21021_v1_neurology,chr19,32581187,cis
19,32446540,rs117432447,C,G,-0.197037,1.82347578316094e-17,0.0231684,33962,0.0280988,pdcd5_o14737_oid21021_v1_neurology,TRUE,reported,pdcd5_o14737_oid21021_v1_neurology,chr19,32581187,cis
19,32513637,rs55872377,T,C,-0.109621,2.3993853343082e-13,0.0149665,33962,0.066,pdcd5_o14737_oid21021_v1_neurology,TRUE,reported,pdcd5_o14737_oid21021_v1_neurology,chr19,32581187,cis
19,32563447,rs6510260,A,G,0.356383,1.24308263584461e-46,0.0248536,33962,0.976737,pdcd5_o14737_oid21021_v1_neurology,TRUE,reported,pdcd5_o14737_oid21021_v1_neurology,chr19,32581187,cis
19,32576461,rs6510263,G,A,0.325885,1e-200,0.00837991,33962,0.271151,pdcd5_o14737_oid21021_v1_neurology,TRUE,reported,pdcd5_o14737_oid21021_v1_neurology,chr19,32581187,cis
19,32576865,rs7249579,T,C,0.217586,6.66499764044258e-18,0.0252404,33962,0.0226486,pdcd5_o14737_oid21021_v1_neurology,TRUE,reported,pdcd5_o14737_oid21021_v1_neurology,chr19,32581187,cis
19,32596526,rs149807477,T,C,-0.242757,6.67574900964307e-17,0.0290636,33962,0.0192432,pdcd5_o14737_oid21021_v1_neurology,TRUE,reported,pdcd5_o14737_oid21021_v1_neurology,chr19,32581187,cis
19,32677699,rs10411566,A,G,-0.28741,4.82836396455156e-47,0.0199524,33962,0.0368246,pdcd5_o14737_oid21021_v1_neurology,TRUE,reported,pdcd5_o14737_oid21021_v1_neurology,chr19,32581187,cis
19,32703632,rs7249198,A,G,-0.184391,2.64240875732193e-114,0.00811466,33962,0.300606,pdcd5_o14737_oid21021_v1_neurology,TRUE,reported,pdcd5_o14737_oid21021_v1_neurology,chr19,32581187,cis
19,32838194,rs149248211,T,C,-0.237317,1.21618600064637e-18,0.0269274,33962,0.0212013,pdcd5_o14737_oid21021_v1_neurology,TRUE,reported,pdcd5_o14737_oid21021_v1_neurology,chr19,32581187,cis
19,32993196,rs150985471,T,C,-0.155484,8.94128627502953e-12,0.0227896,33962,0.0277196,pdcd5_o14737_oid21021_v1_neurology,TRUE,reported,pdcd5_o14737_oid21021_v1_neurology,chr19,32581187,cis
