chr.exposure,pos.exposure,SNP,effect_allele.exposure,other_allele.exposure,beta.exposure,pval.exposure,se.exposure,samplesize.exposure,eaf.exposure,exposure,mr_keep.exposure,pval_origin.exposure,id.exposure,chr_prot,tss,cis_trans
15,63017720,rs12593573,A,G,-0.0861847,5.77165017190229e-18,0.00997857,33533,0.170474,ca12_o43570_oid21344_v1_oncology,TRUE,reported,ca12_o43570_oid21344_v1_oncology,chr15,63382166,cis
15,63120920,rs62011183,G,A,-0.104442,6.74994136121949e-26,0.00992487,33533,0.236354,ca12_o43570_oid21344_v1_oncology,TRUE,reported,ca12_o43570_oid21344_v1_oncology,chr15,63382166,cis
15,63250093,rs36120045,A,G,0.186452,9.95038763987643e-09,0.0325308,33533,0.0146506,ca12_o43570_oid21344_v1_oncology,TRUE,reported,ca12_o43570_oid21344_v1_oncology,chr15,63382166,cis
15,63313755,rs12708477,C,A,0.191636,8.31763771102674e-102,0.0089457,33533,0.772238,ca12_o43570_oid21344_v1_oncology,TRUE,reported,ca12_o43570_oid21344_v1_oncology,chr15,63382166,cis
15,63318173,rs12592957,T,G,0.378743,3.10455958812839e-66,0.0220316,33533,0.029485,ca12_o43570_oid21344_v1_oncology,TRUE,reported,ca12_o43570_oid21344_v1_oncology,chr15,63382166,cis
15,63342212,rs113312684,T,C,0.441216,5.94155333542211e-37,0.0347424,33533,0.0120019,ca12_o43570_oid21344_v1_oncology,TRUE,reported,ca12_o43570_oid21344_v1_oncology,chr15,63382166,cis
15,63381972,rs12916532,C,T,-0.294043,1e-200,0.00840932,33533,0.274115,ca12_o43570_oid21344_v1_oncology,TRUE,reported,ca12_o43570_oid21344_v1_oncology,chr15,63382166,cis
15,63390906,rs150403198,G,A,0.414543,1.5999263828686e-22,0.0424544,33533,0.0104944,ca12_o43570_oid21344_v1_oncology,TRUE,reported,ca12_o43570_oid21344_v1_oncology,chr15,63382166,cis
15,63521710,rs139579825,G,A,-0.26447,5.56160319597593e-28,0.0241171,33533,0.0260554,ca12_o43570_oid21344_v1_oncology,TRUE,reported,ca12_o43570_oid21344_v1_oncology,chr15,63382166,cis
15,63986132,rs72752989,C,T,-0.15431,6.87701544944207e-19,0.0173834,33533,0.0494235,ca12_o43570_oid21344_v1_oncology,TRUE,reported,ca12_o43570_oid21344_v1_oncology,chr15,63382166,cis
15,64022640,rs4776749,G,A,-0.0814666,5.63637655825954e-13,0.0113007,33533,0.12571,ca12_o43570_oid21344_v1_oncology,TRUE,reported,ca12_o43570_oid21344_v1_oncology,chr15,63382166,cis
